forehead width (cm),jaw width (cm),face length (cm),face width (cm),face shape,best hairstyle
13.702251831407299,12.724585517615884,17.306009073393636,14.490912966525228,Square,Soft Curls
13.664631576696275,13.35963530928392,18.084700340370908,13.225751735802623,Diamond,Tousled Waves
14.718267753418562,11.072230197802048,18.924932167641526,13.756551110105196,Heart,Chin-Length Bob
14.19471569440841,10.229002331922645,18.44751247556778,13.390787624909768,Oval,Side Swept Bangs
14.674758267875717,13.282522235210484,18.614628060176305,13.971958029876783,Oblong,Curtain Bangs
14.227641299968374,13.509272777614202,18.67867704617001,13.388239249066093,Oblong,Curtain Bangs
14.337292985462689,12.47426335742379,20.040309907164374,13.74272567423292,Oblong,Curtain Bangs
13.314043081600774,12.7916731126986,18.39320471144918,13.893291809857981,Diamond,Tousled Waves
14.66569132827088,10.55020990371004,18.79943646590458,14.069022961676612,Oval,Side Swept Bangs
14.74243769276129,10.958904993947387,18.50681144517618,14.275281413001007,Heart,Chin-Length Bob
15.527180777841862,12.772544794650186,19.120413892072836,12.453718125912012,Oblong,Curtain Bangs
13.670451778797858,12.997291895542375,19.167905293043592,13.472299826286136,Diamond,Tousled Waves
13.709307129217283,11.263242836926237,16.807906297930803,13.844092486302694,Heart,Chin-Length Bob
12.761840173070379,13.50957766315454,15.966153054168515,13.86030302426002,Round,Long Straight
14.89529345801857,13.350354554777418,18.546189966329127,13.237536899933529,Oblong,Curtain Bangs
14.214535343046492,13.393951837519682,18.284936841379036,13.475931934043807,Oblong,Curtain Bangs
12.434112217863746,13.17466914030008,16.74073766274291,14.341432703743065,Round,Long Straight
13.991732600232211,13.242737925939368,17.012297742408382,14.1267327219231,Square,Soft Curls
13.944218998952914,13.677594596783193,17.270825064361127,14.380197870426441,Square,Soft Curls
13.555077003253974,13.450287526760032,18.03608820806549,13.30361523150104,Round,Long Straight
13.555293958606665,10.78703141064633,18.10350952042376,13.359129438532305,Oval,Side Swept Bangs
13.879813653314201,13.108800211019346,19.82401776253897,13.556022808403574,Oblong,Curtain Bangs
14.262461648446582,12.77464490842819,16.417715142612458,12.589509269009545,Round,Long Straight
13.603015070830716,14.485718112270282,17.782475750246828,13.912648456842735,Square,Soft Curls
13.970740682830723,13.619840189577461,17.62238939066977,14.415714561282844,Square,Soft Curls
13.742853870077024,11.668880569415206,18.287897257073688,13.278781778675663,Heart,Chin-Length Bob
14.179660367699196,14.926957819029683,16.927827927899518,14.220336169297878,Round,Long Straight
13.636337664578509,14.077689802593168,17.75341349417695,14.124777467851661,Square,Soft Curls
13.973871266995337,10.556124068303241,19.360904744277022,13.667475546902185,Oval,Side Swept Bangs
14.6099031052972,13.117672157333038,19.383563216359583,13.356193988471787,Oblong,Curtain Bangs
14.008470507633861,10.600990906537195,17.91964137146602,13.23261718730689,Oval,Side Swept Bangs
14.286286559774597,13.325670103290099,18.377127087539773,13.652278574466719,Oblong,Curtain Bangs
14.446565469323955,12.935579640234987,18.196327510988006,13.194082193685711,Oblong,Curtain Bangs
13.29576091821433,13.24271976207743,18.043837112251314,12.869711972389752,Diamond,Tousled Waves
13.317361498144624,13.087315355825462,18.53385044083839,13.509650056847615,Diamond,Tousled Waves
15.250731813789159,10.505346194734624,18.480653713362628,13.371262267144841,Heart,Chin-Length Bob
14.261109005979526,13.535697077048038,17.533981737359017,13.826467323316756,Round,Long Straight
13.746848614465142,13.762980436214484,18.93545684700828,13.334138408503577,Oblong,Curtain Bangs
15.107877623985688,10.060762541633853,18.851856292181594,13.249900899564809,Oval,Side Swept Bangs
13.919409631183516,14.020350676420518,16.748094155122413,13.628697571301007,Square,Soft Curls
14.772865797109604,13.554960355215645,18.961844049958703,13.3423801947732,Oblong,Curtain Bangs
13.84368872914069,14.696127572620508,17.414652722210143,14.143628470960287,Square,Soft Curls
14.68698672751666,12.907298070827412,19.80338753092817,12.664544921961282,Oblong,Curtain Bangs
14.074170082800977,13.062430261496543,18.10303424654255,12.927117507635426,Diamond,Tousled Waves
13.587320251725208,12.966135678192824,16.68256723538307,13.952624883669426,Round,Long Straight
14.968564210193545,10.556620735146106,18.682812166929768,13.046598229794858,Oval,Side Swept Bangs
13.368961235031007,14.410139274250385,16.620409614390503,14.85750432861303,Round,Long Straight
13.867600738720643,13.983522709663353,18.06626269967658,14.673523700310698,Square,Soft Curls
14.431047115478696,10.318265466177005,18.469257920504525,13.62297379702578,Oval,Side Swept Bangs
14.580298384057993,13.211593015597012,19.315565206889392,13.875616792122889,Oblong,Curtain Bangs
13.606006612002679,13.316389007728704,17.47565169495552,12.565068766597031,Diamond,Tousled Waves
14.660178763913759,11.461317561684531,17.551334030549885,13.598050302126994,Heart,Chin-Length Bob
13.440350388268755,13.61925920543498,18.264676202139317,13.48583495445574,Diamond,Tousled Waves
13.834346759574006,13.120153843016697,18.48118839222219,13.617567180400867,Diamond,Tousled Waves
14.159918271940075,10.507243225649741,18.50963684671403,13.68001700202851,Oval,Side Swept Bangs
13.362253160725011,12.519247510989786,18.009593802126844,14.238917951439333,Diamond,Tousled Waves
14.082437751489927,13.114023648335376,19.50629760047044,12.97735778499227,Oblong,Curtain Bangs
13.029575823746416,13.413385403513473,16.74273554682474,13.534404350805447,Round,Long Straight
14.133534620185415,13.401300415977635,18.989533949492078,13.366785535672879,Oblong,Curtain Bangs
14.750066000482136,13.320673242211152,17.114314123190532,13.764989963981755,Round,Long Straight
13.585738454845018,13.67455140452765,17.2718892131547,14.208656565913191,Square,Soft Curls
15.024664858114074,13.13083882309662,16.77565211879807,13.990054732634777,Round,Long Straight
14.66357622918191,11.64988713600526,18.46687553495712,12.303816052048923,Heart,Chin-Length Bob
12.596852240924541,13.242840196974695,17.513390632881375,13.231989811322261,Round,Long Straight
12.278662315459867,13.785668399994387,17.097408938572517,13.471862091205296,Round,Long Straight
13.991051887539466,10.085648894973202,18.567023649335724,13.235256856495512,Oval,Side Swept Bangs
14.413920485011433,12.098576009815936,18.549637119231452,12.819102867460636,Oblong,Curtain Bangs
14.365100446952473,11.228102460822095,18.21939694861996,12.578693862703174,Heart,Chin-Length Bob
14.226042667608992,13.427319136955315,19.9579799966473,13.065339251838909,Oblong,Curtain Bangs
13.584685718105634,12.531307356323746,17.046464847858694,14.263824155438737,Diamond,Tousled Waves
14.479879368318148,12.131321251134803,17.114338171131266,13.732020503382312,Heart,Chin-Length Bob
14.778470831827933,13.708611405905646,17.11345299814303,14.026218793821918,Round,Long Straight
13.549049187903181,13.737701203786468,18.677311452850393,13.442267656073849,Oblong,Curtain Bangs
13.767043763353135,10.89060471268102,18.543722906159974,13.311646590705854,Heart,Chin-Length Bob
15.147569531879999,11.470048757981512,16.875897098919918,13.912426236482158,Heart,Chin-Length Bob
14.212438198546495,11.878847799628849,17.826164436709455,12.73197954958006,Heart,Chin-Length Bob
14.557619820323938,12.666819552159152,18.06423942381872,13.45211849699446,Heart,Chin-Length Bob
14.657380649259295,13.291964198131115,19.103105941236826,12.832260990217515,Oblong,Curtain Bangs
13.940338314143059,14.021846469035928,16.571259817277603,14.740599076808707,Round,Long Straight
14.168579559107494,12.864317641354173,19.512139394223393,13.139854276064979,Oblong,Curtain Bangs
14.830044330983498,11.357694731740295,17.78288474083621,13.719251354607911,Heart,Chin-Length Bob
14.633110509781007,9.675304908466675,17.8435535033694,13.860786308045563,Oval,Side Swept Bangs
13.752724081894298,13.228670891373865,16.316638881664527,13.477145544452794,Round,Long Straight
13.360189311355704,13.170515379708139,18.68375763175095,12.880048204189082,Oblong,Curtain Bangs
13.785539069425475,13.680258186453019,17.998693328191585,13.259115526964685,Round,Long Straight
14.414793139649122,13.990132231649724,16.59902111073664,14.124440108853443,Round,Long Straight
14.272971454488852,11.60891763175672,18.58140749858443,13.773565223135169,Heart,Chin-Length Bob
14.742621174848702,10.30143778010328,17.63045983363015,13.403265728215962,Oval,Side Swept Bangs
13.915519201248163,12.6339906512528,17.703665121801308,13.91263283302172,Diamond,Tousled Waves
13.52112672201095,13.565307868156044,17.30017464478981,13.329738852423455,Square,Soft Curls
13.798992970785989,13.483806511717509,18.315812220398655,12.638781640023,Oblong,Curtain Bangs
14.194070001067624,11.896352046927419,17.71310972653346,13.254796162072493,Heart,Chin-Length Bob
14.502726687280585,10.592656787306199,18.065114410452047,13.665868613113132,Heart,Chin-Length Bob
14.280901102418055,10.875971583515694,17.83988125797092,13.94059922811039,Oval,Side Swept Bangs
14.55313398439365,11.334125072859443,17.803218621117868,13.428003829529604,Heart,Chin-Length Bob
14.551278046778547,13.415790479091775,17.12637988665042,14.55349319372498,Square,Soft Curls
13.702924299343907,14.456162454474867,18.388843247968182,13.820796703192563,Square,Soft Curls
14.29949327132441,13.37526760207008,17.904410177722372,14.12711177046976,Square,Soft Curls
14.40511421342893,12.958610540231314,18.13223005553732,13.44179711466829,Oblong,Curtain Bangs
13.342763887359983,13.086394567577736,19.482840970657488,13.322802557242545,Oblong,Curtain Bangs
15.023023245069217,13.609044236359297,18.654972721611447,13.259901094864736,Oblong,Curtain Bangs
14.462958915805284,9.84065850541387,17.94977046665557,13.261615102159457,Oval,Side Swept Bangs
12.776635942355323,13.519261504571437,16.857301210433345,13.177881340062845,Round,Long Straight
14.17000848491043,14.35899765113328,17.633812069739275,13.860397755896749,Square,Soft Curls
13.684812841535745,13.453166811882975,18.373463120993403,13.44786218011815,Diamond,Tousled Waves
13.962254597280165,14.103259811804534,16.687935978297805,15.080369730282325,Round,Long Straight
13.735583589469446,13.99937080313742,17.172548141348013,14.139261501740146,Square,Soft Curls
13.685032026600423,11.223896161276578,17.25749684739539,13.545604728216086,Heart,Chin-Length Bob
14.330243401183177,13.823733906336198,15.822960638659353,15.05218194721376,Round,Long Straight
14.330662807014878,12.907637694062172,19.07590635612347,13.316799248387547,Oblong,Curtain Bangs
13.47861527690296,13.595784043299128,16.682652054027553,13.817890344675122,Round,Long Straight
13.919551558553481,12.652175149776657,19.070045941326658,13.473154284894798,Oblong,Curtain Bangs
13.656101005063348,13.505012208308885,18.381789129493868,13.59053044352061,Diamond,Tousled Waves
14.866727475609933,10.796914322153082,17.35493547778321,13.012607833501882,Heart,Chin-Length Bob
15.030064277886302,10.850715414176257,18.78831478676251,13.918091016576755,Oval,Side Swept Bangs
13.13324530694717,13.330098522727804,18.160808897573236,14.264854369745912,Diamond,Tousled Waves
14.429687609365555,11.308663093383895,18.088629417755904,13.904719534264169,Heart,Chin-Length Bob
13.477848139323614,13.464030753994287,16.462894398188006,12.7615619861099,Round,Long Straight
13.538182251545283,13.426701348806619,18.351175686895804,12.898009931948215,Diamond,Tousled Waves
14.310306504571125,9.58617226906617,19.30657905289637,13.050403860203893,Oval,Side Swept Bangs
15.057006151335198,12.008909266811443,17.35497671809366,12.930886980574506,Heart,Chin-Length Bob
13.59440337749572,12.88739844511832,18.272725506977448,13.61491951819943,Diamond,Tousled Waves
12.907388099599682,12.360428311340844,17.089137978365965,13.738580792323285,Round,Long Straight
13.975335900493034,13.480861646509531,19.603387268283115,13.145300208558924,Oblong,Curtain Bangs
13.645860408796768,13.749531130976735,16.31743729902176,14.13448883002679,Round,Long Straight
14.239001657657344,14.340243217097177,16.524245976260993,13.637604359611073,Square,Soft Curls
14.080454571052377,11.563770581486247,18.05800890392629,14.205524443203842,Heart,Chin-Length Bob
14.255884977751212,11.249399709966251,18.3984603821909,13.623764496541101,Heart,Chin-Length Bob
14.73792600692349,13.322354528102833,18.39379564664003,12.739962404113632,Oblong,Curtain Bangs
13.256289773251002,14.330678097851457,18.12689058647221,14.967738740353417,Square,Soft Curls
14.37505992931156,14.594182688589141,17.21996535510569,13.436324966560099,Square,Soft Curls
14.256236193014884,13.707581331212152,17.031032181234515,14.21734151238781,Round,Long Straight
14.342350623285801,13.709764953021535,19.66646989088509,13.45745452745569,Oblong,Curtain Bangs
14.254043956783736,13.756612199335732,16.75394554267814,14.40360956538273,Round,Long Straight
12.940024695788479,13.59183862769042,17.63511993916356,13.990610541076306,Diamond,Tousled Waves
13.38721088545493,13.776618144765736,16.96214253025095,13.21730406713567,Round,Long Straight
14.177711135064076,13.678227767933105,17.969233580341097,14.026182671513302,Square,Soft Curls
14.663403286052658,11.007359038699263,17.513391938127377,13.257676737307634,Heart,Chin-Length Bob
14.381412544200025,14.864923201438767,17.104508150748657,14.574150593950755,Square,Soft Curls
12.649307235923064,12.757561127274188,17.751011316674663,13.189837217912569,Diamond,Tousled Waves
12.86910882674401,13.353999189986716,18.117109196611374,14.036361334829884,Diamond,Tousled Waves
14.174417238871412,13.630224215005116,17.299203486198692,13.986821079236709,Round,Long Straight
13.42659371902612,14.53892082099215,17.21530112957493,13.548830299977848,Square,Soft Curls
13.729255278428647,13.030740251660523,16.775259803687096,14.195486620387147,Round,Long Straight
13.999031082322901,13.038361236328566,16.741014678915892,14.563932369331862,Round,Long Straight
14.414898966705856,14.017815627417178,19.606857339407455,13.686792553837028,Oblong,Curtain Bangs
13.788676963979622,10.779139132187963,18.470910481056592,13.265547105686002,Oval,Side Swept Bangs
14.059656525718959,14.479671420656873,17.77421219537921,13.577933640464595,Square,Soft Curls
14.517956990613959,12.96171909694269,19.106816311266375,13.133526906608802,Oblong,Curtain Bangs
13.708263964029669,13.884900164707195,16.47178615088868,15.00330607563872,Round,Long Straight
12.780039819676,12.978934226384057,18.404339528530823,14.13651654222731,Diamond,Tousled Waves
13.768954352964696,13.465905352693436,17.178736119006835,13.905321153018862,Round,Long Straight
14.790502252354088,13.536723684385258,19.447362494620414,12.880212989434549,Oblong,Curtain Bangs
13.944068988543126,13.824219294235302,17.001730060197623,14.20900729189071,Square,Soft Curls
13.261369803257336,13.443957235551288,17.69624092199525,14.691147577433835,Diamond,Tousled Waves
13.360975212823668,13.606663254483635,17.36454876459175,13.73399833016919,Round,Long Straight
14.915585849507961,9.98186566924478,19.35498541533347,13.492776254818622,Oval,Side Swept Bangs
14.20945449571907,11.353788828111702,18.22503383320755,13.196687611653001,Heart,Chin-Length Bob
13.436318806225131,13.382401872837207,16.405138676196284,14.940416156711425,Round,Long Straight
14.223192802459684,11.948791763901953,17.919943401123195,13.002751017673447,Heart,Chin-Length Bob
13.978377368154677,14.394846397427754,17.4208529775089,14.633386346037243,Square,Soft Curls
15.000617818994797,10.8411652809875,18.232128400172765,13.052901648908627,Oval,Side Swept Bangs
14.178146941669024,10.55207545226071,18.822663156359052,12.61393685683931,Oval,Side Swept Bangs
14.482705776565957,10.536813696383321,18.339089926830088,14.006285326379624,Oval,Side Swept Bangs
14.383645484388893,13.720033351236156,18.882268404617406,13.60775100644636,Oblong,Curtain Bangs
15.230772871569862,12.2013982266268,17.25748646831108,13.357031525940187,Heart,Chin-Length Bob
13.643519746713904,13.743991988624998,17.313135627321643,13.598657744418842,Round,Long Straight
13.855237067080353,12.467533518314951,17.68133664954943,13.76339521463539,Round,Long Straight
14.230387017865016,13.089392653382086,19.589158666957292,12.165013582093852,Oblong,Curtain Bangs
14.478431641673009,10.431243103511186,18.235664398416446,14.181172072032746,Oval,Side Swept Bangs
14.040452433947724,10.78231368494231,18.711342757284946,13.994321536481072,Oval,Side Swept Bangs
13.927547139134898,12.924584993983872,19.563229961096617,13.412013247832578,Oblong,Curtain Bangs
13.259361580883827,13.698546657771857,17.71552404841328,14.452339728994973,Square,Soft Curls
13.472267940516588,12.012575109273335,17.233641915922735,13.40621688964812,Round,Long Straight
13.472048013120697,9.340563787694379,18.980183660741027,13.538801875828913,Oval,Side Swept Bangs
14.112476467968568,13.750724595171937,19.325134978353685,13.867185937783052,Oblong,Curtain Bangs
13.786228860481419,10.459752355223397,17.55254556095717,13.394856532091145,Oval,Side Swept Bangs
13.86500559277259,14.312031183047495,17.540755957784018,14.343126941358141,Square,Soft Curls
13.726815563484337,14.000440684123866,18.067345303275157,13.390963137423512,Diamond,Tousled Waves
14.310057666476315,12.897600616285825,19.76351254276275,13.141221040279213,Oblong,Curtain Bangs
13.530530393707124,13.25533548432713,17.328760405937363,13.942314354550852,Round,Long Straight
13.938236755618687,13.858305113867953,18.549991099163705,13.263055140274183,Oblong,Curtain Bangs
13.707638732065824,12.59533350413477,18.458439140882856,13.335200739461413,Diamond,Tousled Waves
13.771572763441574,12.84348653324268,18.562907784017032,14.391424293980869,Diamond,Tousled Waves
14.262058216673934,13.622949414936501,16.86596100161233,13.731082593056028,Round,Long Straight
15.226729893799519,10.193755872286212,17.89299421135459,13.754620099149253,Oval,Side Swept Bangs
14.118042779218188,11.011308256039666,17.078609092183743,13.245911367590395,Heart,Chin-Length Bob
14.445180418044655,10.570817080712462,19.060840021206435,13.698943368836485,Oval,Side Swept Bangs
13.891983534955429,13.878031993246525,17.778994402248276,14.673869002559059,Square,Soft Curls
13.885213384150381,13.256446958927432,16.49484903017095,13.292756477907686,Round,Long Straight
14.48604627330062,13.4349662474829,19.2940143255418,13.200290819036866,Oblong,Curtain Bangs
13.990647895512517,13.021073070697096,18.691952205053074,13.831979017729529,Diamond,Tousled Waves
13.234853229401322,13.420624461372626,18.423720377265365,14.02539672087969,Diamond,Tousled Waves
14.527670532441997,10.458415278398725,19.90488275800557,13.96325561654862,Oval,Side Swept Bangs
14.191002936226907,13.551974774063764,17.469463799265167,14.283244533769741,Round,Long Straight
13.833894404523225,13.340673136802746,16.939243192838706,12.42233561645738,Round,Long Straight
14.57881350827473,11.254186058067152,18.6239247721057,13.489376961725643,Heart,Chin-Length Bob
13.01710544859572,13.182221750292067,17.708073906550933,14.082307595075683,Diamond,Tousled Waves
13.572117962160501,13.556193133431057,17.833548882059432,13.86753821148865,Diamond,Tousled Waves
13.857671515085245,11.880324242473234,18.077413486248833,13.720339520610755,Heart,Chin-Length Bob
14.4876011734903,10.639494359749952,19.444390771272072,13.372455758072135,Oval,Side Swept Bangs
14.265058696150973,12.787092892169486,18.54371564368804,13.2868450143697,Oblong,Curtain Bangs
14.669355201156067,13.110170359923623,18.87191096576875,13.093957446910554,Oblong,Curtain Bangs
13.26245330060018,13.310198431307787,17.486296342114724,14.477012768125094,Diamond,Tousled Waves
14.152073645195294,10.76235520927685,17.756184183634325,13.756015805113657,Oval,Side Swept Bangs
14.48842313475083,13.359524725903862,18.478232971678498,13.344835622436015,Oblong,Curtain Bangs
13.711483967179465,13.111539828541222,19.528634176001635,13.553948876359119,Oblong,Curtain Bangs
14.494423937526395,10.083623610499973,18.88128003461442,13.494879937979036,Oval,Side Swept Bangs
13.23515997552218,13.514641592639235,18.981777669827146,13.709019663529434,Oblong,Curtain Bangs
13.748251672323562,11.973184146774832,19.139203139889418,13.360893257827232,Oblong,Curtain Bangs
13.636364410700942,10.082146318974893,20.120345058069447,13.364206495857347,Oval,Side Swept Bangs
14.854465441447358,10.21329139870665,17.274388630229545,13.418629274893789,Oval,Side Swept Bangs
14.353185407565958,10.313611065878089,18.434769229791996,13.593344657862211,Oval,Side Swept Bangs
13.743506831379218,12.852081958402785,17.21559304231156,13.03839070924765,Round,Long Straight
13.544002293595364,11.900153689167244,18.071381951264264,13.452177824059577,Heart,Chin-Length Bob
13.10511408499979,13.134975945650867,16.850637406507904,13.216729909792608,Round,Long Straight
13.441613764587068,13.826951096885912,17.674202726892684,13.810285725478197,Round,Long Straight
14.828659126103489,10.504073093125154,18.14896188847082,13.09028918950654,Heart,Chin-Length Bob
14.641384276549124,10.374465659521487,19.2776308874998,13.135492068838497,Oval,Side Swept Bangs
14.769671484490686,11.364141044784972,17.732763557219165,13.390877553331899,Heart,Chin-Length Bob
14.061405938624128,10.467933591888512,18.465306446156728,13.5840854993795,Oval,Side Swept Bangs
14.529293602195612,10.792793768471867,19.04451342915609,13.064650139655084,Oval,Side Swept Bangs
14.57086153573841,12.7480788403339,19.299460004017877,13.48631644329573,Oblong,Curtain Bangs
13.088188319688395,14.03124277608166,17.27715168799957,13.638923944727711,Square,Soft Curls
14.512946824642857,13.162564476167908,16.58572547783482,14.060092182534516,Round,Long Straight
14.171914103577596,13.423042103177242,17.547048737986938,14.289793745183239,Round,Long Straight
12.646106757587258,13.00424395818534,17.94614420156522,14.085217562317174,Diamond,Tousled Waves
12.75483960596063,15.32355993725506,17.789695602441714,14.101358487318008,Square,Soft Curls
13.906128259014732,14.070477901529728,18.650401117448897,14.314676150243782,Diamond,Tousled Waves
14.552524993615906,10.41695930397126,18.222649551574193,13.154922151504149,Oval,Side Swept Bangs
14.167986821757669,10.80057735994887,17.774718461175997,12.663364063034447,Heart,Chin-Length Bob
14.070356004818192,13.963202356084988,17.592738097428445,13.759486439384686,Square,Soft Curls
16.034474027861354,11.017658070078975,17.77113550653824,13.580719202387751,Oval,Side Swept Bangs
13.69709772596823,13.448518637092667,16.83021719326139,14.245717322673938,Square,Soft Curls
13.471166003065534,13.987448486814769,17.462946145397147,14.71507936042718,Round,Long Straight
14.092297902583624,11.761339725092066,18.135221718233186,13.250144007310821,Heart,Chin-Length Bob
13.424828608255535,14.313888180769187,17.089533485724058,14.342765122375134,Round,Long Straight
13.862675080506346,12.735251429132191,18.69880269559594,13.202063409691046,Oblong,Curtain Bangs
13.951474966266678,10.469635374073793,17.510379530289303,13.036735943820913,Oval,Side Swept Bangs
14.487990327658679,13.44501543707726,18.790965491598485,12.86048941005436,Oblong,Curtain Bangs
13.077695417539719,13.062210320767846,18.539187943429685,14.304623224066386,Diamond,Tousled Waves
13.2767888387201,12.772664040101247,18.354015560960935,13.448388732414095,Diamond,Tousled Waves
13.26864282524904,13.692551199357727,18.6289521246641,13.928130357676288,Diamond,Tousled Waves
13.386916301708087,14.093551749194397,18.062310189623886,13.834125654766611,Square,Soft Curls
14.772883052093347,13.713240991072256,19.85785470495731,13.366121320936323,Oblong,Curtain Bangs
13.68329379623921,13.725546724641756,18.442282022984546,13.605922789867838,Diamond,Tousled Waves
13.771599303833817,14.107841982654277,16.855605705619144,13.952518263403533,Square,Soft Curls
13.87424289374828,12.387544008492458,18.9766917490289,14.399509270331652,Diamond,Tousled Waves
13.29057765066516,13.402388480136212,18.22389173673835,14.452109839148722,Diamond,Tousled Waves
14.932185539725506,10.774523712594531,18.112221292031673,13.380322712209706,Heart,Chin-Length Bob
13.862923451438053,13.124668891099002,17.830544572157066,14.54664162026598,Round,Long Straight
13.6355368428053,13.280071772659628,17.3196226521437,14.246881994027094,Square,Soft Curls
14.592363333969127,12.170584830875097,18.215363989280625,13.949994745848961,Heart,Chin-Length Bob
13.988016567599725,12.788343751755908,16.883310118517425,14.556746253078474,Round,Long Straight
14.185409644025636,13.40581060800757,18.828920147355362,12.855885036536037,Oblong,Curtain Bangs
14.424743661256443,10.597201216200508,18.116992055627083,13.392311788762832,Oval,Side Swept Bangs
13.11067576525615,13.61609168767813,18.07759063460223,14.560992892809296,Diamond,Tousled Waves
15.255760109734013,10.441152915228518,17.909802251529985,12.648384657950464,Oval,Side Swept Bangs
13.746339472897576,9.924001122514458,19.311729134208385,13.533658093126245,Oval,Side Swept Bangs
14.37016923938835,12.345486504492154,18.3725940418962,13.588489819555063,Oblong,Curtain Bangs
14.631036632865754,10.41468733459499,18.833855253053628,14.144812284580123,Oval,Side Swept Bangs
13.3801058730632,13.226476186824872,18.317024468735365,15.020129923671727,Diamond,Tousled Waves
13.327705467453029,13.47594028990742,18.934770917221112,13.46607329553119,Oblong,Curtain Bangs
13.674033639313125,13.956554359784393,17.88219476760609,15.611503825254413,Square,Soft Curls
13.766042333589768,12.886009927490985,18.014025160268293,13.629296225693112,Diamond,Tousled Waves
13.660581709809131,11.337525453818662,18.186307634631504,12.862321026094012,Heart,Chin-Length Bob
15.014182581943992,10.668697178776998,18.07085927056025,13.430180537683496,Oval,Side Swept Bangs
15.21395535191619,11.897189888212333,17.8178037857618,13.364783953302478,Heart,Chin-Length Bob
13.85973310643448,13.234759062764361,15.953026273206655,15.05223656613405,Round,Long Straight
13.900085153883847,13.697644353183328,16.95045580480637,13.651015507690568,Round,Long Straight
14.397329024940536,10.669643504282888,18.972259427663083,12.881575197294003,Heart,Chin-Length Bob
14.010106692246293,11.279556786029266,18.46890112589647,13.487033179938559,Heart,Chin-Length Bob
12.999414342121685,13.666225745324061,18.58170233706184,14.114091724876754,Diamond,Tousled Waves
13.731426235881077,14.089295914477677,19.29653131299378,13.51526336281086,Diamond,Tousled Waves
14.73984175894666,14.183934754903497,17.773322109258764,13.163312201810257,Square,Soft Curls
13.90155484759486,13.55462631356496,17.94201069035917,14.571212036952435,Square,Soft Curls
13.532958812665377,11.499617829132,18.384306185371063,13.389508112246341,Heart,Chin-Length Bob
14.853512073457916,10.614049606990017,18.702772000135294,13.377996161018212,Oval,Side Swept Bangs
13.925611026724269,10.921086032692237,18.1743592055536,13.489432312310264,Heart,Chin-Length Bob
14.41902898904577,11.2881699023181,17.658007078916388,13.987486346724662,Heart,Chin-Length Bob
13.337276718810333,12.70305474121272,18.58792160902112,13.750776235767585,Diamond,Tousled Waves
13.836555518121045,14.312900073406047,16.968655156388802,14.167803080973378,Round,Long Straight
13.43036399115833,13.866732895116405,17.829949507242805,13.233059902434443,Square,Soft Curls
14.291110192210024,13.24918646321105,19.015783587177378,13.645847617633219,Oblong,Curtain Bangs
14.655012237434915,11.064843776730108,17.918529628239394,13.541739937508149,Oval,Side Swept Bangs
14.242366889719765,12.793661464678772,19.490684892697544,14.137914670679313,Oblong,Curtain Bangs
13.973214148045894,14.248051464493969,17.56073144234508,13.661943001949592,Square,Soft Curls
13.570928700303568,10.191244391078246,17.684552617997213,14.172276217207896,Oval,Side Swept Bangs
13.761452557629902,13.319126510771916,17.411960549918078,13.455947939287888,Round,Long Straight
14.101047577181724,10.500804389958565,19.10633680459824,13.688805718922413,Oval,Side Swept Bangs
14.310996496412907,13.240359224096217,19.20208266678266,13.326530824173812,Oblong,Curtain Bangs
13.775600859230753,13.22788591170478,18.437095887359526,13.280450793927224,Oblong,Curtain Bangs
14.262437929135524,12.847382484311792,17.79302903554465,12.799300430886115,Heart,Chin-Length Bob
13.918470155663051,14.255595670865974,18.375473796326798,13.7251871506026,Square,Soft Curls
13.544213103054645,13.527959217522001,18.277805417520394,13.08277085396766,Oblong,Curtain Bangs
13.860798610689027,13.945679023575437,17.87078720251413,13.677202424558923,Square,Soft Curls
14.357141922818352,11.503703355097224,17.88947140572328,13.527421335555008,Heart,Chin-Length Bob
14.043970186715116,13.924374686323953,17.17000563596303,14.250748306008493,Round,Long Straight
13.690914919659303,10.493666061579605,18.783734910853955,13.78018137377783,Oval,Side Swept Bangs
13.917008544143789,12.953367455913806,18.696388815113576,13.454471028374158,Oblong,Curtain Bangs
14.640014769137556,13.05131287209363,19.465599572976746,13.296654339107803,Oblong,Curtain Bangs
13.92309285492543,13.871092423806447,17.90024534022607,14.191385884125365,Square,Soft Curls
15.631546559254684,10.132659820757935,18.806402708359354,13.27430477536971,Oval,Side Swept Bangs
14.049527952543507,10.469226414054784,18.582774376658882,14.660432760141193,Oval,Side Swept Bangs
14.39814309690584,10.916535326753724,17.952282488232115,12.474326457141606,Heart,Chin-Length Bob
13.428517013126765,13.206679687485204,18.612967812456276,14.326802355841867,Diamond,Tousled Waves
13.745890680298578,13.903068571164866,17.124533030450554,13.450770669624612,Square,Soft Curls
13.97932206569238,12.847208783711972,16.776625945035928,13.519809566039068,Round,Long Straight
14.734007089641638,12.459087575708706,17.150888459751947,12.581756628161074,Heart,Chin-Length Bob
13.756440488298404,13.503086568928572,17.085227410362695,13.796721123730753,Round,Long Straight
13.887420335851475,14.175695925173493,18.050912738908014,13.029429473165134,Square,Soft Curls
14.052464515140967,13.293186798587735,18.517912811338817,13.91108722529512,Oblong,Curtain Bangs
13.940857380740926,13.193870066768367,19.282937835317057,13.023482942051821,Oblong,Curtain Bangs
12.770481411047523,13.041656110751648,18.728414633219995,13.686248316296062,Diamond,Tousled Waves
14.095022268242214,11.998281792499684,17.64498502566999,13.232701565762746,Heart,Chin-Length Bob
14.56196448588375,10.781895268567563,19.900971993472155,13.81970400969297,Oval,Side Swept Bangs
14.523038988154962,13.716088917135238,16.99133750545009,14.057264444904286,Square,Soft Curls
14.251875753606024,12.790057021099951,18.903374604262392,13.402075054357741,Oblong,Curtain Bangs
14.357934597550102,13.406276815700197,19.14536947321248,13.055691907224663,Oblong,Curtain Bangs
13.557020863870804,12.885176296133189,17.84839831840572,14.028688093709926,Round,Long Straight
14.373683764971759,10.102030698493392,20.226324346387543,13.05552097951523,Oval,Side Swept Bangs
14.286146122885262,11.73001690878149,18.118812492228162,13.944353770462142,Heart,Chin-Length Bob
15.396029419779003,10.676050827965781,17.88185551461339,13.383774023252617,Oval,Side Swept Bangs
13.97826481665688,14.547238489040355,16.29752132173652,14.628634718966392,Round,Long Straight
13.530477140159467,13.511656975431022,18.172203983828965,13.439151943684157,Diamond,Tousled Waves
14.82608895048041,11.85556026300624,18.308062973043487,13.473550630685072,Heart,Chin-Length Bob
14.185071147882704,9.850015068570967,18.983350824638396,13.657525507110584,Oval,Side Swept Bangs
14.000989812370538,10.258129003130858,18.227957105287327,12.890805428836867,Oval,Side Swept Bangs
13.599136558029787,13.385718574207335,17.30587663700745,13.649148267314944,Square,Soft Curls
12.986411610941616,14.524022867175763,17.589039618511116,13.628865436065121,Round,Long Straight
13.9601121326846,13.70747162050369,17.55909255090643,13.608893416780075,Round,Long Straight
14.982267317549057,11.22291562308116,17.13344444902937,13.831022329628023,Heart,Chin-Length Bob
14.747603989689077,14.217477280838432,18.371681182264112,13.516578094807183,Oblong,Curtain Bangs
14.03535016311221,13.514925363619692,18.23115085170244,12.766852308001754,Oblong,Curtain Bangs
13.882025753133341,13.240688711741312,18.661624981358397,13.501342210193165,Oblong,Curtain Bangs
14.637088605273043,13.443375229787284,19.834527541516533,13.408384536085805,Oblong,Curtain Bangs
13.925466440561998,12.22859279168406,17.50533829090094,13.921321762567278,Heart,Chin-Length Bob
15.202701931171486,11.751511956276763,17.051861386035636,13.034900288301726,Heart,Chin-Length Bob
14.599148298827677,13.893329655647038,17.55819573145153,14.41212068855086,Square,Soft Curls
14.498633599701689,13.318489260672683,18.886053128748923,13.129965574089653,Oblong,Curtain Bangs
14.381971479015897,14.273596744463772,17.3854507147206,14.576832635009271,Square,Soft Curls
13.920874421865364,13.53419017916484,17.128199538772016,13.526848590089656,Square,Soft Curls
14.092894411132617,13.690262786800448,18.576499539045486,13.321494734143203,Oblong,Curtain Bangs
13.674352835638109,13.845349105707633,16.74305890095735,13.91314522679889,Square,Soft Curls
13.890659876780665,14.266608222491653,17.631887282881383,13.414938457823107,Square,Soft Curls
15.0321478325346,10.557700686371513,18.61862607281688,13.483395026142245,Oval,Side Swept Bangs
14.226350335785224,10.560700616455856,18.781433069004876,12.784691406349394,Oval,Side Swept Bangs
13.981337377960028,13.110689659162555,19.127310851526108,13.705526411766607,Oblong,Curtain Bangs
13.620600557656603,13.720300657108597,17.254569490898923,13.617136964652802,Square,Soft Curls
14.312148992375882,10.78191607417356,17.883144899532972,13.659103644687816,Oval,Side Swept Bangs
13.186027271306626,13.686953315929577,17.34843284168851,14.878831479903056,Square,Soft Curls
14.356650800601928,10.352963095227423,16.79599625992474,13.4964957072282,Heart,Chin-Length Bob
14.795518808446168,10.623766444070894,18.60052232459132,13.954410994993173,Oval,Side Swept Bangs
13.980989584372452,13.558355000651082,18.147317016465788,12.90360603122652,Oblong,Curtain Bangs
13.450137151730674,13.10294279260829,18.970344640587616,13.293070098999527,Oblong,Curtain Bangs
14.517914645764904,10.102526233483145,18.390366502579823,12.884990420769494,Oval,Side Swept Bangs
14.77795718942957,13.091737792048054,18.74061632357761,13.856729500246006,Oblong,Curtain Bangs
13.861926091489632,10.0233071675049,17.858250695820246,13.459797211917325,Oval,Side Swept Bangs
13.624878931641174,13.475230990005686,19.486730558539683,12.751439260655491,Diamond,Tousled Waves
14.792986025987428,10.250705723101756,18.1576784404424,13.237887739877168,Oval,Side Swept Bangs
13.556580400099875,14.868684211732793,17.949312041622655,14.037325365198027,Square,Soft Curls
15.1663593351154,9.86851957749473,17.720528954152464,12.611365007366754,Oval,Side Swept Bangs
13.65439153873396,14.067401572334925,17.570136043516207,14.101595454749987,Square,Soft Curls
13.777013059308874,10.794857990359779,18.64284435172287,13.781835172847943,Oval,Side Swept Bangs
12.753159052631712,13.316328889508886,17.638442006905546,13.656712286660508,Diamond,Tousled Waves
14.230815776982785,14.030250587538905,17.0807310371365,14.028703356641705,Square,Soft Curls
12.888630346592503,13.62760433167005,18.121427230078883,14.397640043345154,Diamond,Tousled Waves
13.265537924993694,13.006430137457215,17.84667207740092,14.279171614956669,Diamond,Tousled Waves
13.456786294104504,13.823016234249904,16.79230463600848,13.02497454852267,Round,Long Straight
13.968121782208803,12.750892945780324,19.01195081133192,12.794507902058083,Oblong,Curtain Bangs
14.594819984005202,13.174488360092594,18.90218011284175,13.50013366647453,Oblong,Curtain Bangs
14.610707161603464,13.202121341415491,18.59409144145917,12.571480048410468,Oblong,Curtain Bangs
13.91964763037858,12.969651656739053,19.049919106333437,13.117552844641104,Oblong,Curtain Bangs
14.832822991054334,10.22836307756266,18.468599680498464,13.963147375213731,Oval,Side Swept Bangs
14.350157594329167,13.186572274146965,18.68193752322647,13.007451631158728,Oblong,Curtain Bangs
13.384412294175512,13.219882553221359,17.346911623193026,13.909953322362913,Round,Long Straight
13.864650658727662,12.441586423811144,17.976180027831916,12.797989757939542,Heart,Chin-Length Bob
14.021927473159653,13.253116794036302,19.879061214716405,12.82595981778907,Oblong,Curtain Bangs
14.929145388895726,12.247593085185331,17.493378918300564,13.345476372180352,Heart,Chin-Length Bob
13.289219190349218,13.391597128812803,16.960843993734464,14.354713463180476,Round,Long Straight
14.663596188870516,12.918695648953982,17.973286493477744,13.241342956695732,Oblong,Curtain Bangs
14.63443869010743,10.57334764209646,18.310234623428435,13.537247687059379,Oval,Side Swept Bangs
15.249068565046965,10.626277944643231,18.282808790305225,13.285966443202488,Oval,Side Swept Bangs
13.399303752849066,13.808137472932346,18.132234168319822,13.841240680921988,Diamond,Tousled Waves
14.261675592194166,12.089474552734526,18.81079501830004,13.698432891334653,Heart,Chin-Length Bob
14.520308324248411,11.530566491235636,16.599837334488456,13.841208930748092,Heart,Chin-Length Bob
13.889238656015195,13.713004893709602,16.631977592555952,13.827933018357609,Round,Long Straight
14.034837637835127,13.607686992718172,18.797773355235925,14.045421246882368,Oblong,Curtain Bangs
14.679624369403456,10.839974152206704,17.747909532477976,13.164103065095178,Heart,Chin-Length Bob
13.478083918014653,12.352820821395252,18.171198632218015,13.738470135910426,Heart,Chin-Length Bob
13.525035173454189,12.687856869544039,17.984599389185725,14.262360944613254,Diamond,Tousled Waves
13.490027305534843,12.65014931504053,17.40093385972072,13.953283191971918,Square,Soft Curls
14.04449492142271,14.365651685893749,17.844348500669398,14.157347871170954,Square,Soft Curls
15.02960341408949,10.711961474772242,18.07014089511108,13.783711990605829,Heart,Chin-Length Bob
13.185025841015879,12.730568032842502,16.615175461801545,13.68813628601036,Round,Long Straight
13.745559364849667,12.972673251004144,17.801365608838886,13.551961713469609,Diamond,Tousled Waves
14.994407716969429,11.518075276446819,17.722103294026926,13.426675270114119,Heart,Chin-Length Bob
14.58481261030769,13.588118730336515,18.191969381104116,14.13275300304655,Square,Soft Curls
14.409002377115632,12.827134508150941,17.27606426078012,13.30855222860589,Heart,Chin-Length Bob
13.918356488703989,12.012378013566366,18.67304820808033,14.289488455578699,Heart,Chin-Length Bob
14.719621764364625,13.133008153216206,18.804789826156362,12.61076847564676,Oblong,Curtain Bangs
14.22651947785776,13.374773423505479,17.980499582158686,14.500042744901508,Diamond,Tousled Waves
13.526681879204737,14.196275727934026,17.428868996883846,14.350906854279994,Square,Soft Curls
14.453327460141212,10.747763717197543,17.851798025156405,13.988432739389541,Heart,Chin-Length Bob
13.805483925751847,13.889413558797777,16.469186022947458,14.00865272963284,Round,Long Straight
13.22879284353875,13.4779420611847,18.237825492784065,14.188209623538011,Diamond,Tousled Waves
14.489339921712107,14.346235562043864,17.657443411507735,13.516928095438919,Square,Soft Curls
14.205822326784894,13.002402178815291,18.81578098667361,13.106321508452277,Oblong,Curtain Bangs
13.095501133599534,12.474351487476946,17.893886930385293,13.945435664457928,Diamond,Tousled Waves
13.642325579446762,13.21605168317666,19.980619879902072,13.64045793148908,Oblong,Curtain Bangs
14.662987709676823,13.694073485073572,17.547603909796194,13.656642031813385,Round,Long Straight
13.221356048101754,12.184219809668807,18.805450365074293,14.603794549313726,Diamond,Tousled Waves
13.255545012973935,13.106489466596258,17.85174765987903,14.037948965884446,Diamond,Tousled Waves
15.052637536566904,9.776415918253846,18.742580742900522,13.375842289586965,Oval,Side Swept Bangs
14.543825141649137,10.657184044024547,18.391563734840865,13.445436656111792,Oval,Side Swept Bangs
13.881236511328137,14.492881025634334,17.732126772357283,14.137892350222998,Square,Soft Curls
13.168934714465447,13.302511667961822,17.416597389407467,14.040920968314973,Round,Long Straight
14.158555881995897,14.393751926828806,17.484788887391606,14.068902943777287,Round,Long Straight
14.229754837367253,9.452082135904586,18.403203307150637,13.356003262184016,Oval,Side Swept Bangs
14.661089773939242,11.430230357319404,17.650272946329096,12.617443414657112,Heart,Chin-Length Bob
14.052213188769326,11.762016091967949,18.6866467234392,13.432724956418905,Heart,Chin-Length Bob
14.632459108500026,12.01238653052577,17.400627824254233,13.657811654940085,Heart,Chin-Length Bob
13.896846109303773,13.546641799866507,19.07293507054135,13.363525791803541,Oblong,Curtain Bangs
13.615527779657949,14.354346006324155,18.58640899331124,13.511986329447106,Square,Soft Curls
14.064686299713715,13.300116224258941,19.402510310402704,13.03561288157264,Oblong,Curtain Bangs
13.061748174009415,11.017287481696863,18.948775935338062,12.78627889159415,Oval,Side Swept Bangs
13.697302057309834,14.807467020428861,18.259805267242733,14.503734939635423,Square,Soft Curls
13.396956029790141,13.231529772973463,18.157981535663396,14.402376238099466,Diamond,Tousled Waves
13.371479104958581,13.085178487749141,17.47098290697716,13.999520451015798,Round,Long Straight
14.784339555717349,12.94851146351828,18.965924128013835,12.896931134401049,Oblong,Curtain Bangs
14.210072995631126,12.634314730703672,18.741266490846755,12.700549512428708,Oblong,Curtain Bangs
14.800023883655347,11.888266688241206,16.932713896997097,14.126595833093232,Heart,Chin-Length Bob
15.74300808440774,10.491977418246044,18.12555159608728,14.622700173732143,Oval,Side Swept Bangs
13.654559139874555,13.217774135364156,19.08758123022888,13.763555894804977,Oblong,Curtain Bangs
14.357660503626462,13.015816870002874,18.500677271772044,13.118823628800977,Oblong,Curtain Bangs
14.021566681694878,11.536376820495102,17.526184963817958,12.755771095925136,Heart,Chin-Length Bob
14.732688173111615,13.016191153838637,18.336174666795237,13.185156462688319,Oblong,Curtain Bangs
14.513717019179785,10.592257263099418,17.98212583896903,12.972394515204094,Heart,Chin-Length Bob
15.265539881074863,11.78690936237914,17.60980372035811,13.118782874119582,Heart,Chin-Length Bob
14.16302510257187,13.448519425224957,18.981123040792305,13.166467803609235,Oblong,Curtain Bangs
14.2314367652542,12.974850402119301,18.816226315788995,12.45230644023428,Oblong,Curtain Bangs
13.828181245867457,13.311618405321203,17.842115432793616,14.778978502627304,Diamond,Tousled Waves
14.021813695154169,13.437119528063858,17.95671676207464,14.228308827161353,Square,Soft Curls
14.165507984073367,13.758294227356153,17.748400520349,13.892144018409521,Square,Soft Curls
14.736871416323021,10.508869543017546,17.592512877758338,14.314807864121198,Heart,Chin-Length Bob
13.175329540256287,12.976644271204718,18.002127688654863,13.257143404411558,Diamond,Tousled Waves
12.634829777370832,13.11516048470167,18.289132463324915,13.825252349300847,Diamond,Tousled Waves
14.416115208375741,11.533859341904089,18.333909812424587,13.387681965516379,Heart,Chin-Length Bob
13.712946884245223,13.834395883532846,17.814473904026787,14.744920802830144,Square,Soft Curls
13.943900694581517,13.248463380237391,19.16996693231678,12.87011520492261,Oblong,Curtain Bangs
14.491768914387391,10.740004693159493,16.912972911830554,13.657778868951066,Heart,Chin-Length Bob
14.29369448884361,10.554491408383761,18.49159170939105,13.094493997384479,Oval,Side Swept Bangs
13.960016519283577,13.333484063295977,18.23066651860831,13.334653932559327,Square,Soft Curls
13.389578104825926,12.81393881827544,18.502761893685104,13.68891888802786,Diamond,Tousled Waves
13.989753496789174,13.54211674659594,19.00962971427032,13.446915464806253,Oblong,Curtain Bangs
13.522681966653929,13.243130514989026,17.572366359498798,13.863058220756775,Square,Soft Curls
14.46936198316681,13.178836082538538,19.100791716421373,12.629031982046973,Oblong,Curtain Bangs
14.863440961221038,13.895897788760601,17.875106174001267,13.599526911913022,Square,Soft Curls
14.335994559866794,12.702719530151057,19.228984167608093,13.113414863764843,Oblong,Curtain Bangs
14.219215250621254,13.481683191239345,18.35464972901827,12.987860765768554,Oblong,Curtain Bangs
14.398532640546449,14.026830947343676,18.922688237433473,13.475384969540933,Oblong,Curtain Bangs
14.432979217010962,11.250526270305313,17.475893134943433,13.525132525868525,Oval,Side Swept Bangs
13.73843387407989,10.192305732550057,17.964727026864896,13.547621004286828,Heart,Chin-Length Bob
14.34351135622037,10.431092959970375,20.321849832056156,13.383279456943207,Oval,Side Swept Bangs
13.654316144170132,12.95974908199,18.367479891534014,13.73447201221944,Diamond,Tousled Waves
13.789364358497904,14.93938913094623,18.121038711148906,14.095178294027152,Square,Soft Curls
12.639255831416818,13.311450055140659,18.295864363841957,13.905526904718057,Round,Long Straight
13.876744521132501,13.735846828283941,18.329986416227054,13.439450587112724,Diamond,Tousled Waves
12.572050000555363,13.843144955779996,16.58164234071029,14.110774732757209,Round,Long Straight
12.994282213212044,13.102301219982488,18.23892052239586,13.982198789551353,Diamond,Tousled Waves
13.74006275018536,13.67593053138911,18.68455836368554,12.609507388608842,Oblong,Curtain Bangs
13.42211649398599,13.213489502056554,18.301289671738875,14.516698158241049,Diamond,Tousled Waves
14.107956210169913,13.163375632148686,18.421787208116022,13.563064560468957,Oblong,Curtain Bangs
13.532125287118701,13.044857572342565,17.286011176453183,14.556914834258993,Diamond,Tousled Waves
13.407584868718182,13.671199442715201,17.7011463994412,13.415872962490761,Square,Soft Curls
12.902891104129182,12.412521803590261,18.57678455689365,13.584439885961253,Diamond,Tousled Waves
15.43303227545401,12.822821493028204,18.516109281422985,13.033378373717845,Oblong,Curtain Bangs
14.609085610375857,10.285479053978408,18.861747830386214,13.093614104267692,Oval,Side Swept Bangs
12.944863852996162,12.533403385677055,17.129241020804255,13.597694230002203,Diamond,Tousled Waves
13.840540812256014,13.650068520650953,18.15499602114875,14.65117634230632,Square,Soft Curls
14.318378003286773,9.755954828353364,18.169254888370588,13.2459095752364,Oval,Side Swept Bangs
14.156242246437008,10.194466448600291,18.11829877824394,13.331665579794441,Oval,Side Swept Bangs
13.68423333913481,14.091934237090578,17.702184389250778,13.561542692449486,Square,Soft Curls
15.126143582661786,10.08152117276701,17.55190698469854,13.640191175654866,Oval,Side Swept Bangs
14.075623461780452,10.602099170601988,17.090337173149816,14.046968849782312,Oval,Side Swept Bangs
13.715134574079714,12.643895969479523,17.495381318534164,14.668285058265019,Diamond,Tousled Waves
13.898148770957983,12.88517935319427,17.818243120287242,13.115400644076955,Oblong,Curtain Bangs
13.703725475650174,13.85908294004436,16.296901011114354,13.25487579586601,Round,Long Straight
13.632128659036075,13.5743366945493,17.449969896074272,14.37953767488206,Diamond,Tousled Waves
13.477083019701707,13.6059086811809,18.187824174504392,12.618077989105323,Diamond,Tousled Waves
13.91015995325525,14.540146632731798,17.059088247792225,13.827842979285121,Square,Soft Curls
14.39819011895827,9.313686721850484,19.483747363021905,13.124659961404436,Oval,Side Swept Bangs
14.079715613120566,13.45099469549991,17.59151429523729,14.226768424644048,Round,Long Straight
13.700032161564403,13.040556328308089,17.36746837979688,13.076699696407838,Round,Long Straight
14.282920725271586,13.404022107213288,18.159548491842507,14.107687748323757,Square,Soft Curls
14.150657451251956,13.536809804524518,16.124737958992004,13.587640638951742,Round,Long Straight
14.825004409185643,10.540240573397565,19.195741869661514,13.649236614750361,Oval,Side Swept Bangs
13.80210070749607,12.900020601540875,19.047770357856987,12.365072382991851,Oblong,Curtain Bangs
14.090596351268712,13.364667695012306,18.82555135203486,13.07834893296706,Diamond,Tousled Waves
13.929754257343902,14.028856397105656,17.57300394413008,14.227961141390747,Diamond,Tousled Waves
14.487345098515025,9.855756729730604,18.79159138743228,13.822264106200262,Oval,Side Swept Bangs
14.184414958395324,10.939972872932028,17.523149295759058,12.886072231864878,Oval,Side Swept Bangs
13.890484846023266,13.50801473640614,16.62948684997399,14.430364528627537,Round,Long Straight
14.725407667191844,11.962747244453409,17.750662886596025,13.77209839875212,Heart,Chin-Length Bob
14.262620849760507,11.295158636847228,18.024863425813063,14.333589730860094,Oval,Side Swept Bangs
14.221601538950082,12.674428976423831,19.704406544932894,13.297579827280165,Oblong,Curtain Bangs
13.78220163787135,13.654913512257377,18.3884823974023,13.561440561639651,Diamond,Tousled Waves
14.92899556886192,11.511609653690453,18.162401549962304,12.435987632886462,Heart,Chin-Length Bob
13.630635691216646,12.963749237121833,19.03510705764109,14.155468078816648,Diamond,Tousled Waves
14.592204013996241,11.767098434070316,17.305175580418407,14.266867252818768,Heart,Chin-Length Bob
15.488463242015843,10.630749994736252,19.436205904916193,13.258242721377247,Oval,Side Swept Bangs
13.608746357002826,14.003852675730911,17.740424250004843,13.824774977143539,Square,Soft Curls
13.664683438773793,13.31443573534294,17.73157929738776,14.104491147204772,Diamond,Tousled Waves
13.78685357722708,13.264365982556235,18.788983144362174,13.255873722601487,Diamond,Tousled Waves
14.40298323981909,12.754329692748787,18.416131529511738,13.00833086888858,Oblong,Curtain Bangs
13.812421515713938,12.996599165559312,18.88320792792968,13.569409186171828,Oblong,Curtain Bangs
13.831113270688945,13.14799233543112,18.1020054649403,13.59901820481035,Square,Soft Curls
14.455548666439276,11.74617044384595,17.91492531184835,14.010399202832563,Heart,Chin-Length Bob
13.642644720773266,12.881094999537115,19.293319844249133,13.945901965688382,Diamond,Tousled Waves
14.145278010593813,13.58522403729784,19.123823257126624,13.402040883777165,Oblong,Curtain Bangs
15.74037678210341,10.363517288112792,18.3154691836703,13.533961232870405,Oval,Side Swept Bangs
14.481773823103785,13.189608892115926,16.509476020072672,13.726377894589499,Square,Soft Curls
12.850231799753537,13.043074917552653,18.46937187140574,13.415535958838495,Diamond,Tousled Waves
13.829384270263725,11.547695909121073,18.25232594633649,12.658368337584067,Heart,Chin-Length Bob
14.857833946218248,11.94126182985571,18.298916170017783,14.070653459113856,Heart,Chin-Length Bob
15.009944760083862,13.794949883853587,17.57357839664144,13.813336034299107,Square,Soft Curls
13.98208300614054,14.788888048043543,16.827682778732296,13.586811059817894,Square,Soft Curls
14.526443624688833,14.014008742959408,16.80171967135143,14.452971169402673,Round,Long Straight
14.349902368261848,13.79403681276292,19.033026326739815,13.641442268078384,Oblong,Curtain Bangs
14.453840196724741,13.422691097076795,18.246593920881114,14.204033033555868,Diamond,Tousled Waves
14.315239943116936,12.76771159633418,17.904980718971654,13.347696653806063,Heart,Chin-Length Bob
13.149594327597422,13.607918168262998,18.648651408334345,13.607819125508406,Diamond,Tousled Waves
13.67919082339896,12.640897644388263,18.313275377946486,14.0722137783336,Diamond,Tousled Waves
15.345588371730358,10.165224439412336,17.751277546940557,13.127051433394987,Oval,Side Swept Bangs
13.870694218299496,12.214533721649405,18.601515289197607,13.635223718138906,Heart,Chin-Length Bob
13.921027204013406,13.250445429241669,18.175587682689226,13.68813378703057,Diamond,Tousled Waves
14.34036232146863,10.696790787709183,17.947826134268784,13.460448296741509,Heart,Chin-Length Bob
14.202554424664083,13.542677670667308,16.899388556099165,13.582361332369533,Round,Long Straight
14.014869557827875,14.370765424239266,16.931099737052076,14.07007424803099,Square,Soft Curls
14.30459578068743,12.930387500645775,18.68924945709206,13.337598078961866,Oblong,Curtain Bangs
13.037935574343049,13.330591573139552,17.782190431366555,14.370416857025432,Diamond,Tousled Waves
15.662734258577757,10.129246718042038,18.81586246179804,13.194877095655356,Oval,Side Swept Bangs
14.35408412263722,12.851444924543998,17.21286511107261,13.581455233147112,Round,Long Straight
14.38267175746948,10.061134554488145,18.985099447737216,13.150552176197333,Oval,Side Swept Bangs
14.764429558612317,10.33592471406771,18.434868174860373,13.546497108919237,Oval,Side Swept Bangs
13.42992787281758,13.602117772120124,17.724409034473037,13.629331940030703,Round,Long Straight
14.69778429221091,13.793189267337397,18.570759348948805,12.693364175507336,Oblong,Curtain Bangs
14.638675717798568,10.25459521564952,19.599603017883023,13.501082579906324,Oval,Side Swept Bangs
13.606370241467747,13.378705023280869,18.076282492046246,13.734494730659696,Square,Soft Curls
14.502484114061927,12.014135860413258,17.566869423890477,13.457736182141224,Heart,Chin-Length Bob
13.973418625856985,14.341871381347408,17.82031845459668,13.913361504229453,Square,Soft Curls
14.51155559028678,11.315589654559872,17.061300603286266,13.604870995553195,Heart,Chin-Length Bob
15.438575523867488,10.120061138602894,18.048072693657197,13.136982940096011,Oval,Side Swept Bangs
14.851262686241242,10.652980330383135,18.40898695554317,13.11796795368685,Oval,Side Swept Bangs
13.497647829315431,12.620091127158295,18.29285245111339,14.276899012339195,Diamond,Tousled Waves
13.396596664116265,13.17593646892368,18.327309556230617,13.713821835398903,Square,Soft Curls
14.682763908636574,13.149991489301682,18.91029809590511,13.417016564483323,Oblong,Curtain Bangs
13.836739628738407,13.261530348178052,18.796356667181684,12.744791261616086,Oblong,Curtain Bangs
14.63688539998213,11.372664970690694,17.733415345458123,12.893379274781795,Heart,Chin-Length Bob
15.287274864990795,10.824283830409623,19.068387097751575,13.364273206005272,Oval,Side Swept Bangs
13.690999717259396,12.538797067347568,17.782237678255207,13.117022264042612,Heart,Chin-Length Bob
14.034125561468434,14.08883272399996,16.96744177569398,14.666978120614365,Round,Long Straight
14.66058747438049,12.790886882896398,18.644648650988206,13.615417486158828,Oblong,Curtain Bangs
13.070852294844746,13.151759780950321,18.251734072108547,13.067331258258577,Oblong,Curtain Bangs
13.667277329080994,13.312856573458797,16.709556487224894,13.468363071724736,Round,Long Straight
15.639637874768473,11.220610737202344,17.819577161092827,14.123228087402001,Oval,Side Swept Bangs
13.794528338737715,14.050294865863387,17.48494511874035,13.689371919505811,Square,Soft Curls
14.440817216405035,14.048557971701822,17.27302101435066,13.360831987188938,Square,Soft Curls
13.127877775634442,12.591605737212143,18.228353387084248,13.266010130405558,Diamond,Tousled Waves
13.684327143913327,14.192092238142905,17.56309510998154,14.005617442400839,Round,Long Straight
13.940473260873357,14.971473567473977,17.784429273283468,13.858493137288855,Square,Soft Curls
13.829754291738677,11.718460104819123,18.235418731281957,13.173809424761307,Heart,Chin-Length Bob
14.117209933885013,13.791013392379195,17.423021528978495,12.757986817799395,Square,Soft Curls
14.375228832397413,10.861348474784975,18.131255645318674,13.50820700531807,Oval,Side Swept Bangs
14.136435433071929,11.700869115327318,17.70313357418193,13.02470638244571,Heart,Chin-Length Bob
13.962751855652826,13.545465328056437,17.924973724003895,14.094224476327426,Diamond,Tousled Waves
14.43207617762004,13.460008522625484,18.115013089051363,13.634171003766657,Oblong,Curtain Bangs
13.249348855677464,13.067940321415186,19.519120159213717,13.998465273693514,Diamond,Tousled Waves
13.800668781823788,12.821934306581582,18.23004695469909,13.340136388245377,Square,Soft Curls
13.306069473345206,13.326536977514744,17.668894270108567,14.412022715736978,Round,Long Straight
13.907417417855264,14.144536341798739,17.209520172863314,14.096659402903525,Square,Soft Curls
13.490507220312308,13.560249425884928,18.697806582187056,14.092361773196238,Diamond,Tousled Waves
13.811869911745434,14.37265181744646,17.470230893820013,13.47428270837306,Square,Soft Curls
13.613724182079205,13.538101009672431,17.42222407894627,13.929307040387217,Round,Long Straight
13.878549430471669,10.496271837878348,18.568739099505287,13.561809091672997,Oval,Side Swept Bangs
14.29201367219194,14.013442407425625,16.68911436463465,13.711040809461634,Round,Long Straight
13.771317670326637,13.482010860638962,19.746312091458428,13.12904318047948,Oblong,Curtain Bangs
14.105869688367608,13.780997605211754,19.256746209606153,13.416184552539713,Oblong,Curtain Bangs
13.708191789911904,13.474190306739784,18.512120497801504,12.816058305901159,Oblong,Curtain Bangs
14.061749190664553,12.981883982274264,18.87934159694088,12.698742635829907,Oblong,Curtain Bangs
14.60857502883446,13.648979819870803,17.983657728289288,13.623413015210442,Oblong,Curtain Bangs
14.079083911785348,10.816387817194217,18.461900903895334,13.49865722949537,Oval,Side Swept Bangs
14.129463882234687,13.68185533979032,18.350991876617677,13.48176905088558,Oblong,Curtain Bangs
14.38503459093627,13.85951381339903,18.111504157604884,13.755033924495368,Round,Long Straight
13.822022707681697,13.161361674193317,18.828683554757443,13.847157527363152,Diamond,Tousled Waves
13.799943073938671,14.669549536118799,17.26532378815375,13.305737617379089,Square,Soft Curls
14.226808357336521,10.72120410933911,19.31969879090246,13.531770231935434,Oval,Side Swept Bangs
14.7590962524547,12.681178257875814,18.7642950988357,13.13917365217043,Oblong,Curtain Bangs
13.76173464002774,13.537880941832405,17.315356457391132,13.797484815163626,Round,Long Straight
14.265219320713296,13.192378882655241,18.513805442362184,13.206020806869208,Oblong,Curtain Bangs
14.146819615029033,13.145676667672095,19.010838426687467,13.278383561280641,Oblong,Curtain Bangs
13.598854161701473,14.142549948926721,16.40878441609218,13.658152900425387,Round,Long Straight
15.371335177921994,12.805832906244289,18.291737833166813,13.530167424442844,Oblong,Curtain Bangs
13.337018853434218,13.118348823114262,20.108067028549183,12.659012998880591,Oblong,Curtain Bangs
13.37687324742054,12.626281348256834,19.460615618158556,13.679333723026726,Oblong,Curtain Bangs
13.741676902141995,14.341812392475816,18.230298833317494,14.936142348412293,Square,Soft Curls
13.694182550049614,12.324307664362095,16.578658631394514,13.80656764051399,Round,Long Straight
13.860182693103658,13.883470747468106,18.091148057660025,14.674815769338087,Square,Soft Curls
13.900953143477146,14.560320977958066,17.700796090538574,14.058372393673029,Square,Soft Curls
14.94278629818076,10.502476418751547,19.710731964347886,12.908727545823837,Oval,Side Swept Bangs
13.991217668612087,13.16068959048972,19.222436735094295,13.734056228604707,Oblong,Curtain Bangs
14.471257335437834,10.762864141474726,18.24213186174755,13.84596327233515,Heart,Chin-Length Bob
13.510015172377987,10.47205181344075,17.568152027792113,13.219842704725925,Oval,Side Swept Bangs
13.828861313885627,13.525011146050806,19.054991280945053,12.75813040718404,Oblong,Curtain Bangs
13.793055736092146,12.668637910340601,18.384627406691564,13.453044015742854,Diamond,Tousled Waves
13.325863398239218,13.387870763427513,18.47868749628344,14.504398838098336,Diamond,Tousled Waves
14.172538522973003,13.32925443523991,18.767163241570394,13.319015936973587,Oblong,Curtain Bangs
14.045754274571651,13.445089169850434,16.099703617606146,14.18913814038489,Round,Long Straight
14.649279290470837,11.153318832267768,17.159642903656717,14.195426573890645,Heart,Chin-Length Bob
14.707352462836889,11.390674395995985,17.23463898882022,13.081628516217437,Heart,Chin-Length Bob
14.752559633389644,13.26354111970956,18.708592696178496,13.444257294934776,Oblong,Curtain Bangs
13.402977177610326,14.258602236703831,17.637896394529296,13.786502651410808,Round,Long Straight
13.687443414924447,12.604706260036552,16.757653099491673,13.343060807709678,Square,Soft Curls
14.044320619831803,13.810660784503686,16.827518171701882,13.882256981944943,Square,Soft Curls
14.740975720231607,10.68472411368305,17.386354333103668,13.43551462335353,Oval,Side Swept Bangs
13.334859823656906,14.456791567191825,17.91949289890415,13.567971366218128,Square,Soft Curls
13.623261559144,13.739608770643656,16.362183810778077,14.196679666805075,Square,Soft Curls
14.357546841171986,12.021698288676914,17.25429655276421,13.179882602493384,Heart,Chin-Length Bob
13.57600381344695,12.818953380725912,18.380890179124233,13.630107296881386,Oblong,Curtain Bangs
13.46251200269804,13.55827089884566,16.793127685615257,13.381422108375265,Round,Long Straight
14.405395327031778,11.826447968116119,17.198642641132157,13.872214221310996,Heart,Chin-Length Bob
13.144331923060502,13.021494116469846,18.483226771060675,13.52664175180578,Diamond,Tousled Waves
13.998714470236024,13.816734429161464,17.583729784885787,12.812544509676519,Square,Soft Curls
13.566441090222865,10.719977647156202,19.111277731715248,13.120996580883453,Oval,Side Swept Bangs
14.104781644187767,13.324687056148615,19.3541441598963,12.474517111368051,Oblong,Curtain Bangs
13.567199632683279,13.807321809130247,17.877953807228415,15.298432561863608,Square,Soft Curls
14.372097944324095,9.910743138342424,18.73836926604053,14.01823599394104,Oval,Side Swept Bangs
13.875832237947115,13.03387514386335,17.44550645797453,14.356678910110022,Round,Long Straight
13.294462563792711,13.689137800119068,17.46464358940784,14.618197833390202,Round,Long Straight
13.950114325217047,13.793904152535209,18.14672372304454,13.408942587050342,Square,Soft Curls
14.390681583493526,12.676564122784205,19.547299548837415,13.150841569032533,Oblong,Curtain Bangs
14.470773322024668,13.745089908177428,16.38259701554689,14.740665629426438,Round,Long Straight
14.615674002987628,13.943933243515373,16.607551266311344,13.86750961691497,Round,Long Straight
13.895011266464435,13.13711282406798,17.803357766538063,14.094718665323954,Round,Long Straight
13.074732598251707,13.342065070685695,18.81365643583116,13.22082665521948,Oblong,Curtain Bangs
13.324759950624085,13.50023278828223,18.772779934108154,13.989266336556156,Diamond,Tousled Waves
14.316110340050017,10.457037532591658,18.513613693713584,13.164444243048068,Oval,Side Swept Bangs
14.777992878415079,10.657603402293033,19.40686115101291,13.991840901443606,Oval,Side Swept Bangs
14.168599747996675,11.942836248552448,17.329344389083072,13.817350330117893,Heart,Chin-Length Bob
13.739796226323683,13.443902187711306,17.660995453392275,12.662842074150333,Square,Soft Curls
13.473619476969619,13.140844662725103,19.037143231826068,13.108314742037944,Oblong,Curtain Bangs
13.69231673825746,10.146393903762489,18.731874046462444,13.721011187332895,Oval,Side Swept Bangs
14.478626419044062,10.936339522572851,18.73550831306351,13.186548465643224,Oval,Side Swept Bangs
14.354042099750599,10.773052812725647,17.758295855448225,14.019086371373636,Heart,Chin-Length Bob
14.301328327834714,14.720029850237175,17.362075107067326,14.711331613623756,Square,Soft Curls
14.12602668094109,13.782867336239347,18.983010890854437,13.519754686970463,Oblong,Curtain Bangs
14.57664608922746,13.396701327190645,17.0850956833421,14.672168827484132,Round,Long Straight
13.919020074273403,13.28729009764495,18.616301579040172,13.786166955395355,Square,Soft Curls
14.566642446426293,10.936008654747036,18.144710757731396,13.081841328849482,Oval,Side Swept Bangs
14.614418830349466,9.756292738150254,18.333004040094607,13.585612774843694,Oval,Side Swept Bangs
13.682075994105045,12.709924207705203,17.75552002986217,14.074139844655152,Round,Long Straight
13.999730162213964,13.104231452724035,17.789732711518955,13.982485868922394,Diamond,Tousled Waves
14.378244005501351,10.002435966999208,19.365361649916753,13.236883300462734,Oval,Side Swept Bangs
12.877087655187307,14.170758867542954,16.732929055319207,13.715238257516033,Round,Long Straight
13.467583222356318,13.887733829538949,18.32509695482819,13.27180080589326,Oblong,Curtain Bangs
14.589226536132067,13.374130103242516,18.963393443087046,12.599113367958704,Oblong,Curtain Bangs
13.405372871997729,13.590637714772091,16.595083064337924,14.124502420708378,Round,Long Straight
14.49252721509582,13.584670211618038,18.357951149961913,14.088984738948014,Oblong,Curtain Bangs
14.213893065231135,13.49422884885813,17.50960741498238,15.215314861990343,Round,Long Straight
13.082931821067218,13.3805063778772,15.819660485623809,14.119099978815798,Round,Long Straight
14.360029127023473,13.194699546095219,18.654643053204147,12.466171271899135,Oblong,Curtain Bangs
13.603090397143621,13.74085382787544,17.93180118033946,14.066008026908742,Diamond,Tousled Waves
13.550195599355346,13.387949543565638,18.790184099920403,12.958078632682284,Oblong,Curtain Bangs
13.625915995970244,13.775207809129126,17.713498871562805,13.356973233629725,Square,Soft Curls
13.795626337710644,13.9604971688872,16.953816166532004,14.940890177207741,Square,Soft Curls
13.142916346344707,12.952300197019216,17.7414106681879,14.72997596466738,Diamond,Tousled Waves
14.43856528209275,12.845309948433876,19.568503995749406,13.326166140319724,Oblong,Curtain Bangs
14.10134873666408,13.80106139473058,17.133099089199128,14.197595691903377,Square,Soft Curls
13.258579020026277,13.874942461024641,17.59836410267671,14.601757703939931,Diamond,Tousled Waves
13.421255636871537,13.311725266816632,18.631922522405564,13.542862810021072,Diamond,Tousled Waves
14.877979490880948,10.086558251193036,17.446893736766164,13.032064213326649,Heart,Chin-Length Bob
13.177877886162426,13.385750112667544,17.16665097898178,14.376413183438304,Round,Long Straight
14.307876852308171,12.950776830403774,19.185879366295445,13.296962335501872,Oblong,Curtain Bangs
14.957631093562638,10.784370039356395,18.520002045677387,13.126317615172514,Oval,Side Swept Bangs
13.218127072353978,12.996702184468914,18.06736020918205,13.981933307272586,Diamond,Tousled Waves
14.846525658745916,10.453124663044994,18.51157279620455,13.544708002951245,Oval,Side Swept Bangs
14.227281975169138,10.103390723345212,17.47106743399423,13.207579896703738,Oval,Side Swept Bangs
14.063009053111994,13.137519267666896,16.862790570499417,14.257229344848138,Round,Long Straight
14.720737054773998,10.94318414537918,18.32078797187149,14.026478491634968,Heart,Chin-Length Bob
13.241267585293576,13.076002685923863,17.559094903780814,13.947810403730834,Round,Long Straight
12.682539120633818,12.783061878545915,16.857156101470633,13.435115225511325,Round,Long Straight
13.788007002137514,13.999365120560709,18.267219264620778,13.877523884279052,Square,Soft Curls
14.482253108826498,14.734105638433943,18.252889411724272,14.170586860551916,Square,Soft Curls
12.814022651055952,13.72952938902812,17.48956143215507,13.981001447818677,Round,Long Straight
14.93768194847895,13.54469873943013,19.289296415676287,13.664659393338825,Oblong,Curtain Bangs
14.654474690455006,9.476379477638744,18.20893903210267,13.968447053581972,Oval,Side Swept Bangs
13.406466563196417,13.381417047562508,16.46952380675164,14.921939703927654,Round,Long Straight
15.332591961285594,10.120001232624046,18.58861575500704,13.213472536266933,Oval,Side Swept Bangs
14.46454955557187,13.408377297434072,19.41564102058871,13.376316194568064,Oblong,Curtain Bangs
15.352587110938817,13.441444636308745,16.640212856385325,13.825231725003347,Square,Soft Curls
13.698075197440307,9.876546818264071,17.913992363931275,13.116291333678095,Oval,Side Swept Bangs
13.807161820576056,13.411700504444093,18.731635862382163,13.180854816547503,Oblong,Curtain Bangs
14.278870516440213,13.105261096252448,16.84976067710161,14.20643792295914,Round,Long Straight
13.393792791085792,12.281448997082366,19.17399441866421,13.437502216440665,Oblong,Curtain Bangs
15.071556788036489,13.271496119884434,19.41981085095792,13.174755902391453,Oblong,Curtain Bangs
13.574473103695171,13.81946248605559,17.178194954439768,14.053082902163274,Diamond,Tousled Waves
14.91522423180329,13.638575904257834,17.78300141443173,13.704447297568734,Round,Long Straight
14.46775652103676,11.528852129851026,16.684687508671473,12.913730423802988,Heart,Chin-Length Bob
13.258171404139153,13.913298214917777,17.403676070063145,14.18538725541966,Round,Long Straight
14.901317634906276,10.407909205882158,19.20804175504598,13.490620763525675,Oval,Side Swept Bangs
14.50890786456556,11.371462742056604,18.161685281969213,13.275825541547032,Heart,Chin-Length Bob
14.977940171230314,10.020682172837926,17.856667274867377,13.763489156206893,Oval,Side Swept Bangs
13.939791384935283,13.743489691090515,17.97380304839414,13.716113636210366,Square,Soft Curls
13.887624991135674,14.718566342436546,18.306646446745393,14.826628390599268,Square,Soft Curls
13.675835313272003,14.121177901063742,16.51624799556116,13.564344740106295,Round,Long Straight
12.581509707420208,13.821544898395763,17.797614066386508,13.789069218727565,Diamond,Tousled Waves
14.065780627437114,11.87699377212351,17.622154099832056,12.847495179291386,Heart,Chin-Length Bob
13.62864084368196,12.66866603988761,17.81067783679592,12.821111524169282,Diamond,Tousled Waves
13.61058581999731,13.27945164909202,17.974734035798065,12.683392574236986,Oblong,Curtain Bangs
14.481340020311624,11.225177356992578,18.827182934675996,14.368974088660371,Heart,Chin-Length Bob
13.137505779699016,13.407490003738475,18.590689686542873,13.558880328114498,Diamond,Tousled Waves
13.580604179929333,13.205158174227313,18.9046455932107,13.082920266607303,Oblong,Curtain Bangs
14.392247011478219,12.917670351798867,18.39645251386909,13.291152101611141,Oblong,Curtain Bangs
14.659077735292703,10.892085760753002,18.285686240392213,12.621766279370073,Heart,Chin-Length Bob
14.195990742670167,10.370362924765955,18.12842399852386,13.25988632292913,Oval,Side Swept Bangs
15.338790704698235,11.063494420175559,19.055796260690734,13.691895475501532,Heart,Chin-Length Bob
14.245545156312584,13.395357294476678,20.30742159491519,12.869727289510127,Oblong,Curtain Bangs
13.969623528940973,11.114017059660155,17.82969262921557,12.643439281107488,Heart,Chin-Length Bob
13.83191283122731,14.356633705813442,17.05245543518885,13.874234206974172,Round,Long Straight
13.948082045571027,13.559757008592955,18.56573644790997,13.955124837660575,Oblong,Curtain Bangs
15.01674788409451,13.30990508478027,18.9883783520876,13.643363771044047,Oblong,Curtain Bangs
14.983499281991211,11.087115855301214,17.5453424228356,12.838997317385022,Heart,Chin-Length Bob
14.692549970571898,10.740243418605912,17.709240028123386,13.304059705313007,Oval,Side Swept Bangs
13.351719677032106,13.509387239315046,17.79994674797922,13.651805477520856,Square,Soft Curls
13.666249064004615,12.667262968026384,17.069795004545643,13.999564917867652,Round,Long Straight
13.189621301002084,13.130588162394737,18.310976818606825,13.452624897276383,Diamond,Tousled Waves
13.291446586983952,14.932378239703802,17.19265607755543,13.976208942630434,Square,Soft Curls
14.94507244589794,13.368128351946787,17.17995035818109,13.698051960588534,Heart,Chin-Length Bob
13.650589567803184,13.698817488459696,17.148074559380504,13.451997311098351,Square,Soft Curls
13.96186801291569,13.206463184061949,18.002903734542734,14.053530691559361,Square,Soft Curls
14.17852189028625,13.737019137324026,17.329093195226154,14.172018176776001,Square,Soft Curls
13.22373528496864,13.312985758325127,16.559783197905272,13.57258572171246,Round,Long Straight
13.516778712447188,12.215938216462579,17.463918554193974,14.043941935901637,Heart,Chin-Length Bob
14.480501345071197,13.305649916646876,16.95926608146882,15.330057866687781,Square,Soft Curls
14.718036056267797,13.47906692383557,17.10409271196755,13.703622772071135,Round,Long Straight
13.625149360750836,12.934581720989264,17.223244475941225,13.204966362605457,Diamond,Tousled Waves
13.991013994560092,13.38717247680921,17.482892165723637,13.477978207016138,Square,Soft Curls
14.093256031996656,10.814863618130921,18.647456731103887,13.483201195204158,Oval,Side Swept Bangs
13.792642455654164,13.379089583532568,18.933471089489874,13.626145966519816,Diamond,Tousled Waves
14.270676695789268,9.953093385076995,18.250145600400543,13.875003898617965,Oval,Side Swept Bangs
14.75146939573851,13.583814590788444,18.063144967235292,13.66342283845033,Oblong,Curtain Bangs
12.773502070437079,13.534029795889225,18.041542401703587,14.19429963908382,Diamond,Tousled Waves
13.816553802731574,10.942073465148894,17.641667361886782,13.218313259046145,Oval,Side Swept Bangs
13.308809102684389,12.602669833959371,17.02473779893942,14.933123320193863,Round,Long Straight
15.323982367607993,13.247771164955767,19.573927539946656,13.33816515903209,Oblong,Curtain Bangs
14.710756594038909,11.331180540567011,17.912617984780326,13.740540673702487,Heart,Chin-Length Bob
14.195816565799856,10.442573680745525,18.467783896690012,13.819369159517615,Oval,Side Swept Bangs
13.950563431774293,10.452955244933086,19.625094790835348,13.955134966159614,Oval,Side Swept Bangs
13.968987715104596,13.209799415930506,18.380145893216604,14.340788252275187,Diamond,Tousled Waves
15.1965329113745,10.48431882193897,17.143837792605034,14.114747842902936,Heart,Chin-Length Bob
14.091018307329215,12.948430257756389,18.34342830555443,13.037344014764352,Oblong,Curtain Bangs
13.101566294944197,14.558871901441213,16.967741224608268,13.992664385743744,Round,Long Straight
14.121926100694406,13.984660293749707,17.43960728801999,14.563573619700225,Round,Long Straight
14.19369443627263,11.354480736939763,18.20473298091791,13.224350240771814,Heart,Chin-Length Bob
14.204850411332748,13.3651939195731,19.40187652756229,12.57006163227016,Oblong,Curtain Bangs
14.846309998716542,10.380077397019358,18.917618610683157,13.799477499200313,Oval,Side Swept Bangs
15.218346059298733,12.223371583797645,18.498672708459495,14.179813470443046,Heart,Chin-Length Bob
13.57227983324635,13.212676696394862,18.65141893969694,14.208741918829716,Diamond,Tousled Waves
13.662024859280962,13.701040607662904,16.96157178255356,13.591069535242532,Round,Long Straight
15.073051344789887,11.540256826928086,18.85602602926115,12.69204905878798,Heart,Chin-Length Bob
13.97379083681415,13.222653268201892,19.584671028124433,13.402133058719281,Oblong,Curtain Bangs
14.624523585151772,10.918069106592856,17.224506525038688,13.636332856993192,Heart,Chin-Length Bob
13.635653979114945,13.002874291348169,19.254337714752037,12.874034015357928,Oblong,Curtain Bangs
14.731184958608837,14.626331187410765,16.711584539346077,13.550473433504653,Square,Soft Curls
13.436253717988546,11.099428647758192,18.2033877316413,13.279366065709882,Heart,Chin-Length Bob
14.399987238640037,12.617267320442533,19.408514800145706,13.037308652686097,Oblong,Curtain Bangs
13.826699624007729,13.44785421195824,16.35904655574786,13.440139469281753,Round,Long Straight
14.925371187329628,11.721153585378001,18.347757140080496,13.63737679404959,Heart,Chin-Length Bob
14.54786919676878,10.603020845680053,17.675729856178588,13.466725559123125,Heart,Chin-Length Bob
15.469216513047009,10.748375488062555,19.404288578253446,13.727346368610121,Oval,Side Swept Bangs
14.128995143215944,10.520426544091773,18.64084512975258,13.10946933977925,Oval,Side Swept Bangs
14.293436628895778,10.391261006580253,19.44514298877335,12.65045833757957,Oval,Side Swept Bangs
14.438598273968255,13.018539070358258,16.310057787959657,14.617215058306028,Round,Long Straight
14.195653080861355,14.13329335459512,17.368857796989076,15.061150096316592,Round,Long Straight
14.441002318638583,13.149026082185875,19.172338271643593,13.724696029867225,Oblong,Curtain Bangs
13.170713706746621,12.958812497115117,18.070460379424556,12.82223880410306,Diamond,Tousled Waves
14.556241414317768,9.719069206631369,18.533265831211132,13.835004704782868,Oval,Side Swept Bangs
13.758361777591446,14.864785753627539,16.768462624372358,14.632442635963681,Square,Soft Curls
14.296584812565921,13.079374333140613,18.907456587343397,13.993029661673285,Square,Soft Curls
13.133919897917153,12.678553367834933,18.114184029829214,13.788641882398936,Diamond,Tousled Waves
14.249980782312171,13.094007509451076,19.323007348310355,13.101316551948065,Oblong,Curtain Bangs
13.513483186398023,10.413824787350977,17.111593477252423,13.629331964294702,Oval,Side Swept Bangs
13.523628380686004,14.068275995168486,18.19123439591583,13.542129285648913,Square,Soft Curls
15.020607816407765,10.300205595043312,19.53181931604932,13.340265717275962,Oval,Side Swept Bangs
13.85496140822295,13.477503589108132,18.768174068593304,12.927874055285246,Oblong,Curtain Bangs
13.283798876127111,13.184178825782556,18.88215659839999,12.90557329252714,Diamond,Tousled Waves
13.471659627051217,13.432638399393168,18.317443140747095,14.491151005152195,Diamond,Tousled Waves
14.449390446213165,10.399747822041832,18.84999951211643,13.527019405315933,Oval,Side Swept Bangs
14.290407832156077,10.680045661625327,18.118847705430877,13.241343626919022,Oval,Side Swept Bangs
13.26498950406895,13.702865388759031,16.6389010246967,14.044276355091236,Diamond,Tousled Waves
14.498110006171153,10.626772668829839,17.970969174905573,13.710618894115726,Heart,Chin-Length Bob
14.45395076636798,12.177530056184885,19.70352944390058,12.967511403202403,Oblong,Curtain Bangs
14.83213627098222,10.77002386489244,17.98718494662347,13.752646284542447,Oval,Side Swept Bangs
14.292880369627682,9.644964622274964,19.187960833115408,13.175455295276556,Oval,Side Swept Bangs
13.581938353806082,13.770233141169042,17.65699128091851,13.996328545492887,Square,Soft Curls
14.73326734773018,10.806400376027735,17.43549483773711,13.42377087852755,Heart,Chin-Length Bob
14.17477035072484,13.158496025612497,18.755836776258647,13.869760727379573,Diamond,Tousled Waves
13.28161665035634,13.109171558176904,18.139549628145303,14.145965418752487,Diamond,Tousled Waves
14.623380572554828,14.171576156059531,18.126111586082935,13.533956535179358,Square,Soft Curls
14.033327498130028,12.927959004346418,19.15755583884436,13.112274312568916,Oblong,Curtain Bangs
13.736691182905718,12.855231794948304,18.243498237371863,14.186637823342044,Diamond,Tousled Waves
13.537162015981814,12.627570863374064,17.669222818284176,12.498369920776748,Heart,Chin-Length Bob
14.273204497705109,13.222966529218562,18.95185054689007,13.628279478019715,Oblong,Curtain Bangs
13.743318744739213,13.311276397523523,18.443639666016367,13.799907479250194,Diamond,Tousled Waves
14.128867882512985,12.651793313221066,18.290996723668364,13.882698458214382,Diamond,Tousled Waves
14.361125663705097,13.538298758537543,16.623255312413704,14.105407002861144,Square,Soft Curls
14.628248144223141,11.069455104387691,17.75597071641413,13.951368909026806,Oval,Side Swept Bangs
15.087220178423044,13.7835460425424,16.855410436855987,13.81815788161113,Square,Soft Curls
14.212855017146046,13.429441509487056,18.68741296664432,13.843833935589558,Oblong,Curtain Bangs
13.249119797671918,12.610341103975873,17.51797625753977,12.874293563646134,Round,Long Straight
14.388996701368425,13.151671786300875,17.807203751604384,12.936712319439373,Heart,Chin-Length Bob
14.182949183332155,13.190168349418768,19.077734332897386,13.50256849951255,Oblong,Curtain Bangs
13.287782845117743,14.353581884718713,17.09811896675977,14.388589469955312,Round,Long Straight
13.687686755820259,14.65918899225732,17.385577677054933,14.166917472959,Square,Soft Curls
14.017426401041721,10.074772969941634,18.906310949829365,13.308720672293651,Oval,Side Swept Bangs
13.142793483377288,12.96204306862881,18.56594784199875,13.5434549340393,Diamond,Tousled Waves
13.760147795643048,13.502745706640756,16.044346919663106,13.27967855411854,Round,Long Straight
13.992846806086714,13.120162968183042,17.493618230504733,14.50968261487639,Round,Long Straight
14.811578390165806,12.46873859458533,17.77104491338784,13.794542944082126,Heart,Chin-Length Bob
13.70812610721658,15.272709889362462,18.534576664155086,14.03156020880871,Square,Soft Curls
14.018636307419046,14.186595951872373,16.906973016126297,13.690617234385101,Round,Long Straight
14.389489191912476,14.02359210057548,17.611228830685693,13.600454350370452,Square,Soft Curls
13.487568115811255,13.301881776509575,19.464042391117154,13.1631627009392,Oblong,Curtain Bangs
14.808616135927615,12.935895812960363,18.44694894625006,13.223768036306597,Oblong,Curtain Bangs
13.942572002769152,14.387461944621196,17.119998954170303,14.722537561752757,Square,Soft Curls
14.900106985952249,13.961721987817732,18.158228961971236,13.487232567253718,Square,Soft Curls
13.8662451399311,13.589383704715782,18.646807852843025,13.843308831980814,Diamond,Tousled Waves
12.600928365973711,13.644654054535678,17.196428505155662,13.52709615038253,Square,Soft Curls
14.548276069915035,10.305976448004813,18.017776469672533,13.061362383214894,Oval,Side Swept Bangs
14.126877598449555,10.922204704148312,18.113857238041145,13.280039393835985,Oval,Side Swept Bangs
14.015708323727727,13.341924019574568,19.231154500715725,12.085844185918091,Oblong,Curtain Bangs
15.000678090011807,11.048161061745985,17.88528806974081,13.096143259774449,Oval,Side Swept Bangs
14.018407391335387,12.91561690465715,19.11057591818013,12.505532079463297,Oblong,Curtain Bangs
13.043746084451838,13.771938718054239,17.766033790636353,14.458678014035007,Diamond,Tousled Waves
14.355817303341263,12.505557709565108,19.32409929316371,13.204491837645165,Oblong,Curtain Bangs
13.768364294436463,14.11121066832002,17.760778097166114,14.386018194786821,Square,Soft Curls
14.700482721945162,13.368842707267863,18.280382121021383,13.068442779920954,Oblong,Curtain Bangs
14.566738206935915,13.469595957284872,19.38707982258474,14.532975336310605,Diamond,Tousled Waves
14.094129835037267,14.140913587173394,17.49863346517818,13.140113194673667,Square,Soft Curls
14.495864710066057,10.957877340822009,18.149910991273387,13.652726059489083,Oval,Side Swept Bangs
14.563665341987972,12.855787225421079,18.760122541631148,12.860433159718474,Oblong,Curtain Bangs
14.106129734289311,10.833700712941653,17.355048933780566,14.16807552038122,Heart,Chin-Length Bob
13.351161258278223,13.55943256702048,16.73362553723552,14.61667208953481,Round,Long Straight
13.954730252105323,13.52139460527346,18.372839275711478,13.737978583972787,Diamond,Tousled Waves
13.20947186608022,14.483803172264832,16.608484374708112,14.356729730407567,Round,Long Straight
14.363624860585148,13.212621342869795,17.48449965339954,14.407468456933838,Round,Long Straight
14.930720897048875,13.027219123556186,18.326974003588948,13.056272407547704,Oblong,Curtain Bangs
14.078736215930045,14.012949285669421,17.315640710132826,13.052790257199172,Square,Soft Curls
14.723443782115059,11.262566667981469,18.77477430654187,13.732009642959637,Oval,Side Swept Bangs
14.446749349534297,13.364525416130693,19.47790208994809,13.400567752114359,Oblong,Curtain Bangs
14.33931596739742,11.092379133933843,17.686617872084007,13.632273029486832,Heart,Chin-Length Bob
13.833484824357289,14.147717959558653,17.742582627457764,14.450003824255152,Square,Soft Curls
14.580483812894252,14.023364880989664,16.84677797091622,13.84968016446216,Square,Soft Curls
14.001745540510962,13.016371754793237,18.229483084902842,14.098047367217307,Square,Soft Curls
14.15932823253555,14.700833251832885,17.19426104255722,14.317975862467655,Square,Soft Curls
14.43152418753964,10.399933665136114,18.04856448422624,14.156796508726972,Oval,Side Swept Bangs
14.049716706118755,13.482263366071384,18.021200617662405,13.700434778162546,Oblong,Curtain Bangs
14.647692056120487,13.247879522428287,18.876568626061857,13.402335858020555,Oblong,Curtain Bangs
15.529973968358158,10.583433248171898,18.211347175457906,13.038097122683318,Heart,Chin-Length Bob
13.45553364567765,13.10874267223997,18.011784176224726,13.845800610276818,Diamond,Tousled Waves
13.451272377336874,14.523854281621041,16.597374389559537,14.300511861176885,Square,Soft Curls
13.653069432129818,12.899433799397151,17.077296118491848,13.236377657627287,Round,Long Straight
14.506763180829713,9.904382914253162,18.773024537518733,13.115419447275068,Oval,Side Swept Bangs
13.770454107367602,14.13698949487481,17.121240268577953,13.995975168920427,Square,Soft Curls
13.57294412226085,13.455560267888217,19.91036900011097,14.31659915368793,Oblong,Curtain Bangs
14.24517365362829,13.516811798371853,18.070186005417014,13.823782969170207,Oblong,Curtain Bangs
14.837693936277805,11.256576299224898,18.44299808874972,13.356643729542935,Heart,Chin-Length Bob
14.256396178648503,10.663720871710712,17.877554030368458,13.897864230453022,Oval,Side Swept Bangs
13.764703805312124,12.801136340321698,18.52221352164171,13.539730919605706,Oblong,Curtain Bangs
13.504284318054854,12.809355180126087,16.68352543891945,14.005735765874562,Round,Long Straight
13.21506065766284,12.909223401496241,18.00751271076865,13.58772326013455,Round,Long Straight
14.324293695672887,10.326668476256836,18.25462340911038,13.736919557655824,Oval,Side Swept Bangs
14.604104654290285,13.090831309776247,18.352605866481348,13.736532680064572,Oblong,Curtain Bangs
14.167057065974097,13.883599352991526,17.828865353419598,13.324142296717067,Oblong,Curtain Bangs
15.36054541513739,11.325331801419457,17.698568166254407,13.623248122305212,Heart,Chin-Length Bob
13.972946027432505,13.088449629527256,18.819024230925194,13.009672371721027,Oblong,Curtain Bangs
15.104912205245325,10.658017714707759,18.649305484517946,13.812199104721001,Oval,Side Swept Bangs
13.684944697153904,13.101251763940715,16.685014484540233,14.022801610241617,Round,Long Straight
13.763354362469373,13.015183395358376,18.72648331353818,14.061433180986473,Oblong,Curtain Bangs
12.398523834718986,13.40372561678148,17.819607924754,14.083375878277085,Round,Long Straight
14.827253623846369,11.563738674329247,17.47369315287894,12.39324012848283,Heart,Chin-Length Bob
14.576458638983546,11.10310388368051,17.40600160166046,13.238117903597777,Heart,Chin-Length Bob
15.28102462101811,12.776588157330648,17.923881591782195,13.254705928634946,Heart,Chin-Length Bob
13.431156867477098,14.22885588512656,18.43164554281444,13.89948979572609,Square,Soft Curls
13.290131308194278,10.741612229893251,19.08086439611715,12.84944676680801,Oval,Side Swept Bangs
13.910931959975652,13.724646310358903,16.943049036735363,13.62293648448858,Round,Long Straight
14.341259714935376,13.289895534394779,16.254940562994843,12.987886146947648,Round,Long Straight
13.935861398042057,13.429580623359048,18.26559189024726,13.635718530136197,Diamond,Tousled Waves
13.98542622198675,12.791137816379198,18.7704235174234,12.439199534887997,Oblong,Curtain Bangs
13.898700062475648,13.08889128301979,19.310890840765694,13.234203121064969,Oblong,Curtain Bangs
14.227961530146244,14.181426138541564,17.494322470460514,14.259287089778718,Round,Long Straight
14.211957751974955,12.82810345289069,19.37839581996121,13.89143447837936,Oblong,Curtain Bangs
14.35027521394579,13.956378252416476,18.202562466514472,12.808359903119031,Oblong,Curtain Bangs
14.916960503773518,10.57929706809597,19.273735762548252,13.48086621558673,Oval,Side Swept Bangs
13.575639555043457,13.869930082923053,16.731447945038354,13.45050159864407,Square,Soft Curls
13.827700368687815,13.524629701253396,18.400796288514996,13.009688325447764,Diamond,Tousled Waves
14.318387585984087,10.866642383704843,18.412131442156607,13.197043007229805,Heart,Chin-Length Bob
13.263875613096289,13.510258620891616,16.666725976382303,14.770491356364843,Round,Long Straight
13.443775909836338,12.783292451337566,15.929555867721938,14.006369385726037,Round,Long Straight
13.718624539537375,13.230456038752113,18.127213457949242,14.365461968084041,Square,Soft Curls
14.472592950880358,11.019342325729475,18.891234420796565,13.156231367447134,Oval,Side Swept Bangs
13.287726970828738,13.911220351391087,17.17182465575603,14.107544403797618,Round,Long Straight
14.060991108245481,10.716769646681872,18.058369207067077,13.44608006758708,Oval,Side Swept Bangs
14.657174639191698,13.634600261035933,16.710779840853196,13.48924499093062,Square,Soft Curls
14.986927652064196,10.575473170958904,18.426407572796034,13.282389524597978,Oval,Side Swept Bangs
14.20792054646742,13.53553579474055,17.674133221404226,13.65294036538003,Square,Soft Curls
13.360295094594536,13.170801439898167,16.795737652918984,13.997266031015192,Round,Long Straight
13.551306899997375,11.831956191094305,17.825305400101996,13.659524369685023,Diamond,Tousled Waves
15.17127156822175,10.942936969323327,17.896188880957858,14.204710022491849,Heart,Chin-Length Bob
13.657072136331536,13.363329634041543,18.577964894415445,13.056599561844644,Oblong,Curtain Bangs
13.161812153704307,12.929135581503228,19.560429284061076,14.263668477351764,Diamond,Tousled Waves
14.4958935678847,14.241196584977812,16.693720619366744,14.226734377671235,Square,Soft Curls
13.865385596235345,12.88403049132465,18.696896411568044,14.195180857666298,Diamond,Tousled Waves
15.330078890148563,11.291383295753645,17.254702815841032,13.304702205988471,Heart,Chin-Length Bob
14.65186107910364,13.020245961688328,16.456751153514745,14.071053245906704,Square,Soft Curls
14.02161738219717,13.212954878810864,19.484984447174416,13.038279354178913,Oblong,Curtain Bangs
12.860304474134571,14.535159313548458,16.492723280477996,13.48758885599035,Round,Long Straight
15.041967450658413,10.319767144425922,18.464870859029226,13.681208407279698,Oval,Side Swept Bangs
15.03183841135204,10.340179946361296,19.394827053727305,12.628319963151927,Oval,Side Swept Bangs
14.209949869796091,13.06802059728185,17.64738454016963,14.093567337563377,Round,Long Straight
13.925152975000941,13.468005150328503,19.457931684370493,13.494783852976452,Oblong,Curtain Bangs
14.01114566196729,11.256532269229952,17.811260457655564,13.459999546761486,Heart,Chin-Length Bob
13.744181505202672,12.4529896151841,18.386698636401512,13.709178806905046,Diamond,Tousled Waves
13.589410243827496,13.591636225022466,17.40737876689822,12.190790442144957,Square,Soft Curls
13.913264663718202,12.868971869262406,19.270876538047876,12.94160317691123,Oblong,Curtain Bangs
13.710187578551109,14.279680129471576,17.463223568848235,14.477122588916604,Round,Long Straight
13.997625202005066,13.421360890252942,18.872958713379212,13.174518731748577,Oblong,Curtain Bangs
13.616648392727258,12.979184387372364,18.95630078136833,13.77264741992353,Diamond,Tousled Waves
14.465980265287946,13.776644171424566,19.52979711594828,12.71099641370205,Oblong,Curtain Bangs
14.71057325008764,10.81388518476872,19.02592678223457,13.039451039472025,Oval,Side Swept Bangs
13.483645948766325,14.001047564076227,16.607467204011158,13.8706971689082,Round,Long Straight
15.27946587860439,10.454452533171432,18.075240329812203,13.134212760443049,Oval,Side Swept Bangs
14.654147472454714,9.940276989904978,18.356832392568226,13.62107315713493,Oval,Side Swept Bangs
15.077028223348554,11.862462186555582,17.449908975502535,14.051234097780487,Heart,Chin-Length Bob
13.666921078497023,12.866480193456871,16.89483829933615,14.747497670528904,Round,Long Straight
14.276197555719335,13.21482127937307,19.844089849587956,12.702421837331991,Oblong,Curtain Bangs
13.668535404319023,12.58086094069299,19.187764293019946,13.313093329217258,Oblong,Curtain Bangs
14.041577721860167,13.291087789437517,18.023661709576913,13.851793047999642,Diamond,Tousled Waves
13.507147601203913,12.580331091479632,19.55473633850066,14.105018051833163,Diamond,Tousled Waves
14.592422772740596,10.719656415932887,18.918765839419,13.430573030971066,Oval,Side Swept Bangs
14.169267063737466,10.713370656163317,18.728644578519066,13.161444685946094,Oval,Side Swept Bangs
15.200573909409684,10.590922613431475,18.930752449179078,14.046753714166513,Oval,Side Swept Bangs
14.216157050669775,13.333342766286169,19.41476994298205,12.972432255962973,Oblong,Curtain Bangs
13.483274715546422,13.247324499878514,17.75234841468353,14.983729122284394,Diamond,Tousled Waves
13.323669089624934,13.299280915135414,18.191312131731262,14.388909259455387,Square,Soft Curls
13.501826591578602,14.301862929340215,18.2700887498687,14.010088521545267,Square,Soft Curls
15.195334712451533,13.075149854115557,17.873176284447194,14.619841753613768,Square,Soft Curls
14.580315227394795,13.13038596578546,18.843611777069015,13.419207421833345,Oblong,Curtain Bangs
14.548655738424857,13.444502666718257,19.53415896605435,12.860066849386302,Oblong,Curtain Bangs
14.378176426826773,11.016595078197996,17.616820740622043,13.972124307145947,Heart,Chin-Length Bob
14.252216687546003,14.22485501495949,19.09473536193623,13.272275630905959,Oblong,Curtain Bangs
14.540197708917137,10.218432212844345,18.468132485439178,13.940550589776674,Oval,Side Swept Bangs
13.878885735212348,13.09145599277812,16.5278790142999,13.79476286328057,Round,Long Straight
14.015668565585335,14.610361687315056,16.830003580656317,13.862558960108663,Square,Soft Curls
13.894438558675294,12.56226722275411,16.57246046497245,13.678879674213634,Round,Long Straight
13.412423804493049,13.592717955727728,16.900433375875917,13.74174500792825,Round,Long Straight
14.678297172097396,12.417858586032239,18.64763504043855,12.547943997453666,Heart,Chin-Length Bob
14.116284882157355,13.40453774536216,17.05428181880503,13.820957345644205,Round,Long Straight
14.545934879412513,10.53414077733034,18.1620619708601,13.126673642217412,Oval,Side Swept Bangs
13.771527893832026,14.105581671510397,17.824549991936685,14.460280006026716,Square,Soft Curls
14.238204952921464,10.587119359242449,19.067416057080422,13.95575205883965,Oval,Side Swept Bangs
13.440939515213456,13.118743397022,18.31630050065552,13.288962296938237,Diamond,Tousled Waves
14.39381168659293,11.90299816450743,18.14005314838138,13.348988849014049,Heart,Chin-Length Bob
13.932069702413553,13.075588861196964,17.321487293467513,13.982638976652757,Round,Long Straight
14.091411134336301,13.069119028938053,18.961712070227517,13.07829081858937,Oblong,Curtain Bangs
14.15784413103447,13.294014191790138,17.754928513696374,14.761140746334608,Round,Long Straight
14.038332740095692,10.501457235790653,18.11994700868679,13.35574791289149,Oval,Side Swept Bangs
15.045675859243822,13.090201780998031,19.181317029288394,13.456346554541291,Oblong,Curtain Bangs
13.51366336249941,13.532383641064257,16.898956394106282,13.574114028391797,Square,Soft Curls
13.053197118689567,10.691421803494437,19.70860736702394,13.546523176566897,Oval,Side Swept Bangs
13.09444097284176,13.16811087264298,16.75506287048792,13.508502696433121,Round,Long Straight
14.876118651661912,11.937554285770947,17.225264660606058,13.831480165056194,Heart,Chin-Length Bob
14.846471755697808,13.95065484529427,20.481438672667757,12.904735454264744,Oblong,Curtain Bangs
15.389871473527219,13.0720457399981,18.686857245590527,13.37446410439882,Oblong,Curtain Bangs
14.216022337948038,11.721180937839279,17.141478355182045,13.364265621583314,Heart,Chin-Length Bob
14.581786028959172,13.952294259333474,17.590000055013718,14.267646746870927,Square,Soft Curls
15.075639659302487,9.8114372776774,18.845415051372793,13.379273109313138,Oval,Side Swept Bangs
14.059012980538093,14.540044738308232,16.905025620189537,13.509575042739966,Square,Soft Curls
12.828304071589402,13.215735469834422,17.6269963365608,13.961062486224195,Round,Long Straight
13.869066502393771,11.255657958471721,17.056084210648123,12.934570492796771,Heart,Chin-Length Bob
14.660381602110439,10.893544128906003,18.379609990302196,13.44552472064838,Heart,Chin-Length Bob
14.529841659371312,10.362216581201398,18.95602469083711,13.801981745781838,Oval,Side Swept Bangs
13.992219585682925,13.782417558328808,16.87532268821286,14.295458247442761,Round,Long Straight
14.31683135845099,10.474466285011225,18.340793503598228,13.30324764620803,Oval,Side Swept Bangs
13.65920500073056,14.228408600716188,18.189455495915418,14.622171975080487,Square,Soft Curls
13.680695765373732,13.711861918276458,18.82922626861427,13.479052747476356,Oblong,Curtain Bangs
13.123144764243767,13.2534222725514,18.3765698264625,13.125271349815765,Diamond,Tousled Waves
14.461752796620658,13.733948942160222,18.903710190228335,13.769296489422379,Oblong,Curtain Bangs
13.391862710619849,13.5160189599207,17.131701073538927,15.033164766018523,Diamond,Tousled Waves
14.679840523869998,13.832554238992914,16.506125900741075,14.172254816094377,Square,Soft Curls
13.602222760373008,13.383137702654313,19.207963019412947,12.88967339506761,Oblong,Curtain Bangs
15.050642845036037,10.795826042290157,19.075239831573803,13.490648612156448,Oval,Side Swept Bangs
12.932138168306471,13.563627377167187,18.08943044283496,13.171619695051831,Diamond,Tousled Waves
15.101235080604411,12.615877163991271,17.792340045174473,14.526625429815972,Heart,Chin-Length Bob
14.524217806407837,11.311024052174956,17.492460694296128,14.273569214611483,Heart,Chin-Length Bob
14.094367701693429,10.767701913857353,18.173684161495142,13.302005926575696,Oval,Side Swept Bangs
15.005011247646587,10.32154817916459,18.264350558563258,13.942567703564011,Oval,Side Swept Bangs
15.213532213687243,11.85043463145339,17.4800874160624,13.23248455191797,Heart,Chin-Length Bob
13.861427956137351,13.658362803144461,16.49728558314617,14.386694411445557,Round,Long Straight
14.021111420095574,13.079545305039574,17.041048095945442,13.768658734827222,Square,Soft Curls
13.783112149799244,14.456205339598053,17.094735641445507,13.597709628670168,Round,Long Straight
13.545747067945786,13.070070541863993,18.38199463172248,14.134685339866236,Diamond,Tousled Waves
13.916502717344134,13.191719723829339,19.02805307253872,14.294738621977146,Diamond,Tousled Waves
13.91068883964558,14.070292643403755,19.16406941848909,12.930291371232112,Oblong,Curtain Bangs
15.238941054295132,12.604495937061944,17.796525082997018,13.235857530681555,Heart,Chin-Length Bob
13.398357699575035,13.465974205223292,18.85053534410126,14.129758268326963,Diamond,Tousled Waves
14.249594482430973,13.793155838873075,18.831988473498654,13.643462959234288,Oblong,Curtain Bangs
14.341888720577057,10.645994842276142,18.43540253871819,13.464629918036032,Oval,Side Swept Bangs
13.321471996416436,13.699816700825679,17.86203978040752,13.48910539404559,Diamond,Tousled Waves
15.095335485270914,13.590644239479241,17.756448535476224,13.033429674650193,Oblong,Curtain Bangs
13.575340558713906,10.093270639690783,16.658734454514192,13.432006014900006,Oval,Side Swept Bangs
13.235068898066833,13.525575567663713,16.186749948336242,14.063733312395705,Round,Long Straight
13.307397170404414,13.75811713959975,18.916163699935215,14.234776589069197,Diamond,Tousled Waves
13.340513349840938,13.937520211088351,17.45887620237161,13.164885053250078,Diamond,Tousled Waves
13.431582398039339,14.037220840410747,18.122875039817586,13.761349230932284,Diamond,Tousled Waves
13.307495998341109,14.480049245445029,18.00616952709529,14.427533160737514,Square,Soft Curls
14.19443812178021,11.13935755991655,17.1551971051163,13.520656863102896,Heart,Chin-Length Bob
13.987935855597556,10.891679781045616,17.59769539943278,13.242883481083123,Heart,Chin-Length Bob
13.544677839194257,13.732388230743236,17.017194482439148,13.87651942737983,Round,Long Straight
14.566186880122757,10.989490992473684,17.866915024028156,13.55300396203743,Heart,Chin-Length Bob
13.57746068839118,13.597592161660781,18.536878811390384,13.283977301120178,Oblong,Curtain Bangs
15.072495911467717,10.84387023180743,18.522267391880977,13.341332686777148,Oval,Side Swept Bangs
14.306182931861628,13.838328324685309,16.677344006657343,13.620856455620492,Round,Long Straight
13.339014464634388,13.269914289489535,18.951433589346358,13.68369621827112,Oblong,Curtain Bangs
14.357374070090033,13.729391606184615,18.632413362351546,13.68444489949794,Oblong,Curtain Bangs
14.220737297031224,10.784633801388528,17.64531846002818,13.581630807975516,Oval,Side Swept Bangs
12.803053014430644,13.35920401661228,17.193259615246987,13.759059150161276,Round,Long Straight
14.001652597851574,11.956422251190745,17.760675813714176,13.242682567496816,Heart,Chin-Length Bob
14.22453672342989,14.236460708735155,19.593038435774577,13.69377910151102,Oblong,Curtain Bangs
14.043734656246283,13.579794421101832,15.811059303815716,13.679337882532032,Round,Long Straight
14.245053721838918,9.723564177658098,17.822308298541323,12.690627980618014,Oval,Side Swept Bangs
14.464883921123702,11.942029929275098,18.376627644405637,13.681065125492893,Heart,Chin-Length Bob
13.326596441643321,12.51223032456178,16.12254919245893,13.381665638041051,Round,Long Straight
14.039682710473274,10.409669695171944,17.906445331990604,13.623383263651236,Oval,Side Swept Bangs
13.375893884476522,13.20464618312302,18.782888540603555,13.274042663489144,Diamond,Tousled Waves
14.697398792415301,10.467983890386318,18.30623307275913,13.843032905261866,Oval,Side Swept Bangs
14.271069014458837,13.013606792964758,16.889907183671447,14.163780993951216,Round,Long Straight
14.092644479157535,13.437708170952618,19.140297303247447,13.949837448021219,Oblong,Curtain Bangs
12.88910145285517,13.155295806593362,17.775726840853835,14.146191096306003,Diamond,Tousled Waves
13.529661136661607,13.344773547005087,18.667351172202775,12.968877648323536,Oblong,Curtain Bangs
12.92052190493968,13.028139884569283,18.755481974003015,13.838604038550459,Diamond,Tousled Waves
14.27441297548018,14.858222143430938,17.65264224603227,13.74080445948885,Square,Soft Curls
13.638237757682248,12.998740751751857,17.974371437772025,13.108023294742548,Diamond,Tousled Waves
14.906360252612481,11.308105507761205,17.90601246914486,12.97782155740115,Heart,Chin-Length Bob
13.62649756573579,12.917971239022144,18.152680681804288,14.279979127361436,Diamond,Tousled Waves
14.225827045752268,13.48389383606605,16.117061037939276,15.531856714464597,Round,Long Straight
15.281481192929926,11.891468745309364,17.429989302450064,13.42493664942721,Heart,Chin-Length Bob
13.72727230121314,14.647336129449132,17.651999878442975,13.62598361211935,Square,Soft Curls
13.761221690019728,14.572267010952247,18.337903752322344,14.804176875287736,Square,Soft Curls
14.867580429398407,10.372516542677161,16.5982391763983,13.606569846272345,Oval,Side Swept Bangs
13.462317821631448,13.252680869430842,18.248840118542976,13.202665982730137,Diamond,Tousled Waves
13.67204918628214,13.435352197236867,18.5577803002367,14.313583193855138,Diamond,Tousled Waves
14.758890826242009,11.295463081059152,17.777280828713852,13.524172418556804,Heart,Chin-Length Bob
14.031476819786729,14.50756224747506,17.847457509534365,15.083892929075589,Square,Soft Curls
15.012026170856148,14.024228956955286,15.549996846342157,14.655661003868694,Square,Soft Curls
14.235101018207073,11.089487771770747,17.610544099484578,13.263491551713065,Heart,Chin-Length Bob
14.134328196997913,12.701792481783222,16.453499166155034,14.195034883089242,Round,Long Straight
14.467899980275902,13.459712797161613,18.585872353745206,12.875585155021344,Oblong,Curtain Bangs
13.560745518117352,13.61712773333032,17.702550045642234,12.988914020406368,Round,Long Straight
13.707309190322258,12.817147342546367,16.173533634156307,14.509758062443963,Round,Long Straight
14.099651305035593,13.723734438613393,17.427491837984284,13.779870727793098,Round,Long Straight
13.598678669800215,14.60701482980478,16.858519849922043,14.392796252380139,Round,Long Straight
14.209662059713729,12.490377710017249,17.933164702169663,13.02818401928784,Oblong,Curtain Bangs
14.649321364170984,13.516845870252036,19.468773263229536,12.872229379478334,Oblong,Curtain Bangs
14.069006039711159,12.842654405445803,18.326968245480757,13.845855763738692,Diamond,Tousled Waves
13.899925221309358,14.686660915632755,17.155818441698464,13.33789688174869,Square,Soft Curls
13.990501351710382,13.771937512591611,19.249275846402792,14.370181031974331,Square,Soft Curls
14.280884955277019,10.051099333474987,17.39773803413489,13.074864731053252,Oval,Side Swept Bangs
13.879383550844256,14.22120436906089,17.525275412804902,14.137486618803491,Round,Long Straight
13.341805749995133,13.300490618988364,17.967383226137464,14.690816860870767,Diamond,Tousled Waves
14.39583435636281,11.465782916571209,16.685587667565756,13.385263732048195,Heart,Chin-Length Bob
14.557338040933708,12.794257874237587,18.604720820615103,13.552423615759706,Oblong,Curtain Bangs
13.291262191919182,14.538913889459897,17.244513813219246,13.82753562864336,Square,Soft Curls
13.041514350697353,13.34102803302837,19.431611018717224,14.232895587823343,Diamond,Tousled Waves
13.138869842983262,13.622168804823538,18.06666547781445,14.522735845123625,Diamond,Tousled Waves
14.358040259784435,12.433692953654433,17.002510393012084,14.506662061590317,Square,Soft Curls
14.563071699612145,10.064042489289367,18.129971161540457,12.720623253529011,Oval,Side Swept Bangs
14.169975425688627,14.070617361784773,19.412126167018524,14.086604095962706,Oblong,Curtain Bangs
13.79392998106483,13.582036884730769,19.192796292055693,14.035314301541764,Diamond,Tousled Waves
13.724482988998922,14.020429240003184,17.68713321636751,13.779746742249444,Round,Long Straight
13.19239284344351,13.252262979778585,18.631107011610958,14.241006301735297,Diamond,Tousled Waves
13.770418229629016,11.238269600123171,18.125521836177672,13.380509167265279,Oval,Side Swept Bangs
14.032743876815049,11.552980766675427,18.644279306765032,13.144925145737433,Oval,Side Swept Bangs
14.384786242514219,14.387023660889312,17.421126966529627,14.453787949819182,Square,Soft Curls
13.39739271627564,13.244345941027754,15.999092295251177,13.353932524519324,Round,Long Straight
14.964088208711399,13.848991240194922,19.028500038113958,13.885007701677662,Oblong,Curtain Bangs
13.738402312567134,13.371274390860421,17.006212088426917,13.95887565955089,Round,Long Straight
13.710145274689749,14.076764640251364,17.051835715708325,14.381368532686162,Round,Long Straight
14.954473698520987,11.715467500110904,17.31951249730611,12.824203617522093,Heart,Chin-Length Bob
13.896730324604984,13.407980212303064,17.02126034621056,14.013802315888476,Round,Long Straight
15.289080196788456,12.692059300742557,17.9615457814906,13.376491382165401,Oblong,Curtain Bangs
13.321833512437212,13.318027448110216,18.509379703747378,14.478559813197073,Diamond,Tousled Waves
12.897747162276659,12.994130958758255,18.43312224664888,14.227502568838439,Diamond,Tousled Waves
14.285615378215258,13.555400576081562,18.194427195698307,13.415689000888488,Diamond,Tousled Waves
13.25137744002504,12.98077671841393,18.54445547696028,13.976530836156865,Diamond,Tousled Waves
13.652598543082942,13.040240011630996,19.449813900640297,13.383861994607111,Oblong,Curtain Bangs
14.246831329970062,14.18380506190774,18.351406965431725,14.145768823973139,Square,Soft Curls
14.305746627024432,11.029360659878453,17.940372387299025,12.29687839375234,Heart,Chin-Length Bob
14.394087833148497,10.39123185803948,17.700697076121195,13.113847906935403,Oval,Side Swept Bangs
14.546102119941335,13.299767498377275,19.047184362082493,13.366543407471411,Oblong,Curtain Bangs
14.524818685056449,12.165180830364816,17.876152773701723,12.773136967436985,Heart,Chin-Length Bob
14.656112566635281,13.683498516115408,16.69152998831278,13.389526607060345,Round,Long Straight
14.023418103728384,13.435493707261951,17.745758805954836,13.847382343892955,Round,Long Straight
14.065577044325686,10.831917178192652,19.045554941205683,13.554898801745711,Oval,Side Swept Bangs
14.827000201487795,10.458497668563524,18.639459867461095,13.955509196126354,Oval,Side Swept Bangs
14.801327289357046,10.405859051936682,19.2963954637964,12.536220811758053,Oval,Side Swept Bangs
15.066469273830231,12.54577807378638,18.66888517203363,13.233824349543703,Oblong,Curtain Bangs
13.408068861436336,13.574218299990548,17.702314580604003,13.978373227901644,Diamond,Tousled Waves
13.524052955168557,13.645243509823729,16.947110717236416,14.068790593102502,Round,Long Straight
13.976661506602568,13.01136689333425,19.143453163060055,13.610135073590932,Oblong,Curtain Bangs
13.238630328674894,12.878327300142038,18.52391975082724,13.835028514029785,Diamond,Tousled Waves
13.774466260531103,12.864585348599023,17.347576755641686,13.590394277560806,Diamond,Tousled Waves
14.131674617512918,11.469755286131159,17.4892101445577,13.839205032816201,Heart,Chin-Length Bob
14.350541613930647,11.59038870651151,17.893561644072314,13.574503709046473,Heart,Chin-Length Bob
14.47464963660878,10.677828166524348,18.034783931468343,14.049768140167862,Oval,Side Swept Bangs
14.367806447664291,9.948917143749402,18.612564654780847,13.144842557341393,Oval,Side Swept Bangs
14.48565460501635,14.07019527786837,18.586113273278,13.376489662225653,Oblong,Curtain Bangs
13.160983674187367,14.221155258362066,17.063207080850155,13.70716026454962,Square,Soft Curls
13.466636154577285,14.367563082689657,18.033925818689006,14.037421779096794,Square,Soft Curls
13.377331121471371,14.303715086457277,16.6129981970422,12.931097654537771,Round,Long Straight
14.692222932168532,10.929902418259637,18.316487047015062,13.295245010800153,Heart,Chin-Length Bob
14.263215461968796,14.71976203484126,16.897501871813063,13.73716794473098,Square,Soft Curls
14.175295557241418,13.808549472586487,18.652645293825064,13.022252728125624,Oblong,Curtain Bangs
14.065569696361566,13.201455949506876,17.053000478410006,13.239108999895429,Round,Long Straight
15.600613801115413,9.934452092888465,18.31312464361179,13.474027040402902,Oval,Side Swept Bangs
15.008089889909876,12.694154040301527,20.023924143688728,13.538843024100936,Oblong,Curtain Bangs
14.673323349212735,10.993118133565963,18.104016401153416,13.129292724708002,Heart,Chin-Length Bob
14.572946108458535,13.47136421517915,17.459364882101355,13.742601167802368,Square,Soft Curls
13.519786703670052,14.372387423220344,17.791968617541183,14.641485837292194,Square,Soft Curls
13.591494292406098,10.899271692904628,19.973646429903898,13.305490239689057,Oval,Side Swept Bangs
15.349809120888944,11.372742074297076,17.114843636814648,13.331845883813548,Heart,Chin-Length Bob
14.357800575345031,13.068707909758519,16.6861282836025,14.321358876577237,Round,Long Straight
14.488326051837092,10.707439146872938,18.6417883319583,13.679935895687658,Oval,Side Swept Bangs
14.269335570585,10.566272447914072,17.957421073736068,14.005143325846555,Oval,Side Swept Bangs
13.495313645580605,14.069362521704502,16.864837275022296,14.123816036898143,Round,Long Straight
13.277376581622374,12.823690071427023,17.36462463501004,13.335094926952241,Diamond,Tousled Waves
14.334175371868557,11.622698585778561,18.327567180987344,13.263920836513096,Heart,Chin-Length Bob
14.043152933520771,9.896447206740339,18.784061511611657,14.043244995083903,Oval,Side Swept Bangs
15.062007140857267,11.88476412669159,18.138320773807795,14.302916404814052,Heart,Chin-Length Bob
13.58754452628914,13.440515536594306,18.06464780674013,13.185176861013531,Diamond,Tousled Waves
14.169435492276593,11.506392823578912,17.844270126645988,14.41375944026489,Heart,Chin-Length Bob
14.519623745240269,12.131495287204025,17.591900213097073,13.328916348576904,Heart,Chin-Length Bob
13.818284509804773,10.176621554209445,18.811618083713377,13.490126901130218,Oval,Side Swept Bangs
14.961093026119253,10.546080235110182,18.29509277595094,14.350879038456554,Oval,Side Swept Bangs
14.43955248372999,10.938806570962631,18.266456852705737,13.772404414184518,Oval,Side Swept Bangs
14.907164943276648,11.620916306486192,16.615016229393877,13.488847808122298,Heart,Chin-Length Bob
14.722348922130546,13.415306363199406,19.225751251457304,12.591243793942741,Oblong,Curtain Bangs
13.192810632421773,13.353390099910705,18.42408767825349,14.444619983182088,Diamond,Tousled Waves
13.408674129911736,13.351336565473577,18.230393857265803,13.368518364859481,Diamond,Tousled Waves
13.262184993839107,13.37774798292963,19.084635795060763,13.013205924861017,Oblong,Curtain Bangs
13.741349787436555,11.842568097043598,17.67799297043768,13.74994281650642,Heart,Chin-Length Bob
14.987717923735062,12.376239134351106,18.631252546640983,13.16944241362317,Oblong,Curtain Bangs
14.566246805104727,12.662638091732893,17.922022781220875,14.090445031259575,Round,Long Straight
14.438485987778405,11.406997148810445,17.59129670344813,13.988070448630733,Heart,Chin-Length Bob
13.75945540875814,13.34442372966266,18.794959352521325,12.958187364750561,Oblong,Curtain Bangs
15.665991456700489,11.7317079960303,18.125455619012314,14.0315327889605,Heart,Chin-Length Bob
13.831890853275421,12.43323207105422,16.536396358738955,13.107343526962715,Heart,Chin-Length Bob
13.766698898229093,14.28841076377886,17.629547607992066,13.940516806252553,Square,Soft Curls
14.20196434005272,12.829179923563782,18.21727095396536,13.527123284186942,Oblong,Curtain Bangs
14.17607478618343,14.301156931170214,16.593697652442014,14.37144621882934,Round,Long Straight
14.344079861262134,10.949796947504723,19.10233925881677,13.57201062916314,Oval,Side Swept Bangs
13.335669307625238,13.557340797973263,18.54036091038958,13.516375307315094,Diamond,Tousled Waves
13.818892628970554,10.358152323096402,19.39216160380664,13.948069177949673,Oval,Side Swept Bangs
13.250250064761337,12.901045142941989,17.599829998568804,13.448942677390963,Round,Long Straight
14.742966716815083,10.227127813353217,19.451853374775375,13.177312980980709,Oval,Side Swept Bangs
15.061907474545277,10.547522218469032,18.650225620588465,12.694861057726598,Oval,Side Swept Bangs
13.474179443610156,11.395154861503585,17.938996491051046,12.934564808661523,Heart,Chin-Length Bob
13.751006395189338,13.428540132576734,19.28648393492126,13.196819973949182,Oblong,Curtain Bangs
14.839512425791481,10.893371031968714,17.63217980067314,14.278802143992861,Heart,Chin-Length Bob
14.52115340602492,10.524102121098302,19.856471217967737,12.924436496078286,Oval,Side Swept Bangs
13.761689789549829,13.818248759193423,18.062645007112373,14.271085664747034,Diamond,Tousled Waves
13.317049676623563,13.145749789365965,17.166269152670182,14.424800720981873,Round,Long Straight
15.050627497635812,11.101469019330983,18.462488202788723,13.967017139845526,Oval,Side Swept Bangs
13.334628713893062,13.535504568550216,18.324345277938807,14.068753979465304,Diamond,Tousled Waves
14.384369147322802,12.585198561575806,18.410920373741074,13.28865203510046,Oblong,Curtain Bangs
12.830221597165048,13.509200461042777,18.650798977900216,14.010830013076776,Diamond,Tousled Waves
13.922846731561474,11.02566784698235,19.698632494322567,13.546224062950301,Oval,Side Swept Bangs
14.420819307947331,13.28848762252638,19.269623628814816,13.203768954542744,Oblong,Curtain Bangs
13.802742472346655,13.955852999725922,18.121701066977966,13.315527829124653,Round,Long Straight
14.434910618114444,10.890078101407397,18.62359644778236,13.195096346748715,Heart,Chin-Length Bob
13.602526312381453,13.458406758150877,19.899675924628507,13.503078671370739,Oblong,Curtain Bangs
14.589801881244838,10.637241414629488,19.33309121055,13.13558711235819,Oval,Side Swept Bangs
13.763125054950352,13.264810592637613,16.409571565256385,13.856227727594232,Round,Long Straight
15.043980029462467,10.700230319948103,18.880529879954672,13.545982324775524,Oval,Side Swept Bangs
14.426175538636679,12.898258448497016,18.833715017257,13.322843260228069,Oblong,Curtain Bangs
13.567080730398825,13.319556401479305,18.154339056015896,13.666438926265194,Diamond,Tousled Waves
14.647265982166402,13.537247270425045,18.42544655140364,13.736928215691922,Diamond,Tousled Waves
13.293782586950528,13.152191647515139,18.36629822337732,12.93179738917694,Diamond,Tousled Waves
13.7641350303012,11.176097711764763,17.918757215409258,13.364013289413005,Heart,Chin-Length Bob
14.826078079827804,12.632815897697009,18.60439636702861,13.830416690583398,Oblong,Curtain Bangs
14.542435852474794,11.976798082983324,18.857318096539053,13.143681055809886,Heart,Chin-Length Bob
14.16539293142777,13.103884329903211,17.979894604871884,13.130833758683666,Oblong,Curtain Bangs
14.576008886112927,13.42040987773021,19.315667385793322,13.105948944333273,Oblong,Curtain Bangs
13.484126795043986,14.140790272141384,16.73633084509154,14.170274440281135,Round,Long Straight
14.057469712009269,14.751446916949396,18.015520798847337,13.365585948148894,Square,Soft Curls
13.938896598918095,11.815822556631321,17.780588605164574,13.259357280157701,Heart,Chin-Length Bob
14.997656351415614,10.548562582602537,18.532912297418168,13.800642310616196,Oval,Side Swept Bangs
13.805907742495648,14.807644109854424,17.113289214126112,14.36020602806169,Square,Soft Curls
14.555485017965063,12.794449980550125,16.81136652592884,14.598176852486846,Round,Long Straight
13.89700631522018,13.137089465191309,17.861181915610107,14.31815759269122,Diamond,Tousled Waves
14.534115944327516,13.369494832309389,16.900037723611355,14.140273270425789,Square,Soft Curls
14.275197975570652,13.824954297602963,17.86572564917256,13.663699755559321,Square,Soft Curls
13.321281655631893,13.044912035415779,19.027173178891296,13.14404082201865,Oblong,Curtain Bangs
13.952146593158655,10.555854986390095,17.55168717685483,13.915135080690884,Heart,Chin-Length Bob
15.118664907774463,10.948692229649888,18.022887760161165,13.023202298446073,Oval,Side Swept Bangs
14.07505027250725,13.81818577118558,17.17367769306774,13.005752070561098,Round,Long Straight
13.843907683969553,13.19838772419021,19.24722767848814,13.542714752195037,Oblong,Curtain Bangs
14.559347549725432,10.605896371070932,18.5519467760887,13.762762440496543,Oval,Side Swept Bangs
14.644160901542135,10.499870480817677,18.344479017757727,13.519772922946508,Oval,Side Swept Bangs
14.068876563527107,13.631169608799013,17.164251724621668,14.699341879949573,Round,Long Straight
13.562448370667045,12.959885017989576,18.65672312965412,13.183145998374625,Diamond,Tousled Waves
13.754055526093497,13.340699114192278,19.262371701122586,12.77362405029365,Oblong,Curtain Bangs
13.8023063222937,13.663408896445983,17.267829077980043,14.506260865451198,Square,Soft Curls
13.727965157604055,13.1936362351027,17.953950853104594,13.19123464792313,Diamond,Tousled Waves
14.64467268351364,14.293878068564904,17.155019217138793,14.392135985301696,Square,Soft Curls
14.451463701397952,10.358721721334929,18.757718193286085,13.188943831829476,Oval,Side Swept Bangs
13.820555682152603,14.046229374303138,17.261278266178092,14.366399461676197,Square,Soft Curls
14.778598303697454,13.111378084997517,16.167255911636257,13.011969414593642,Round,Long Straight
13.406573436038281,12.954627897171468,18.324528006276477,13.915726775929496,Diamond,Tousled Waves
13.232133281155736,13.027361011479668,17.66914259128062,14.094506881661891,Square,Soft Curls
13.303308686678257,12.585755810883766,18.454079046139743,14.472594186093836,Diamond,Tousled Waves
13.962962883446044,13.06397817866704,17.000384699007114,13.332660140769988,Round,Long Straight
14.362802163846938,13.536736305738907,16.1170484270351,13.870203587923923,Round,Long Straight
14.40103611302844,13.08028332306864,18.8511612237499,12.781515768335314,Oblong,Curtain Bangs
14.77176177809607,10.21416771106958,17.23554066636046,13.33781110289821,Oval,Side Swept Bangs
14.439554543144434,13.778723823456463,18.408610749158846,14.244062121046165,Square,Soft Curls
13.590048496507466,13.15308316702957,18.188774999479755,13.722159675910289,Diamond,Tousled Waves
13.839938551629354,14.261651183726434,17.037507418014087,13.477350113215689,Square,Soft Curls
13.041770629767822,13.959888342067913,18.48305951913142,13.999745299715807,Diamond,Tousled Waves
13.764065141331622,13.452627383989737,18.933852731564823,13.331314249444358,Oblong,Curtain Bangs
13.096740708363386,13.260209418753494,18.013988852759645,13.4767007055768,Diamond,Tousled Waves
14.818415167249787,10.702101910115497,18.100776937575557,13.81180194275138,Heart,Chin-Length Bob
14.07982276951855,11.07957216290953,17.69982412674576,13.616715936189753,Heart,Chin-Length Bob
14.41246450013788,11.73934376738278,18.71060408911916,13.23388630665622,Heart,Chin-Length Bob
13.697408671123956,11.94579611754004,18.670058446180743,13.6703929086703,Heart,Chin-Length Bob
13.939639843540263,10.424013154448446,17.845151211910125,13.745567845002444,Oval,Side Swept Bangs
13.64102159660419,13.093099364005218,18.473089908477508,13.297932696268195,Oblong,Curtain Bangs
14.053552548618555,13.27876369045659,19.005955079355978,12.872377342371028,Oblong,Curtain Bangs
13.69810203414633,13.182635349357145,17.73638602252796,14.9462347325313,Diamond,Tousled Waves
14.726435260093318,10.41226505492502,19.333304921483023,14.227648378272107,Oval,Side Swept Bangs
14.415899701708492,11.694005531003267,17.310488031657783,13.408648896932014,Heart,Chin-Length Bob
13.888156994321196,14.079571358850682,17.688027191058232,14.310734235675096,Square,Soft Curls
14.306522297813354,12.73857695910852,18.50727770431112,13.040634265828793,Oblong,Curtain Bangs
14.088777022592305,13.619036250547087,18.39077375874271,13.11286415085693,Oblong,Curtain Bangs
14.966158764567577,10.353614175478773,18.772521521356186,13.430979714037024,Oval,Side Swept Bangs
14.10112907519613,13.862100873511443,17.85945508818156,13.238316476948953,Square,Soft Curls
13.634216917656152,13.645971835754182,17.238744969998216,14.775137403431462,Round,Long Straight
13.798471908524313,14.76079439287083,17.17945118752275,14.702439289755768,Square,Soft Curls
14.549373051936135,12.854316310601153,19.15371236004809,13.229880863077874,Oblong,Curtain Bangs
14.801461220253788,10.384258677864619,18.32164484366656,14.037575663032504,Oval,Side Swept Bangs
13.769853927267205,13.915514302711705,16.868860182741045,14.862779165364676,Round,Long Straight
14.171959302490166,11.188062430838848,18.589238308379166,13.264313998951403,Heart,Chin-Length Bob
14.641217800892294,13.948793550945005,16.903313281811677,13.107045920879015,Round,Long Straight
13.972133869632804,14.035794668463046,18.115927626095836,14.834805178067812,Square,Soft Curls
13.920092675138543,13.521864278339125,19.391608920960177,13.659703231422371,Oblong,Curtain Bangs
14.415858012633725,12.45368828965975,18.91368849186197,12.807769738779127,Oblong,Curtain Bangs
13.886501595195506,14.497978687587484,17.673869272143836,14.61044804734703,Square,Soft Curls
14.140827540236717,13.299164083966573,16.224728888457275,14.10132382047898,Square,Soft Curls
14.379179933479875,10.082767885136127,17.503259787825026,13.191659911811927,Oval,Side Swept Bangs
13.72075917008246,13.833842906077438,17.070594604235957,14.833215876420539,Round,Long Straight
13.965869035731188,10.82602183449981,18.529882432012013,13.766401183939028,Oval,Side Swept Bangs
14.282637065206373,12.075108284538269,17.963588352820295,13.150641734087168,Heart,Chin-Length Bob
14.476921000730751,11.38516275700988,18.062301282429686,12.908107892524509,Heart,Chin-Length Bob
14.194695728570396,13.36384822196382,19.011494382266978,13.764241388683581,Oblong,Curtain Bangs
14.342784418984664,13.978382585652843,17.628507072793173,14.176145884454185,Square,Soft Curls
14.37590521759165,12.499176605292204,18.83785860864398,12.68213391192071,Oblong,Curtain Bangs
14.47574464782129,13.464145800579528,16.884458972048435,14.474360772102548,Round,Long Straight
13.621388580478039,12.781888973184111,18.187487429782262,13.687093002343808,Diamond,Tousled Waves
13.4763178989659,12.941206206972312,18.899094926510866,13.205529990320086,Oblong,Curtain Bangs
13.288657914380018,14.588303668462885,17.465033986973033,14.044640162928662,Square,Soft Curls
14.688312978196441,10.158320975058848,18.770137120611583,13.339492902071441,Oval,Side Swept Bangs
14.072068698147406,11.812948393752201,18.57252265735457,13.831358168554111,Heart,Chin-Length Bob
14.951052443821498,10.26530673293213,17.56375997689832,14.086244875622187,Oval,Side Swept Bangs
15.06749189202703,13.810595539064023,18.8200773899541,12.80817991218405,Oblong,Curtain Bangs
13.274161515428824,12.63856084019934,16.926348564914473,14.832010414798324,Round,Long Straight
13.914974353413255,14.141395480039499,18.222782187068134,13.81962473107272,Square,Soft Curls
15.05954096691298,13.985513298313466,18.92630627873248,13.028738168843725,Oblong,Curtain Bangs
14.17788535698831,13.318309711103966,16.415082991805434,14.668321921858603,Round,Long Straight
14.716479930152337,13.270490394077822,18.338910932774244,12.77955744204368,Oblong,Curtain Bangs
14.251900621160447,13.015335224135193,18.81732298864825,13.640040051729919,Oblong,Curtain Bangs
14.323702273792064,14.707471669085637,17.009410690756717,13.850654578396139,Square,Soft Curls
14.524877309161345,13.384393191014318,19.789681005171243,13.410184650651356,Oblong,Curtain Bangs
15.416401568223916,10.689595835878968,19.125952973430152,13.35700748221929,Oval,Side Swept Bangs
14.493973377298882,10.837976877175647,19.449464817314297,13.780300291497518,Oval,Side Swept Bangs
14.444357603834396,12.235937475606853,16.697722984254202,12.790577457283892,Heart,Chin-Length Bob
14.169886388991829,13.502277997098636,17.273742202186654,14.054397371992868,Round,Long Straight
14.44612125980249,12.892880940564664,19.29044484156866,13.629511414881284,Oblong,Curtain Bangs
14.718198500701982,13.993868114009365,19.12104523589563,13.354146725275752,Oblong,Curtain Bangs
13.720617931155656,10.260994112817842,18.388697741631155,13.909401894186423,Oval,Side Swept Bangs
14.202776972350522,11.93022985521168,17.81250795840441,13.394118457764012,Heart,Chin-Length Bob
14.311234740881789,13.057660282051733,18.771678697934135,12.597920936579733,Oblong,Curtain Bangs
13.37001313319772,13.022613292064081,17.968689404454793,14.054674761720719,Diamond,Tousled Waves
14.482847329525276,13.300344768397387,19.510988800129187,13.469432766781699,Oblong,Curtain Bangs
14.338370984500811,10.288418081211576,18.68583436147498,13.717788634833205,Oval,Side Swept Bangs
15.122199406556529,12.137982869528372,17.537749952046404,13.430552859641754,Heart,Chin-Length Bob
13.714656183285406,13.59707354005076,18.68393928107633,13.819693575155068,Diamond,Tousled Waves
13.90847437959093,10.985592352766757,17.95209051019232,13.645892494450981,Heart,Chin-Length Bob
13.979572978566072,11.534663733459306,18.13459577957616,12.921947436502048,Heart,Chin-Length Bob
14.386914419453081,13.303045103797878,17.591511398821684,13.75276068429928,Round,Long Straight
14.012551107404343,11.270149863151296,17.764907574032982,13.291685903529448,Heart,Chin-Length Bob
14.116520302314424,13.339966364565067,18.90551042807608,13.224195284555256,Oblong,Curtain Bangs
12.821990670592633,13.346094288541353,18.178492212250113,14.637993963095763,Diamond,Tousled Waves
14.014177423160795,9.750204739190202,18.865116963227837,13.626419436538635,Oval,Side Swept Bangs
14.020877560879407,10.706289695090454,18.595793371654445,14.165484412127856,Heart,Chin-Length Bob
12.819014613633394,13.741210477524058,18.370770552050594,13.78295813984806,Square,Soft Curls
14.240004611593834,10.360461914203198,17.843757172268553,12.801627087784071,Oval,Side Swept Bangs
14.472911643378499,13.012600008679863,17.64418936540836,14.477210620905623,Square,Soft Curls
13.81821683470208,11.024881104236572,18.43078243758422,13.738317151188523,Heart,Chin-Length Bob
13.948448418012669,13.67800875584769,19.620563215257445,13.352289926220276,Oblong,Curtain Bangs
13.829970681641008,13.048981377197592,19.14299343639965,13.177384491138293,Oblong,Curtain Bangs
14.301797531217606,12.716881833196261,16.250517146647653,14.113156434492742,Round,Long Straight
14.001113266438129,12.965822137897984,18.07670946258376,13.256932469378505,Oblong,Curtain Bangs
13.443218858802,13.443242911945182,18.25621839890853,13.786101594675678,Diamond,Tousled Waves
14.423825449676462,12.82742905153336,17.24005774665366,13.178762616356702,Round,Long Straight
13.148591916453663,12.750707631684165,18.60674524741445,13.818944569062182,Diamond,Tousled Waves
13.813538943825963,12.932089185325388,16.832633192116468,13.636712913646178,Round,Long Straight
14.367593609983036,12.824092214346651,19.68453611920533,12.609082786628305,Oblong,Curtain Bangs
14.113290601724577,12.393720521795274,17.59186890934316,12.842617774202218,Heart,Chin-Length Bob
14.596981667746538,10.283403347114504,18.0111640786591,13.046456929279186,Oval,Side Swept Bangs
15.2745491435092,13.849956949089124,16.529981695800416,14.786537412561646,Square,Soft Curls
14.79416071002271,10.166965510132506,17.954046183187216,13.75787851754251,Oval,Side Swept Bangs
14.369412934439373,10.497802219405585,18.722951406067978,13.26962484199444,Heart,Chin-Length Bob
14.587134151425614,14.145459912714177,16.49088066737343,14.543174530952234,Round,Long Straight
13.218692471422019,12.507987841146804,18.013612963705977,14.045272813752819,Diamond,Tousled Waves
13.289463046284448,13.086784959306314,18.784518428009637,13.902967826302381,Diamond,Tousled Waves
14.062600480042265,10.754405387342844,18.618204393661344,12.47319465501513,Oval,Side Swept Bangs
14.040047109984496,13.694430008210208,16.98847941286824,14.471789321996454,Round,Long Straight
14.148567028253684,10.60818292425503,17.581767957746955,13.65077088823548,Oval,Side Swept Bangs
15.024998910792856,12.822626330812222,18.60000724475083,12.978106018315927,Oblong,Curtain Bangs
14.261437047951992,12.796082357632267,19.212987931793613,13.573110811030311,Oblong,Curtain Bangs
14.094382834382168,12.595481399515332,17.46362127788707,14.494829486970872,Round,Long Straight
14.369012485145097,14.178501438379858,17.630301945141003,14.55149930774399,Square,Soft Curls
14.184380969840777,12.847053070476708,18.75234797439734,13.80877460009318,Diamond,Tousled Waves
14.423074572559141,10.702721285466199,17.668389398020242,12.996579760682359,Heart,Chin-Length Bob
14.27012410121548,10.933369040834188,17.584860833731188,13.283139612584437,Heart,Chin-Length Bob
14.026363513019735,13.132667751080529,16.77614561343279,14.209898943584497,Square,Soft Curls
13.411671397134295,14.041730293950668,17.088448677163314,14.328030099013496,Round,Long Straight
14.640237713100081,13.819354820686419,17.222800886688944,14.469630985665814,Square,Soft Curls
13.654087076202142,13.131213101270463,18.906381454797973,13.747175081386096,Diamond,Tousled Waves
14.220715992218436,13.218208690832501,18.50928795318037,13.279114238805919,Oblong,Curtain Bangs
13.986832116280814,13.365863243985002,18.237615022302723,13.771847218672061,Diamond,Tousled Waves
14.653215749023616,10.773501247754876,18.859930970196583,13.353650129925196,Oval,Side Swept Bangs
14.132898035070442,14.234854130090088,17.000912873703363,14.11121902267238,Square,Soft Curls
13.493223555592902,11.765111431372931,18.149415778069777,13.842370024276045,Heart,Chin-Length Bob
13.796592735450817,14.14493348834431,18.247579060008743,14.74580872656697,Square,Soft Curls
13.452062994619038,13.252435024130119,18.768465363655665,13.11735447894492,Diamond,Tousled Waves
13.341840223985033,13.69637150537065,18.70175038270893,14.031404318808763,Diamond,Tousled Waves
13.27763148822632,13.95605701212511,17.214889224967678,14.19416825277765,Square,Soft Curls
13.405566723054614,12.973299980843507,15.972461926585327,14.638335860971262,Round,Long Straight
14.285698779701832,10.536436293281803,18.50078757216078,13.057890891974374,Oval,Side Swept Bangs
12.9908152116062,12.827653602316843,17.866836590939382,14.030105372289572,Diamond,Tousled Waves
13.412553351071292,14.383566857843372,17.479206829823212,14.429741494748567,Round,Long Straight
14.42659732923665,11.079328326939137,18.374059199602982,13.47451742858688,Oval,Side Swept Bangs
14.572285442828184,10.754322468281217,18.876182159765253,13.296047664961241,Oval,Side Swept Bangs
14.238479947189129,11.847915891506188,18.17735391024135,13.289324599868515,Heart,Chin-Length Bob
13.542219408620406,13.129233427552524,19.317973170623226,13.939463302414547,Oblong,Curtain Bangs
13.93413445927402,11.286759104513557,17.61514589115118,14.137221269452112,Heart,Chin-Length Bob
13.449899514964077,12.864017798325907,18.49699747631726,13.6531367338095,Diamond,Tousled Waves
13.694173062667188,12.862369551372478,19.894346091381305,13.396300877373282,Oblong,Curtain Bangs
13.875701996655904,13.367976171074424,17.121038988186868,14.163288708188366,Round,Long Straight
13.572576049052566,13.24335236258219,18.649443335126676,13.862208681807363,Diamond,Tousled Waves
13.797394282241237,12.971516260419728,17.967217341562193,14.024078882331972,Oblong,Curtain Bangs
14.877295801363873,11.074446105059064,17.669888035669857,13.171276651087943,Heart,Chin-Length Bob
14.701840583669476,13.235206109530505,17.576093359001867,13.9702133972439,Square,Soft Curls
14.244322341358494,13.442189809578238,16.121896121762656,13.89520620909138,Round,Long Straight
13.098412633562788,13.230265089358246,18.927382038746504,13.000720334277599,Diamond,Tousled Waves
13.607293746903371,13.691502175220585,17.321695106804086,14.402593861601629,Square,Soft Curls
13.90007911893897,14.201106435596927,17.19650182061463,14.142651398209793,Square,Soft Curls
14.21918251535831,13.122569094228853,17.35943151623921,14.048325509955546,Round,Long Straight
15.012662283421758,10.392999965908949,18.726021419957288,13.470760043701878,Oval,Side Swept Bangs
14.166692189175668,13.310753663487297,19.272965183424244,12.771898992036599,Oblong,Curtain Bangs
14.650955929235998,13.003799030544004,17.166227241674417,13.977478098707543,Square,Soft Curls
13.617649960185622,13.785660503211814,17.308813040009312,13.602765264171754,Diamond,Tousled Waves
12.730185121966992,13.511187437221789,17.111066232714933,14.824501930284045,Round,Long Straight
14.54746710951912,10.891212898881319,18.84501156789174,13.312081530006676,Oval,Side Swept Bangs
13.098187321376503,13.634998660561411,16.251570455149217,14.675369370939942,Round,Long Straight
14.40825052550264,12.140089884829885,17.568927581041702,13.610324354088874,Heart,Chin-Length Bob
14.29467186588696,13.192409550484642,18.76979869319718,13.399452668907522,Oblong,Curtain Bangs
13.115663670324222,12.751903264031744,18.833314803980496,14.206340563411738,Diamond,Tousled Waves
14.011944112514682,14.858485529017752,17.380084112985333,14.699411293165394,Square,Soft Curls
13.910465417205867,12.973794779899386,17.879227536800396,14.521742705962016,Round,Long Straight
14.156301409619855,13.49305032792468,18.784827290460363,13.566349632978772,Oblong,Curtain Bangs
13.205521971625746,12.81291468977605,19.50260390483171,13.154048081850917,Oblong,Curtain Bangs
14.078123598389567,13.273665486979484,18.4649570267739,14.632070179466062,Square,Soft Curls
13.717584084270952,13.289226009032241,17.480402339600076,15.022112521151872,Round,Long Straight
14.918947910428717,12.6539700007844,17.3439014411749,13.082805478595795,Heart,Chin-Length Bob
13.4256837357659,14.214765008272787,17.60743885913287,13.948089670404856,Square,Soft Curls
14.235310326766426,14.122004919167178,16.235216417950966,13.720713319741048,Round,Long Straight
14.899326071563896,10.286464985055819,18.033285667023197,13.896622867268825,Oval,Side Swept Bangs
13.892236826982947,11.352527031242001,17.98059713186553,13.201843068994666,Heart,Chin-Length Bob
14.535002208764862,12.988469662711536,19.72544742802721,13.201404177120306,Oblong,Curtain Bangs
14.48814064267633,13.500390104598548,18.66865308061164,12.464653225732043,Oblong,Curtain Bangs
14.358086366434872,13.238089712474594,19.28283607271269,13.162887252220601,Oblong,Curtain Bangs
14.285423081234764,12.568029296024283,17.063976844927645,13.835779588025364,Heart,Chin-Length Bob
14.197757107953489,10.339252711545305,18.315855687894096,13.164040458298485,Oval,Side Swept Bangs
14.248036521585794,14.714049416315632,17.758409102438915,14.078179338316673,Square,Soft Curls
14.030943251985347,11.783154942606158,18.910810244660983,13.295459788623404,Heart,Chin-Length Bob
14.310341446807533,11.215978564684859,17.564245330845548,12.149226912436095,Heart,Chin-Length Bob
14.69052307100297,10.135328994505015,17.556334038877935,13.789931366850402,Oval,Side Swept Bangs
13.05721338352093,13.075050306544469,18.943243603528913,13.162119945228039,Diamond,Tousled Waves
13.03480719166419,13.63210096457114,17.538821534332396,13.227603609157118,Round,Long Straight
14.377743958597117,13.436142396938292,17.92562266735501,13.554636581896686,Oblong,Curtain Bangs
14.26983446362383,13.336490864576671,17.588944902291853,14.595274902881375,Round,Long Straight
14.250178638761266,13.034188414239521,18.48944399070706,13.235106203631108,Oblong,Curtain Bangs
14.24735193489856,13.81174305692071,16.390537135500047,14.671904272445273,Square,Soft Curls
13.534343279989306,13.059851474673957,18.643721165913917,14.596127855349348,Diamond,Tousled Waves
13.033450750104349,13.379014821727186,18.253904581963887,13.440214278620502,Oblong,Curtain Bangs
14.26056963095472,13.45744884102163,18.735238567147505,12.533540480508144,Oblong,Curtain Bangs
13.770746494428804,14.196394434904988,18.038073240712762,13.428470931950551,Square,Soft Curls
13.848183226064453,12.96030296959293,18.400523745332194,13.601690035044754,Diamond,Tousled Waves
13.913846994629246,13.948812401367094,16.380748267224554,13.678870917127565,Round,Long Straight
14.067574313555037,15.245987116248353,17.074757183438415,15.064935034097248,Square,Soft Curls
15.046511785131441,13.17206082162021,18.839609640730192,12.984966309531941,Oblong,Curtain Bangs
14.178423643806013,12.662278790218839,18.95478575647045,13.82154564559256,Oblong,Curtain Bangs
13.233827782793394,13.111398241879224,17.386068071424376,14.033749634649267,Diamond,Tousled Waves
13.562192510301882,13.224372961812973,18.115752706072357,13.707821679152566,Diamond,Tousled Waves
14.41720260751178,13.19872728682477,19.15782950465673,13.331625299729671,Oblong,Curtain Bangs
13.884323792035968,13.451969524609106,18.317154704893493,14.593089325355656,Diamond,Tousled Waves
14.698185473106719,10.995595239076302,18.858582312400127,12.74648419263874,Oval,Side Swept Bangs
13.952357230575211,13.250897385311669,18.196803491540788,13.988433058030568,Diamond,Tousled Waves
13.819982592331296,14.101777168511383,17.213883815066648,14.674736203329585,Square,Soft Curls
13.92809082487384,13.781010398705847,17.043099593526097,14.162445819783755,Square,Soft Curls
14.068576234245661,14.186700586574153,16.990627917609864,13.20972145768726,Square,Soft Curls
14.801464594853789,11.067471946354035,17.899286036638763,14.126173151521757,Oval,Side Swept Bangs
14.325901121918553,13.207196489303527,18.788021682531028,12.720322110615815,Oblong,Curtain Bangs
14.620684472689332,12.907985272985233,18.58962461569009,13.628560458333128,Oblong,Curtain Bangs
12.855189661539182,12.720023794146183,16.969837503325227,14.169872024351942,Round,Long Straight
14.704280988132574,11.352411963375944,19.101168222256703,13.369529984567272,Heart,Chin-Length Bob
13.702153480511825,13.089661786016636,17.0390543578126,14.332166759803599,Round,Long Straight
15.092196904415722,9.877818109598815,18.35761979234554,13.666698662269688,Oval,Side Swept Bangs
13.683168473904926,13.203162850344395,18.488998540800218,13.45551077661642,Diamond,Tousled Waves
14.8594944939954,13.596398634771353,18.29631910736735,12.838575477140651,Oblong,Curtain Bangs
13.960176138235044,10.744780571603753,17.747533188962848,13.35398809112601,Oval,Side Swept Bangs
14.193598229933517,13.947503566902993,17.650145954127257,13.48249143647944,Square,Soft Curls
13.68609253064463,12.973165668986063,18.06276213122792,13.96711414813077,Diamond,Tousled Waves
14.250162009260286,13.21928219614958,18.604769354877064,13.134979455585247,Oblong,Curtain Bangs
14.487885151766545,9.923500924146758,18.230439103289985,13.64296626973699,Oval,Side Swept Bangs
13.897758118462752,12.119781590054512,18.459504632048592,12.876418188960184,Heart,Chin-Length Bob
13.972153196350114,13.14744853693765,18.42808499560532,13.60816289356354,Diamond,Tousled Waves
14.95108627722968,10.636022567626096,18.023919288576757,13.018580091496446,Oval,Side Swept Bangs
13.298903181950687,14.081210278094314,17.810948301757822,14.357167741807976,Square,Soft Curls
14.427441281029846,10.010742550162098,18.101493932435407,13.950425974875726,Oval,Side Swept Bangs
13.281252897542114,13.253955818633287,17.69355733072818,14.015430646578128,Diamond,Tousled Waves
14.256567514111127,10.892288007972134,18.95644162280123,13.287772544429986,Oval,Side Swept Bangs
14.153937925520472,12.995384315515272,18.257649791069927,12.921761823285761,Oblong,Curtain Bangs
13.53734131800906,13.32143852138045,18.295370086987294,13.703434816983986,Diamond,Tousled Waves
14.95612731804476,10.498992117056117,18.915149512299468,12.77388366135803,Oval,Side Swept Bangs
12.513785709893185,10.587096741871271,17.6652836733974,13.401664036878476,Oval,Side Swept Bangs
13.665597469305325,14.302635372589377,17.173593364403327,14.10558242763465,Round,Long Straight
14.907800539465727,10.620982940651919,18.233291198971123,13.917908497405817,Oval,Side Swept Bangs
13.462681925837833,14.15240544747727,16.72381465981862,14.129414599757903,Square,Soft Curls
14.583862237179744,11.144202564637052,17.582934103453937,13.245481043279575,Oval,Side Swept Bangs
14.551557401808324,13.340492770057159,19.087935601621663,12.88404286035097,Oblong,Curtain Bangs
14.189600073994807,10.97162488669911,18.471848816259325,13.638012543369948,Oval,Side Swept Bangs
13.419804461684116,12.761681851713247,18.681403109082282,14.096885428688394,Diamond,Tousled Waves
15.17267054100256,12.814557612594548,19.421281322164617,12.748211606219751,Oblong,Curtain Bangs
13.522013513446401,13.563120563246034,17.203688066437433,13.750748956798978,Diamond,Tousled Waves
13.718026698410316,13.612962076906088,17.71492408456132,14.596485392738774,Square,Soft Curls
13.413020004833163,13.276989953874562,18.27853820927003,13.85179726786693,Diamond,Tousled Waves
13.983846281107088,12.094452864813656,17.96357339464722,13.671417238592271,Heart,Chin-Length Bob
14.081105503767288,10.289872538248671,18.398651866490017,12.870242839471185,Oval,Side Swept Bangs
13.709832880116009,11.195110920269727,18.079270947726535,13.163394236582379,Heart,Chin-Length Bob
13.080920067351144,12.898397442657567,17.998499166536842,13.67795674084989,Diamond,Tousled Waves
14.99289540346894,14.53724043365608,18.042884115403105,14.620887241360167,Square,Soft Curls
13.308436810385265,12.873265641294388,16.439294542044127,14.695196820710425,Round,Long Straight
14.21154460866204,9.972996013769796,18.24896183155755,13.391148047505746,Oval,Side Swept Bangs
14.605273507803377,11.64325738508923,17.39182977292389,13.812369221148492,Heart,Chin-Length Bob
14.189873673015166,11.428982728163971,18.16286787753964,13.168879615978861,Heart,Chin-Length Bob
14.221839498731208,11.822535675616116,17.37678893276281,13.293473590291246,Heart,Chin-Length Bob
14.24080328496891,15.063143754428332,17.827836026965723,14.266312473232476,Square,Soft Curls
14.725365225627923,10.946521479478742,17.872166441776994,13.465570812650888,Heart,Chin-Length Bob
14.341680092784577,13.25530543619815,19.19142411229102,13.13042467260858,Oblong,Curtain Bangs
14.516267576525776,9.982407719936027,18.314208531668008,14.046316514295691,Oval,Side Swept Bangs
14.340517322879515,13.201801207171489,19.978468491936823,12.729373383508682,Oblong,Curtain Bangs
13.251722290534385,14.366382861554023,17.001071195300135,13.899512248033814,Round,Long Straight
13.42088874476873,14.217888218469277,17.796584293237576,13.467873328346379,Square,Soft Curls
13.9156223842479,13.805776703070805,17.64865354899802,13.455260454652905,Square,Soft Curls
15.116527128800463,10.839928765092285,18.28879544383944,13.40006897316151,Oval,Side Swept Bangs
13.917422716967017,13.572787478805735,17.290005611539772,13.88780720017561,Square,Soft Curls
14.734694770915501,14.480411638600778,17.99667188300216,14.213980642258074,Square,Soft Curls
13.247687157244647,13.473993717011739,17.45159505829439,13.387073135568041,Round,Long Straight
14.27855836036754,15.204432249479517,18.061879116285287,14.745940932733244,Square,Soft Curls
13.932387813848123,13.987502372319476,16.628863237312572,14.423437053880676,Round,Long Straight
14.481069869912075,13.322815163138076,19.67738050782734,13.043547568907172,Oblong,Curtain Bangs
14.392695246462388,10.511761066787146,17.897372873296185,13.578332384637696,Oval,Side Swept Bangs
13.62214999851822,10.892384743013546,18.52949398069401,13.277645316956495,Oval,Side Swept Bangs
14.067089680426806,10.37973538433973,18.90634290353141,13.707323186324698,Oval,Side Swept Bangs
13.651530670580364,13.537148634101062,17.854241683007263,13.657478476354344,Square,Soft Curls
14.009149387380045,14.047436212196715,17.677413308084688,14.462787436972672,Square,Soft Curls
13.90438252764758,10.50559940563448,17.524530311606128,14.35328376184591,Heart,Chin-Length Bob
14.925923231900454,14.945849901726092,17.41843259704787,13.117537455842427,Square,Soft Curls
12.886486833822834,13.659223477552885,17.41582134131338,14.688162865477018,Square,Soft Curls
14.57045650514753,13.298480137501668,18.532513354401832,12.882268054435977,Oblong,Curtain Bangs
13.950734251373557,13.849701157898826,17.169638769195068,13.499919081109923,Round,Long Straight
14.28515264671021,14.206425202610209,16.96836543342823,13.625903565158815,Square,Soft Curls
14.30282612602861,13.858925374269244,18.332288434075743,14.280827594887768,Square,Soft Curls
14.242007111904984,10.469491047261295,18.539329551328247,13.194214299978615,Oval,Side Swept Bangs
14.027747070729772,10.754149197442633,18.998562885255627,13.729856874902406,Oval,Side Swept Bangs
15.249004826800345,10.25684908833199,19.485464262770623,13.124842732433954,Oval,Side Swept Bangs
14.018931227315607,10.585157967908147,17.586445236475573,13.235822591905963,Heart,Chin-Length Bob
14.723138897200618,11.63954251672967,17.206168005755057,13.289627511075006,Heart,Chin-Length Bob
14.312410905234376,10.576726803018357,17.314079238218785,13.106351144895472,Heart,Chin-Length Bob
14.00065757730049,13.271781209778942,18.547864766660407,13.118413428604189,Diamond,Tousled Waves
14.70716801276651,13.716494470550595,17.957186743864252,12.979901792240122,Oblong,Curtain Bangs
14.074604776619186,13.822910940989114,16.64804269464761,13.867769191833789,Round,Long Straight
13.956785179391419,13.252934460366381,19.615706705920264,12.954782601296195,Oblong,Curtain Bangs
14.990208108733613,10.160882827249084,18.004258775912795,13.816229420569238,Oval,Side Swept Bangs
13.808758442332461,13.516696379884483,17.575501724593053,13.623168460683816,Diamond,Tousled Waves
14.242348700864001,13.516233822252604,16.45546196860131,14.253135938978042,Round,Long Straight
13.194928737237824,13.86669247317184,18.98178438387911,14.146186194295506,Diamond,Tousled Waves
14.777026424929373,13.235170963285528,19.39162726204835,13.814223013606275,Oblong,Curtain Bangs
13.555073294459948,13.10603097743547,17.38435658295189,13.810281787040758,Diamond,Tousled Waves
14.242571485500358,13.976158779959965,17.22445232138601,13.748801835411713,Round,Long Straight
13.37902728072696,13.017147884708738,18.836395729908737,13.129866007028339,Oblong,Curtain Bangs
14.270150195856202,15.027144522507642,17.580735710441726,13.915084569866288,Square,Soft Curls
13.687576543464898,13.558377262079654,16.575045368028654,14.082545474042965,Round,Long Straight
14.051560455494844,13.60177131178193,17.201635328230648,14.24073953633603,Round,Long Straight
12.912135929726539,13.819086271425455,16.651687655473673,13.469021220865983,Round,Long Straight
13.976931001232963,11.739332796689432,17.700053538593455,12.66467229237109,Heart,Chin-Length Bob
14.727243921109348,9.897689955929724,18.58422444217182,13.5829832622756,Oval,Side Swept Bangs
14.27443335953478,14.401470652573728,16.313665215122395,13.995427523304098,Round,Long Straight
14.34778775564992,10.647085609911183,18.62877247876506,13.345334514575004,Oval,Side Swept Bangs
14.28062904344116,10.92375865176494,18.316106752970896,13.702597408633238,Heart,Chin-Length Bob
14.290935450852052,13.337197691917728,16.65859729042089,13.477862606251163,Round,Long Straight
14.148846438165437,13.43519914934738,18.465365244324015,13.35927644430824,Square,Soft Curls
14.32160767015697,13.819957939265697,19.305290535235027,13.316601999540701,Oblong,Curtain Bangs
13.801354445699081,12.67199248016746,19.394021271449144,13.825087329537634,Oblong,Curtain Bangs
14.266041465487428,10.017917032261204,17.05832678720104,13.092738990963884,Oval,Side Swept Bangs
14.159385789159845,13.832520803613331,19.343720338975178,13.366061042221771,Oblong,Curtain Bangs
13.794222708809441,13.675467978662311,18.23819181883671,14.127781522963692,Square,Soft Curls
13.520091244384487,11.15680941631004,17.37654318300634,13.215200684695523,Heart,Chin-Length Bob
14.442755906590717,13.168115532672777,18.95446065174384,13.751450432005923,Oblong,Curtain Bangs
14.136460865918135,11.219305654415772,18.107817917667024,13.522952095135738,Oval,Side Swept Bangs
13.676308050029274,13.557886029874703,17.19532480056725,14.240783748438632,Round,Long Straight
13.180561270373333,12.784011641965643,19.452897091132506,13.614354123092161,Diamond,Tousled Waves
14.30783287964073,13.136408137685043,17.374008999478352,13.960700433843687,Square,Soft Curls
14.698825552245138,10.078712765678095,17.897890811491948,12.922667382357815,Heart,Chin-Length Bob
14.649935470353533,10.059012837094583,17.999644955189122,13.377066292701379,Oval,Side Swept Bangs
13.76623688461289,13.02481000394413,18.374976656941932,12.548854452500876,Oblong,Curtain Bangs
14.998827943179714,9.955117756397918,18.39715609977736,13.78981119724837,Oval,Side Swept Bangs
13.23238052290752,12.894508154842041,18.33356238073987,14.397338895767193,Diamond,Tousled Waves
13.89861114706418,10.41351023075569,17.484542897952906,13.32898795843484,Oval,Side Swept Bangs
14.49807928179763,11.061526218296757,17.580746753258996,12.797367650483256,Heart,Chin-Length Bob
13.491910536520002,13.592507620148439,17.682991237745792,13.546566550656516,Diamond,Tousled Waves
14.078080744707078,14.111709602910803,16.251040370731292,13.936745506009684,Round,Long Straight
13.965602092080383,13.443183247114465,15.771729288986014,14.274715616932683,Round,Long Straight
15.251026044529196,10.52024154513253,17.896494755313633,13.280767749704392,Oval,Side Swept Bangs
14.808066369570557,14.461124061314338,17.845589863244015,14.207095889044657,Square,Soft Curls
14.179830382479874,11.405675692626625,17.77367445704708,13.746403973459493,Heart,Chin-Length Bob
14.028895119027753,13.61575517542136,17.524578649470758,13.960399901810508,Diamond,Tousled Waves
14.198147161137694,13.80992440152685,16.672047649207613,15.492149731077026,Round,Long Straight
13.165790843782524,12.944066646689354,17.092505639138984,15.089886990282253,Round,Long Straight
14.099708731716243,11.371338704525943,18.361623330213813,13.471341391150302,Heart,Chin-Length Bob
13.64893354242449,13.782846810005923,17.11147284007167,14.541786536574403,Round,Long Straight
15.073512760878907,11.672750814916037,17.961811078162043,13.583789450807691,Heart,Chin-Length Bob
14.209682201318069,14.011348595386027,17.51707928135448,14.635176783001336,Square,Soft Curls
15.249406270941199,9.870510125284081,18.50798790123788,13.210175307066939,Oval,Side Swept Bangs
14.07674352812906,13.366654830749253,19.341802417503448,13.206609463621474,Oblong,Curtain Bangs
13.524360135066448,10.087528282328217,19.028650059930566,12.385210374154015,Oval,Side Swept Bangs
14.535927776676443,14.25658028488933,18.19231181672001,13.924338233869443,Square,Soft Curls
13.449882121121055,10.6457306971597,19.250753799042723,13.858901274559432,Oval,Side Swept Bangs
13.929430891754274,13.243724270430407,18.71780560079473,12.936352055958773,Oblong,Curtain Bangs
14.919693169201027,10.881095257795101,17.358424314362257,12.944827945992127,Heart,Chin-Length Bob
13.800357327660972,11.58825230916147,18.404481799884824,13.390381724501356,Heart,Chin-Length Bob
13.048571495857715,13.922393256685465,17.8001197350129,13.69585510920436,Round,Long Straight
14.00655399406835,13.41070449291034,19.836129273417818,13.050790215027192,Oblong,Curtain Bangs
13.648912707486245,13.455771671016784,19.409081987774936,13.251805706162736,Oblong,Curtain Bangs
14.206040954716247,10.87135294746058,18.812237497681842,13.17811283597842,Oval,Side Swept Bangs
14.511481859069614,9.932852660093564,18.90495135139495,13.381647633895081,Oval,Side Swept Bangs
14.26762048901934,10.460422857741442,18.52577632917947,13.84692254430422,Oval,Side Swept Bangs
14.123471089981877,13.415533117249938,17.35081116318649,14.224084910053241,Round,Long Straight
13.781851211173796,13.916694485067707,17.441384249146676,14.282932841707082,Square,Soft Curls
14.302171253532288,10.317398952280538,19.65842728012571,13.864938006684183,Oval,Side Swept Bangs
13.625805258249702,14.282737282389869,17.578079906786503,14.224998649697657,Square,Soft Curls
13.514510925869626,13.642216743538114,18.392250388562207,13.820568067494543,Diamond,Tousled Waves
14.643495087408697,13.300769338710733,19.057403866159262,13.36947669376649,Oblong,Curtain Bangs
14.43970064257379,10.477264629488392,18.15751431490013,13.185056111116705,Oval,Side Swept Bangs
13.514625324905163,13.249883344648758,17.066281988033428,13.936719937194871,Square,Soft Curls
14.02933616245622,13.839567677790516,16.309412654025092,14.827743229837242,Square,Soft Curls
14.979692067926784,11.745761783583596,18.784153158141255,13.00622661430222,Heart,Chin-Length Bob
15.436278464549636,10.087460879133987,18.64232186034284,12.974899759836,Oval,Side Swept Bangs
13.468514405266983,13.344041506138801,18.146298956231632,14.199844417450466,Diamond,Tousled Waves
14.248459959492205,13.00655845815866,18.70017105231464,13.559380412438696,Oblong,Curtain Bangs
13.93317923575559,13.566333157514388,19.6289588142828,12.611707084537105,Oblong,Curtain Bangs
15.000949919239112,12.595364152722302,17.94159097087843,13.770403686515381,Heart,Chin-Length Bob
15.008409387866466,10.363372923224256,18.60916212972593,12.958670835442566,Oval,Side Swept Bangs
13.891529395232757,13.748497911736983,17.23020148636092,14.559437898103056,Round,Long Straight
13.8824750143632,13.002590472801598,19.97814881579085,13.192009307626556,Oblong,Curtain Bangs
14.290770388982953,13.183857723397683,18.56789136458413,13.869948808208,Oblong,Curtain Bangs
13.265099241849997,12.782389592418689,18.00076156951274,12.872522874437024,Diamond,Tousled Waves
13.486592421907652,13.002599318445373,17.279548392474773,13.682146135532614,Round,Long Straight
14.275574908837593,14.2065306584069,17.359342445513963,13.91323274108163,Round,Long Straight
13.892800441881691,12.71931814056561,16.913483431724842,13.587787302686866,Round,Long Straight
14.176392753701643,14.803898613392326,17.222238300204804,13.01731741353381,Round,Long Straight
14.055693416866978,13.257634702892208,19.039694525208976,12.970157482448945,Oblong,Curtain Bangs
14.095760216393545,13.328538205915853,17.032852580229548,14.354534678612811,Square,Soft Curls
13.781593986941974,13.419484093752407,18.283584597598924,13.923950097087232,Oblong,Curtain Bangs
14.12805096623249,11.393523372983584,17.981599376690355,13.20594884924759,Heart,Chin-Length Bob
13.893975112374497,13.787793464501675,17.446782843025403,14.421234097712032,Round,Long Straight
14.400364645149303,10.414916752532346,19.881821866716493,13.869020583187442,Oval,Side Swept Bangs
13.11729115780905,13.23783886027891,18.057588823396067,13.784767150521919,Diamond,Tousled Waves
13.86834014325706,10.30879272986015,19.56609690831842,13.719923366074768,Oval,Side Swept Bangs
13.233711163265015,10.960297086411174,19.14208248262954,13.342624857803681,Oval,Side Swept Bangs
14.18815100250442,13.057911589295507,16.749517926830205,14.777959597032874,Round,Long Straight
13.681164466874831,12.543940309682212,16.947826581518118,13.9822520260048,Round,Long Straight
15.089576488555178,10.479308544424333,18.254490962327868,13.907285571848007,Oval,Side Swept Bangs
13.508303752228638,12.922394293079995,18.79013813147551,13.945573653068314,Diamond,Tousled Waves
14.488258573203051,10.5447419185304,17.873258318640293,13.274926890488786,Oval,Side Swept Bangs
14.488588866335208,10.395702637367812,19.249447124889965,13.574502112883458,Oval,Side Swept Bangs
14.873702652094595,11.516155763484095,18.350932712188694,13.672700005833438,Heart,Chin-Length Bob
13.98742949808816,13.975329528321815,17.027965751244572,14.283775730204539,Square,Soft Curls
14.19015009925939,13.014509500169162,19.568623478869537,12.771650146873379,Oblong,Curtain Bangs
14.274267716014398,10.884689889399851,18.687420586550065,13.467843863673934,Oval,Side Swept Bangs
13.557137788462708,13.26731436947909,17.476756942992232,13.680203698119083,Diamond,Tousled Waves
14.884045016594419,12.953256553566044,18.829152302704255,13.042463724348348,Oblong,Curtain Bangs
14.443017380734464,10.240308090801244,18.7879836840713,13.566423300022358,Oval,Side Swept Bangs
14.217003835124615,12.960471322192149,16.812825844998024,13.908018782825543,Round,Long Straight
14.715981103179441,10.156262853477894,19.039900002911644,13.964123690055377,Oval,Side Swept Bangs
13.792814945234765,13.018838401832724,18.718275183738054,14.255517532800956,Oblong,Curtain Bangs
13.780309225447358,14.865053880839667,16.86787645058253,13.521289988168311,Square,Soft Curls
14.168174275637883,11.066227805264099,17.676985928911225,13.136422572913059,Heart,Chin-Length Bob
13.400443045981236,14.084432953959158,17.575031102757425,14.500848035816773,Round,Long Straight
14.750362770199608,10.510673400318005,18.210177292927582,13.103839410812258,Oval,Side Swept Bangs
14.648562656105053,10.89367195565184,17.30747600138455,14.0388701355379,Heart,Chin-Length Bob
14.175806092410221,13.346686990987486,18.76627579250883,13.730750131052432,Diamond,Tousled Waves
13.13473086123948,13.806521753598302,17.2560900245032,14.058060760732326,Round,Long Straight
13.867921118191951,14.48861599874077,17.011918325983356,13.631273789044505,Square,Soft Curls
13.784759007124432,13.243028117976005,18.429723635731122,12.987956139754589,Oblong,Curtain Bangs
13.198323404692042,13.104019149306604,17.49115489703326,13.893539764097055,Diamond,Tousled Waves
13.930781276274073,13.251014332470968,18.980053804856816,14.502946729077589,Diamond,Tousled Waves
14.877994207580931,10.503450004752553,18.515317425960884,13.794197387784637,Oval,Side Swept Bangs
14.303161697074415,10.520668433936635,18.063739427833216,12.931718960544128,Heart,Chin-Length Bob
13.531645101016567,13.982436677814475,17.468612321050166,13.306068863611342,Square,Soft Curls
14.570030467519466,10.860056527609913,17.8393846808857,13.998729997323151,Oval,Side Swept Bangs
13.553535174939164,14.034268045430727,18.78090510696524,13.305114811965307,Oblong,Curtain Bangs
13.616465077092439,11.478517401461847,17.929619630789873,13.438233261230051,Heart,Chin-Length Bob
13.971151211534423,12.841427425586849,19.581113461187638,13.261236351223346,Oblong,Curtain Bangs
15.187606571825837,11.234187938292745,17.592044016368014,13.87535608040612,Heart,Chin-Length Bob
13.739609704728364,10.872712667645619,18.371899717404943,12.91190966853617,Heart,Chin-Length Bob
13.649868244573788,12.49439268334172,17.1039480533979,13.569251149247382,Heart,Chin-Length Bob
14.235924540677903,12.115705553487608,18.855613684305858,13.420838611934764,Oblong,Curtain Bangs
14.002090267267818,13.954735395235362,16.78984916291474,14.381379974184364,Round,Long Straight
13.467091202807067,12.777574923413702,16.346289067180432,13.284227347302144,Round,Long Straight
14.45284001749078,13.185378669132879,17.657915385689513,13.8900215321091,Square,Soft Curls
14.163996436996346,13.740829160252177,18.766805098970547,13.483206529034117,Oblong,Curtain Bangs
13.477091086580216,13.144317393612896,19.353003186599523,13.146417440292865,Diamond,Tousled Waves
15.135231192358733,10.73615460482253,18.22045904628849,14.142207077860794,Oval,Side Swept Bangs
12.8730667349867,13.229670336008425,16.389778881033713,14.229809383575729,Round,Long Straight
13.46113363083924,14.210188966327513,17.421788775889137,13.781281212208171,Square,Soft Curls
14.162736196255151,13.84097518062847,16.95915141807858,15.452778735362054,Square,Soft Curls
14.241737501888554,9.586467761737719,18.00750588516895,12.977537675166019,Oval,Side Swept Bangs
14.367136315712507,14.151566436782936,17.72184681166936,13.836984504946962,Square,Soft Curls
13.358238643062327,13.063077649527202,18.182429963326847,14.259209617218259,Diamond,Tousled Waves
14.138174529767044,14.245468830855554,17.773559577762807,14.476121812589236,Square,Soft Curls
13.57106887921917,13.33390346037293,18.806758391313835,13.52585493372052,Diamond,Tousled Waves
14.090761990205246,10.887204575604732,17.906427935138613,12.581410636641104,Heart,Chin-Length Bob
14.057374567504693,13.439552698756813,17.531586241865146,13.682901377157583,Round,Long Straight
13.386752990413912,13.617189575045616,18.902290223754733,13.518471211608734,Diamond,Tousled Waves
14.283125581104064,13.324570152267022,19.188286015364493,13.149110221833563,Oblong,Curtain Bangs
15.068896762809493,10.516889028059133,17.598998560087153,13.697132648956147,Heart,Chin-Length Bob
14.194775773145691,14.694115268641157,18.13182801054953,13.880026647317914,Square,Soft Curls
13.9504957564755,12.935747053706955,18.67996614857544,14.735862038764566,Diamond,Tousled Waves
13.918645442179658,13.239984679734285,18.059242737501997,13.103771647826562,Diamond,Tousled Waves
14.624554196966931,10.924407761023078,17.409666428819403,12.902790688312916,Heart,Chin-Length Bob
14.271708657928166,11.49649519076911,17.952589825422294,13.188906786422105,Heart,Chin-Length Bob
14.368606655265296,13.389183725347491,16.594815845962845,14.136072648495217,Round,Long Straight
15.029393803743158,13.340431767177192,18.806027855163503,12.665691493632886,Oblong,Curtain Bangs
13.878649542101352,14.105933613428721,17.318644117415367,13.17701044814606,Square,Soft Curls
13.850742733380272,13.776230703838245,19.738620775521728,12.910603304544937,Oblong,Curtain Bangs
14.82518923949015,10.002111413538804,19.32690984605209,13.585692058852905,Oval,Side Swept Bangs
14.30727462092314,12.622607141012171,17.30888808463907,14.018030242504269,Round,Long Straight
13.782503527529718,13.540246006003015,18.254683905297092,13.557242534987944,Diamond,Tousled Waves
14.878980675326149,10.449510087133167,17.989482688867092,13.117110244051196,Oval,Side Swept Bangs
13.80634529561824,11.242707412096081,18.374549864764166,13.566202291221117,Heart,Chin-Length Bob
13.985104015726304,13.52329471681215,18.562288200590675,13.285903688683309,Oblong,Curtain Bangs
14.400209756436414,11.921174626081159,17.01060093061675,13.067870009404203,Heart,Chin-Length Bob
12.84861065296679,13.104394564568523,18.817878945336243,13.603863512008157,Diamond,Tousled Waves
13.742566856001158,14.441003881555712,18.065331679202046,13.98038117443656,Square,Soft Curls
14.831204250009236,10.042761560380361,19.311438229695394,14.351043663036267,Oval,Side Swept Bangs
14.720977933045377,10.414479706389933,17.529221325163938,13.777064647959559,Heart,Chin-Length Bob
14.03045743650114,13.705241685898486,19.29961642239714,12.979458926586343,Oblong,Curtain Bangs
13.996233604853797,13.512000565606204,17.42376380160041,13.742947543337602,Square,Soft Curls
14.530010498975283,15.095724694616242,16.783493783549783,13.045647805090152,Square,Soft Curls
14.104302467818362,12.618792926941858,19.01833928670396,13.535693559884034,Oblong,Curtain Bangs
14.67922552344482,14.088288879796082,17.418343445058895,13.01753994030553,Square,Soft Curls
14.217956503009434,13.237699967003229,19.325982076539614,12.978689743328262,Oblong,Curtain Bangs
14.024774012453323,12.63452678751177,17.805142848627398,12.825812817492702,Oblong,Curtain Bangs
13.54928191055908,13.34103589005803,18.72543624794426,13.043756893904304,Oblong,Curtain Bangs
13.093818192435446,12.001106490781426,18.963825979659063,13.362004016029195,Diamond,Tousled Waves
14.279335942979944,9.891575913582876,19.072953329940166,13.544757311111864,Oval,Side Swept Bangs
13.153091012122543,13.0551736344293,19.047333225302634,13.815249787836356,Diamond,Tousled Waves
13.896253145559077,13.48698156016799,16.54587108091313,13.943969144603159,Square,Soft Curls
13.98731411844098,14.05447598265126,15.882978097192902,13.454260182302932,Round,Long Straight
13.709836013344182,13.980487283351144,17.443019634195757,13.963508079448253,Square,Soft Curls
14.17182272063632,13.507022948854711,17.99640868634397,14.246346925404813,Square,Soft Curls
14.073032316375592,13.833215647253418,19.802155834504415,13.605999788136321,Oblong,Curtain Bangs
12.968426757991281,11.105195882868864,18.96889365918202,14.293828306901334,Oval,Side Swept Bangs
14.454821010773928,14.298027470254228,17.406844381413567,14.702354582753479,Round,Long Straight
15.48984818683255,10.560201540926021,17.57867199974073,13.363462528828537,Oval,Side Swept Bangs
14.682932778567205,10.50353070710308,17.76994939819611,12.831263811201854,Oval,Side Swept Bangs
13.89656441670414,13.524417373940802,19.81457257701886,13.599759591089494,Oblong,Curtain Bangs
14.649876754162342,13.178482920168834,18.090190455968365,13.07548446797007,Oblong,Curtain Bangs
14.363991135643694,11.249673329304585,17.841170355230698,13.693976480635293,Heart,Chin-Length Bob
14.37968983395297,13.835977384674642,16.54116457334891,13.779485883295038,Square,Soft Curls
14.225296689329953,13.686012804333053,18.69965488069499,13.445348199081673,Oblong,Curtain Bangs
13.571795636199425,13.217024374828156,18.679792091892022,13.527910115308401,Diamond,Tousled Waves
13.966081058388461,13.20531297903635,18.662110135204518,13.443616395692791,Oblong,Curtain Bangs
14.128044921020782,10.564101602039194,18.443266869264914,13.57350499405511,Oval,Side Swept Bangs
13.290586359174242,13.074894723608166,18.269542229812092,13.949685628797793,Diamond,Tousled Waves
13.818307072504172,14.362644287111193,16.49588653568368,13.98950944866844,Round,Long Straight
13.547898411652525,13.354805906892631,18.415526786279035,13.143096715097364,Oblong,Curtain Bangs
14.051155703538123,13.319303456232582,18.707448867906542,13.021946216110704,Oblong,Curtain Bangs
14.556522386519445,13.63986426126588,16.705273299970276,13.895349577003149,Round,Long Straight
14.896121409471252,13.118391271610397,18.636610938727312,12.987667984839527,Oblong,Curtain Bangs
14.210571441885099,10.235757815418502,17.750516815810318,13.035066227288507,Oval,Side Swept Bangs
13.859640888273692,13.440258110772497,18.796487524794486,13.170288539429194,Oblong,Curtain Bangs
14.57454710326381,14.663727312287563,17.372720759237975,13.704088604314121,Square,Soft Curls
13.138815444077727,13.457826206116358,18.121710776569714,13.662004968232742,Diamond,Tousled Waves
14.110020545897601,11.106229492383235,17.976227360478376,12.842346509599365,Heart,Chin-Length Bob
14.987214300119081,10.260020747521295,18.414215286877816,12.94951203455714,Oval,Side Swept Bangs
13.81412195974859,13.328079074004592,16.95426998905085,14.76441936409013,Round,Long Straight
14.576170432823771,10.155687618382519,18.08431717845858,13.726378749737048,Oval,Side Swept Bangs
14.587911541019244,14.130658815131982,17.87055556933873,14.336162511311969,Square,Soft Curls
14.644149171778947,12.956481060365853,17.859533784141526,14.526710910917618,Square,Soft Curls
13.646284968353621,12.865135735322882,18.552787072868497,12.970930613079437,Oblong,Curtain Bangs
13.282344805604986,13.290764086549151,18.647907738620404,14.379441322495389,Diamond,Tousled Waves
13.589726798988885,13.537851966848075,18.19213016559646,14.355016805836588,Square,Soft Curls
13.862939994660033,13.735894334612516,16.964150917085433,14.286569321716213,Round,Long Straight
13.824148382945232,14.123758955078285,16.742800025427137,13.675088034723002,Square,Soft Curls
13.664858435196738,13.78532182758074,17.04228557236351,13.753672111218203,Square,Soft Curls
13.789296616936003,11.799927022588026,17.77133797203145,12.653407364561735,Heart,Chin-Length Bob
14.100333447078963,11.688324866949301,17.536961617108133,13.142160387008188,Heart,Chin-Length Bob
14.448284144034279,11.69200607483462,17.082299907707895,13.746672602823189,Heart,Chin-Length Bob
13.871798449268756,13.202966476159036,18.97597130611437,13.048026272827354,Oblong,Curtain Bangs
13.502903525555071,13.831995937627166,18.350842679409947,13.331747452363414,Square,Soft Curls
14.77181147062453,13.845658431977448,17.535529375142307,13.4718389688571,Square,Soft Curls
13.883954658338268,13.014152222912033,18.451624990477026,13.16961732227581,Oblong,Curtain Bangs
13.61181305092334,14.436621005760887,16.410493112091906,14.073712188529726,Round,Long Straight
14.595860263078112,10.94803146994872,18.162895068236217,13.286912557835992,Heart,Chin-Length Bob
13.16308934767693,13.46684049966917,18.414647396868595,12.849019832971038,Oblong,Curtain Bangs
14.832807453541557,10.334699246508748,19.04114418732321,13.973673345540258,Oval,Side Swept Bangs
13.489852230460874,13.898645400469281,16.610536995033367,15.148570006952164,Round,Long Straight
13.916754633706377,13.609425105980836,19.43229328676634,13.370265987096348,Oblong,Curtain Bangs
13.47672139848817,13.418082688431443,15.929227135344671,14.135128057884835,Round,Long Straight
13.594120272037921,13.25027510562936,16.760674709882288,13.23229859084315,Diamond,Tousled Waves
14.140032726480472,11.664677051084851,17.960592740536853,13.397484690909122,Heart,Chin-Length Bob
13.701240471494465,12.819887363643364,18.52233427053582,14.082959963771916,Diamond,Tousled Waves
14.157553751753278,13.88653258029457,18.456176454463122,14.276785511454882,Square,Soft Curls
13.801416342681442,13.306617131025428,19.384903899774983,13.024696830132797,Oblong,Curtain Bangs
15.034700099646345,10.626397767743374,17.126276515150455,13.607579858099736,Oval,Side Swept Bangs
13.791461781727769,14.264972783051453,18.001574213242023,14.12494035530166,Square,Soft Curls
15.244588537785654,11.417180235380822,18.13133516592006,13.870192725088257,Heart,Chin-Length Bob
14.166217353120869,13.513140552819907,18.685711506706635,13.087963592842756,Oblong,Curtain Bangs
13.367962061207688,14.109343789476616,17.684176760183142,14.626330018095663,Square,Soft Curls
14.538346332918286,13.099068934640899,18.38286362883909,13.414890745101276,Oblong,Curtain Bangs
14.389865095420145,13.879274793534446,17.507142127152648,13.914997959909247,Round,Long Straight
14.26885880781173,11.123469791132106,17.784884754943928,13.441903422864865,Heart,Chin-Length Bob
14.077719624529845,13.914284943934067,17.448868485038204,13.629789403171653,Square,Soft Curls
14.42108571955829,14.022581209674746,17.427938387553304,13.644699525611598,Square,Soft Curls
13.358886933043165,14.670545065072776,17.801803888900043,13.198137365346955,Square,Soft Curls
14.337701039920223,14.467711129276884,17.58117000187029,14.839728746399327,Square,Soft Curls
14.58161400476931,10.765708731409138,17.99918656487154,13.598712997239355,Heart,Chin-Length Bob
13.23674860485113,13.413584024988726,17.402524397008506,14.335084518362471,Diamond,Tousled Waves
13.13368074756554,12.835212671359576,18.166388359102594,14.062544046050428,Diamond,Tousled Waves
14.557450154940518,11.12044014811187,17.555758539347885,12.930762208829579,Heart,Chin-Length Bob
13.705283720003859,14.04198028885704,16.976597014690146,14.455499988299847,Round,Long Straight
15.218866182677456,10.238349678445472,18.39252061685763,14.360085111648097,Oval,Side Swept Bangs
14.655959570839636,13.102330948570552,17.715916671513067,14.025792556866865,Square,Soft Curls
14.244124712802982,13.116118985887702,16.56953173816047,13.680805870949145,Round,Long Straight
14.220659983217804,11.94021892280316,17.21215948096301,13.178190377476035,Heart,Chin-Length Bob
13.457688328932614,13.602039808131172,19.654036669620893,13.124460223203334,Oblong,Curtain Bangs
13.351263396170088,13.368926203903607,18.947195858023846,14.050636311439902,Diamond,Tousled Waves
13.655266420126033,13.13052476763122,16.94556691161033,14.062811823188543,Square,Soft Curls
14.157151403844997,10.551566122689964,18.177349041659262,13.06162523117243,Oval,Side Swept Bangs
13.894729748386233,11.098559184345849,19.02423802632688,14.182897570119847,Oval,Side Swept Bangs
13.665502022969045,13.041159985236268,18.872895292172682,13.834752789449954,Diamond,Tousled Waves
14.597872097477909,10.456442621186083,16.771274473092905,14.132322487774493,Oval,Side Swept Bangs
14.733765996451574,10.605512045864593,18.465818698423902,13.552798506332259,Oval,Side Swept Bangs
13.956827952994178,13.449994416408241,18.31595310030855,13.320574692349892,Oblong,Curtain Bangs
14.243527676580559,13.877782868820614,17.707568199392075,13.5204322994413,Square,Soft Curls
13.802467238258144,13.302105524457557,19.346531296784846,12.532919224167241,Oblong,Curtain Bangs
14.721346299643672,11.225390667877852,17.715204427858197,12.83067399089281,Heart,Chin-Length Bob
13.583282130773918,14.490675865156112,17.534243278423528,13.830485483341041,Square,Soft Curls
14.428192143088259,10.669272020501278,18.760821078917452,13.456920064935451,Oval,Side Swept Bangs
14.66475872386434,13.587769121365879,19.208900518742173,13.270334100251599,Oblong,Curtain Bangs
14.482298296515813,13.33229759702385,19.5449244388418,13.593260084057482,Oblong,Curtain Bangs
14.016382671391693,10.939800644046016,17.456431478115487,13.953179364610044,Heart,Chin-Length Bob
13.546775944597332,13.363634147746495,19.182519611694563,13.693807532348838,Oblong,Curtain Bangs
14.282521394127134,12.687004674926698,18.49643662480006,12.797722913260714,Oblong,Curtain Bangs
13.98167951209138,13.13873855146984,18.38947490692713,13.811525444438029,Oblong,Curtain Bangs
12.965981982073531,13.700280358596554,18.804967398835366,14.289987629993293,Diamond,Tousled Waves
14.164896286737022,11.691402728038739,17.16321365624554,13.921558578142763,Heart,Chin-Length Bob
13.782534369689925,13.286873528862186,16.382341368972128,12.771932494153408,Round,Long Straight
13.288075203097826,14.061198006050084,16.78237292440848,13.936470982755958,Round,Long Straight
14.156517100437071,14.413671719916987,17.62435141410231,13.531332443350827,Round,Long Straight
13.59333494976963,12.752792596186891,18.96813952484846,13.571352134613957,Heart,Chin-Length Bob
13.847720267331164,10.858891195141595,18.43867922394752,13.441659387386338,Oval,Side Swept Bangs
14.581619873767817,13.34012582994656,18.37890084437054,13.125351282947705,Oblong,Curtain Bangs
14.483903202332675,13.408598878419328,19.130344988415214,13.606201427995618,Oblong,Curtain Bangs
14.05548953014728,13.279506389968255,17.242383581547926,13.077613379242617,Oblong,Curtain Bangs
14.871036522810043,10.317404840415051,18.22826922836828,13.068337382315246,Oval,Side Swept Bangs
14.94165176545844,11.799802211326435,18.23342915177311,12.643224617554882,Heart,Chin-Length Bob
13.73820979143072,13.352604191379141,16.841951273167265,13.711099291408436,Round,Long Straight
14.062028681316505,13.540732019190044,18.001559086978652,13.928715501721022,Oblong,Curtain Bangs
14.409638821600323,13.193465479516645,19.465014038896864,12.694594753568632,Oblong,Curtain Bangs
13.213720176352654,13.155800718300002,18.89365026342587,13.828189174827342,Diamond,Tousled Waves
14.051172054564628,13.195173181706782,17.21591333472932,14.868115214688952,Round,Long Straight
14.938063865063222,11.468351656369293,18.157125266598108,13.75994905684338,Heart,Chin-Length Bob
14.741604744588866,10.91838609609538,19.15080337746659,13.435958877397137,Oval,Side Swept Bangs
14.281046610363433,13.780741478818463,17.044050006461827,13.88820287619868,Square,Soft Curls
13.781358722209989,12.649829680571054,17.39791589740054,12.625710737339276,Round,Long Straight
15.34404946935891,13.794661490276368,18.858887776896697,13.253064967191541,Oblong,Curtain Bangs
14.639184246125504,10.237892898847697,18.61523456848429,13.429187257769824,Oval,Side Swept Bangs
14.43927684551012,11.60669319932344,17.14481167531052,13.499181267082108,Heart,Chin-Length Bob
14.569002409723039,10.525117034944072,18.375336585851432,13.944599456654542,Oval,Side Swept Bangs
13.81593223449943,14.10193346877335,18.182631106668477,13.985065897803853,Square,Soft Curls
14.296813959608539,13.17242153446487,19.636566515126777,13.150964232437538,Oblong,Curtain Bangs
13.944301493586957,13.162290457584115,17.799836148437404,14.182979435586475,Diamond,Tousled Waves
14.342981736297945,11.837706927748687,16.424199470227833,13.482523230091319,Heart,Chin-Length Bob
13.584854209449086,12.954205214749125,16.70907905348646,13.73245310723514,Round,Long Straight
13.445007499379733,12.693308835296333,18.377823693519595,14.51869354267587,Diamond,Tousled Waves
14.628096238003417,10.797191700582175,19.144979778860115,13.984257523157401,Oval,Side Swept Bangs
15.427482640901742,10.273878777085686,18.08010944812313,13.802104686658689,Oval,Side Swept Bangs
14.806588482069035,11.919356504646357,18.77488606207764,13.485511518266502,Heart,Chin-Length Bob
14.677470558757344,10.995351994395989,18.900107758663637,13.31686118212408,Heart,Chin-Length Bob
14.33175152287506,10.334863894613488,18.123330521176264,13.193793426212581,Oval,Side Swept Bangs
13.987643589220404,12.678211228977254,18.586764205160947,13.994324348794548,Oblong,Curtain Bangs
14.197579065184392,13.966122213987466,17.552330231956308,14.947273014176849,Round,Long Straight
12.798665181539096,12.744314957195806,17.82723585242318,13.621321451673477,Diamond,Tousled Waves
13.666380586826717,13.267716675798981,17.085543964673867,14.039709506203817,Round,Long Straight
13.643449548410938,12.83758588113351,17.00825923246462,13.745675651861495,Square,Soft Curls
13.865723409869696,13.387909012785713,17.26571118609323,13.449280496151133,Square,Soft Curls
13.922376365884183,13.417678311685878,17.082082401783165,13.35874578506508,Square,Soft Curls
14.409574616117018,10.126970171172147,19.03469059006253,13.65027225936933,Oval,Side Swept Bangs
13.436807042666658,12.904780532663418,18.40940711882849,14.188516192406002,Diamond,Tousled Waves
13.893607276200841,14.310928064644047,17.202656412516003,14.482841818606504,Round,Long Straight
14.26293111169252,13.472997572264989,18.580814590812995,13.074269971279662,Oblong,Curtain Bangs
13.999554893668352,13.669132004593484,17.22603447180323,14.577080294544668,Round,Long Straight
12.928595210518381,12.839106906395708,18.33520163806604,13.496861650700318,Diamond,Tousled Waves
16.185833276193694,10.679875881558461,18.45609544988556,13.279826062424407,Oval,Side Swept Bangs
13.574316108399447,13.510433871275115,17.033243341241032,13.791484821621001,Round,Long Straight
14.357406010800517,12.218547006557982,18.517978910177714,13.602172473747094,Heart,Chin-Length Bob
13.868547104734137,11.79456140273846,18.60438737589233,14.1439959649965,Heart,Chin-Length Bob
14.818561406027337,12.259661814473558,17.840503327295195,13.784470427409468,Heart,Chin-Length Bob
13.207691679094449,13.309194217229157,18.875939912970832,13.562817665317045,Diamond,Tousled Waves
13.378860434425354,13.544694950818405,16.86822146725895,14.349414777502254,Round,Long Straight
14.274973250816238,12.415419690702388,17.156951028823507,14.087742972970668,Heart,Chin-Length Bob
13.623820320648253,13.037306413084782,17.63937104904654,13.895787026809433,Square,Soft Curls
13.97457046221288,10.62650619448002,17.809078099925944,13.953033069009837,Heart,Chin-Length Bob
14.750149850467015,11.541049993113665,18.057043420008977,13.466808057094749,Heart,Chin-Length Bob
13.828058046097881,10.763566940539532,17.709930449873163,13.402123955603066,Heart,Chin-Length Bob
14.91483839636409,10.77651649721653,18.857519470623068,13.374390394304466,Oval,Side Swept Bangs
13.628723862164989,13.370374778401965,19.26692482290299,12.336604512287659,Oblong,Curtain Bangs
14.067107499864994,10.197132446069393,18.57161362428283,13.164070148614046,Oval,Side Swept Bangs
13.44870201514239,13.122601711574339,18.14410685435933,13.500756899864394,Diamond,Tousled Waves
13.223364419305874,12.799838450965652,18.409184491694084,14.130059013248179,Diamond,Tousled Waves
13.884227515300248,13.801965553924381,18.83107242789283,13.834274408320862,Oblong,Curtain Bangs
13.938043943398416,12.420954025297261,19.203100955458158,13.344452259872597,Oblong,Curtain Bangs
14.22139457091235,12.959910718967517,18.9764113855866,13.054067321178676,Oblong,Curtain Bangs
14.34404277715505,11.95406169793294,17.90709092862454,13.77567151966999,Heart,Chin-Length Bob
14.376301041766332,11.331249630726134,17.226266919500034,13.30062621736111,Heart,Chin-Length Bob
12.117962321804436,13.194846093030973,16.938776923279928,14.306290775621651,Round,Long Straight
13.855632574873846,14.16525813715864,16.399619829198112,13.996549439266227,Square,Soft Curls
13.713737651512949,10.875427671656313,17.718075187643922,14.098663914259241,Heart,Chin-Length Bob
14.652320751521462,11.520804896809858,17.803393316559617,13.13407121990963,Heart,Chin-Length Bob
14.213158449149969,10.644535975003938,17.6884277906768,13.725543570451547,Oval,Side Swept Bangs
14.291364389113319,10.803819551403354,19.06658841928598,12.814369769323173,Oval,Side Swept Bangs
13.70944371658155,13.5321562184111,16.587844487514378,13.49944188056694,Square,Soft Curls
15.071919005479899,13.805167695466723,17.912972098350217,14.440204831524834,Round,Long Straight
14.11363329360312,10.320854390381081,18.84771279144986,13.663000548398967,Oval,Side Swept Bangs
14.196378785140732,9.869533966484015,20.43312784209005,13.430333314848538,Oval,Side Swept Bangs
13.340841459821533,13.242791759285334,18.10301957654545,13.910903126151448,Diamond,Tousled Waves
15.134132345253281,10.423750689471039,17.819198552079406,13.422092992922039,Oval,Side Swept Bangs
14.269873585365872,12.260438445813687,18.409375883693954,13.532122318171869,Heart,Chin-Length Bob
13.671409977169413,12.732678865492193,19.002204016235773,13.37799953104824,Oblong,Curtain Bangs
13.806134884723159,13.729662611962896,17.21341042534137,14.01358825786861,Square,Soft Curls
13.209005092385247,12.781175062717164,18.668906959871663,13.710950435444074,Oblong,Curtain Bangs
13.403276832442955,13.586907716527591,17.089069026358228,14.67673635390657,Round,Long Straight
15.060289505177003,11.480955242133895,17.571334764332477,13.15820953210999,Heart,Chin-Length Bob
13.372597466571683,13.039659992828236,18.49450612280002,14.056354577090575,Diamond,Tousled Waves
14.45485627069146,13.700213647740997,19.96120913531779,13.29710668574347,Oblong,Curtain Bangs
14.494831108274898,13.7972818479744,18.12504975654727,14.566335533413037,Square,Soft Curls
14.94396312013658,11.560709736195985,17.47317158837127,12.80400786192115,Heart,Chin-Length Bob
13.799936871816794,14.274967350199415,16.827686394673332,14.418019829574524,Round,Long Straight
14.911301603035513,10.360091130894816,19.275240909659264,12.317566345936976,Oval,Side Swept Bangs
13.922787338416104,11.029425245653684,17.39613832087892,13.643002134023734,Heart,Chin-Length Bob
14.632678297355884,10.631180849586814,18.852203171703973,13.105066941910003,Oval,Side Swept Bangs
13.195989031676172,13.696714634226968,16.67156117088988,13.229554451003525,Round,Long Straight
14.318400092747698,14.204810140216418,17.737481549261386,14.116252521888073,Round,Long Straight
14.768905224191911,12.232008595828768,17.486883944164855,14.018396609185976,Heart,Chin-Length Bob
14.625313462210288,10.839083854168065,18.611401528934547,14.00828885005723,Oval,Side Swept Bangs
14.300608811626308,12.632199883512586,19.74792441946375,12.88733153678253,Oblong,Curtain Bangs
15.055932692609636,11.463728173711102,18.411865632887707,14.030074592500032,Heart,Chin-Length Bob
14.387148159234476,13.40793044885651,19.213704813277428,12.47981131731016,Oblong,Curtain Bangs
14.536582445048523,10.923962114357979,17.900459249748994,12.92596312656522,Heart,Chin-Length Bob
13.213020673343191,14.311555130308138,17.499817915498873,14.019811970009945,Round,Long Straight
13.532297646208656,13.108729347042702,18.502494072703584,13.520474229646643,Diamond,Tousled Waves
14.445436872195446,13.849149292015444,17.302098416473026,14.036569811889468,Square,Soft Curls
13.517422239939213,13.662306508167715,16.716816631403045,14.258284975133478,Round,Long Straight
14.716295287448371,12.92989816002505,18.926584408427104,13.42577545628343,Oblong,Curtain Bangs
13.597028087967981,13.731307701748424,17.249321178018832,14.568437178502752,Round,Long Straight
13.235738572203866,12.850862561716271,18.07114007431013,13.37789823765841,Diamond,Tousled Waves
13.674708024202362,12.769599118036737,19.369249150666302,14.48433873466115,Diamond,Tousled Waves
13.987034845170935,14.438725552982545,16.678057442857053,15.311140693010985,Square,Soft Curls
13.705409964955265,13.918915361568944,16.565689277015977,14.273265759106168,Square,Soft Curls
13.976064906752642,11.564701291419631,17.53632416247749,12.9575678952878,Heart,Chin-Length Bob
13.16134311442705,13.284524012432819,17.592366679351546,13.484911950096825,Diamond,Tousled Waves
14.820419004704819,11.514638494731182,18.7826079695066,13.118272498578124,Oval,Side Swept Bangs
13.809642940774667,13.998940383098777,17.338210061026242,14.485606340302482,Square,Soft Curls
14.082763469480215,14.460013736833512,17.356148012482787,14.700836336523544,Square,Soft Curls
14.403043105366406,10.085070394623136,19.780924212455027,12.753296000842814,Oval,Side Swept Bangs
13.89757964889193,12.965830221348227,20.2961997560225,13.940014425765561,Oblong,Curtain Bangs
15.238245497557468,10.341300837249909,19.92708764946543,13.635194874959462,Oval,Side Swept Bangs
14.321434386229466,13.586514601550224,16.954569205730937,13.894872797618284,Round,Long Straight
14.38647474323913,11.831387907262862,18.000220141979927,13.464744377916864,Heart,Chin-Length Bob
14.839230656063433,12.054922683551743,19.258993224077162,13.52377041858814,Oblong,Curtain Bangs
15.063718978571842,10.447623178215048,18.624221373878452,13.883519392290811,Oval,Side Swept Bangs
14.677835367129713,13.824182442364751,17.654293528045702,14.880723874199044,Square,Soft Curls
13.418382891408925,10.19754918631163,19.36304267653929,13.92637711405939,Oval,Side Swept Bangs
14.425807562058363,13.035297405921398,18.53667909821979,13.023509377531784,Oblong,Curtain Bangs
15.265448241709775,10.222178876940548,18.561671621726553,13.184034651321964,Oval,Side Swept Bangs
14.910709375583606,10.258067956031965,18.44478154163177,12.810229078255698,Oval,Side Swept Bangs
13.675248681733656,10.476643066051654,17.723787489096875,14.333504975901203,Oval,Side Swept Bangs
13.449822922999466,10.153481017908282,18.511911149273008,13.340273628405258,Oval,Side Swept Bangs
13.931392121454948,10.090375578335674,17.920253721382455,13.371801394293215,Oval,Side Swept Bangs
15.37579680712179,11.552221123130892,18.41537205488327,13.725754776070637,Heart,Chin-Length Bob
14.391458973808287,12.070717005700791,16.830311430729555,14.681387549644136,Round,Long Straight
14.220748190234607,12.438589238353142,18.568561130692213,13.252590743062308,Heart,Chin-Length Bob
13.746080410971567,13.448978458647643,17.194542357676404,13.397515459694906,Square,Soft Curls
14.386590357407922,12.643074658398843,19.307700448447925,13.489503822011413,Oblong,Curtain Bangs
13.511218780305157,13.813325402846866,19.260925016602783,13.53598474858413,Oblong,Curtain Bangs
13.431547508005362,13.811714461954823,17.527567829914044,13.972151385979023,Round,Long Straight
15.39867812241867,11.534398025490248,18.393937729923223,13.62203485903657,Heart,Chin-Length Bob
14.750409834884112,10.631791469006863,18.0021816094019,13.12372373008463,Heart,Chin-Length Bob
14.095038742997515,12.428923332620093,17.704534691348236,12.993653410397517,Heart,Chin-Length Bob
13.813372400454421,13.298046322807162,18.252671373282485,13.67106487284829,Square,Soft Curls
14.228449415279036,14.695876756956277,17.26091855073468,14.296567348652756,Square,Soft Curls
13.775553204136537,14.162139220639926,19.480348806837767,13.175851319230183,Oblong,Curtain Bangs
13.424284312645023,13.437109107415841,16.812999695022675,15.007215899877117,Round,Long Straight
13.408587130213121,14.053248821030078,17.50798774694998,13.96568787394213,Square,Soft Curls
14.16149679587399,13.164757265182189,19.44748794814759,13.482206310250927,Oblong,Curtain Bangs
14.035207227022617,11.951664945971443,17.12476491284071,13.186586727468518,Round,Long Straight
14.811891390111983,11.06341386418909,17.95808705178373,13.381829715633911,Oval,Side Swept Bangs
14.208106929226314,12.161270903077611,17.861697897448455,14.317800823238738,Heart,Chin-Length Bob
13.618174341316191,13.290707443663175,18.255874600005246,14.250733527472025,Diamond,Tousled Waves
12.811317361921342,13.232404299111602,18.18790967203931,14.205485608998249,Diamond,Tousled Waves
14.392371263951928,10.058050674724077,18.50641942981151,13.051696173838568,Oval,Side Swept Bangs
13.081673037670567,14.364917051622028,17.814327663260997,14.263485405512306,Square,Soft Curls
15.142170994085298,10.207542170552644,17.66155496712392,13.458929359641376,Oval,Side Swept Bangs
14.323377873553238,11.068013444960933,17.772694004231756,13.183526827265212,Heart,Chin-Length Bob
13.438006062917692,13.038186249429188,18.404560741064977,13.337994488653049,Oblong,Curtain Bangs
13.674658660183345,14.567238471280453,18.33983605401873,14.37164525350234,Square,Soft Curls
13.772539725843751,12.303215286988499,18.615298277953734,13.489108625948203,Heart,Chin-Length Bob
14.599233186373578,13.69203773077002,16.56040106555168,13.638149937379143,Square,Soft Curls
15.356640002192743,9.877099795581636,18.501820932984337,13.500815739189527,Oval,Side Swept Bangs
14.228756328179308,10.29615249768978,18.544536734653004,13.261051610095215,Oval,Side Swept Bangs
13.611381445166739,13.293662997945708,19.551446628009646,13.581798830544832,Oblong,Curtain Bangs
13.602849379361908,13.32394618092586,17.37166290696584,14.824281322832816,Square,Soft Curls
14.151413225499805,13.853218259799826,17.412303184921473,14.234190243563813,Round,Long Straight
14.257504322540518,13.467797175691175,18.71088723572101,12.708877622029343,Oblong,Curtain Bangs
14.50980563359047,13.691825459895355,18.413977321711503,13.563587379981664,Oblong,Curtain Bangs
15.251688855615974,11.510030216062269,17.397010072040267,13.539632814851924,Heart,Chin-Length Bob
13.538241560113025,13.181361002557026,17.189765697597426,13.21277668271703,Round,Long Straight
13.306552920063393,13.99246933999134,17.505951732755285,14.200544863478765,Square,Soft Curls
14.781755525060975,13.548268723112091,17.270164676140645,13.529718999389955,Round,Long Straight
13.751004140825398,13.005385518357919,18.257454618649646,13.797712773410378,Diamond,Tousled Waves
14.349993376614107,12.828696132964907,15.866048211652913,13.914219390558097,Round,Long Straight
14.200058166996808,14.062440129996396,18.149251985401847,14.24834424460146,Square,Soft Curls
13.251543024061931,12.337754018627159,18.10568224269114,14.353361047205125,Diamond,Tousled Waves
14.302989069821793,11.526113661280734,18.02778517530198,12.9878410420265,Heart,Chin-Length Bob
14.139949728131068,14.327929286863611,16.894462105991902,13.452258170061986,Round,Long Straight
14.451941818323059,10.340786969117055,17.98480068172838,13.699238213609263,Heart,Chin-Length Bob
14.764020071001475,13.880242419512541,17.726858060040463,13.586689582007962,Square,Soft Curls
13.814635951843634,13.179794871876922,17.417505344675593,13.869955289620046,Square,Soft Curls
14.332304566925918,12.967165975554183,19.037612204332877,13.122049933862069,Oblong,Curtain Bangs
14.068145716985383,13.241233093641977,19.01538679443878,13.540370695749392,Oblong,Curtain Bangs
14.427207494340372,11.327109649261251,17.72131115220854,13.133569399351195,Heart,Chin-Length Bob
13.813008232622929,15.05107645673429,17.049379747653983,13.88353463436026,Square,Soft Curls
13.800123936524757,13.852261774441477,17.347535456636223,14.16777728200888,Square,Soft Curls
13.699699334733056,12.056950410650868,18.135287160715936,12.877522920288186,Heart,Chin-Length Bob
13.44389707782547,10.997096860799385,17.689827926486917,14.7307862802234,Heart,Chin-Length Bob
14.434524252062149,12.506211018089086,18.63641429396988,13.229125438442518,Oblong,Curtain Bangs
14.614391797421241,9.94763716506735,18.422817266612704,13.198537156439707,Oval,Side Swept Bangs
13.74469658292451,13.31101264796855,19.396007569754868,13.570894654295945,Oblong,Curtain Bangs
14.745313406992512,11.249506506062222,18.17700435108567,13.629812915050088,Heart,Chin-Length Bob
14.554160706415832,10.228879173564856,18.210268073778387,13.516795709676254,Oval,Side Swept Bangs
14.378032376531193,13.312525649346378,17.921885637715466,13.444060846792896,Diamond,Tousled Waves
14.00102020179379,14.057615441059296,18.78713523366729,13.596053525244793,Oblong,Curtain Bangs
14.049537358732442,13.311631240288639,19.40528135587645,13.030890403707243,Oblong,Curtain Bangs
13.491808835002141,14.338992772222662,17.458468174028454,14.42081780350067,Round,Long Straight
14.224041550051282,13.72889381215203,17.96193999899723,14.04405495517747,Round,Long Straight
14.11638237561671,12.7569996844149,16.576669580641525,13.416056025100723,Round,Long Straight
13.940817082321676,12.253468306477343,18.024569757207317,12.387653307886868,Diamond,Tousled Waves
13.39431902784446,13.24534776631884,17.653524433408116,14.222011648635213,Round,Long Straight
13.39336880493496,14.03737260534014,16.987364040092796,14.040855523847922,Round,Long Straight
13.93197713081705,10.99028727411098,17.393399004055382,13.502521918180054,Heart,Chin-Length Bob
14.017547788773628,14.794791437412291,17.714843328346053,12.6460296354228,Square,Soft Curls
14.60263206532226,10.74824334813043,17.321701192062807,13.086304064680814,Heart,Chin-Length Bob
13.929159972543875,12.674569715524804,19.099964753577126,12.710276692036063,Oblong,Curtain Bangs
14.147795244618154,15.159371062220124,16.835710707220276,13.88055209502483,Square,Soft Curls
13.150077104466689,13.092785373063608,19.32793374309262,13.524878951923846,Oblong,Curtain Bangs
14.239391881557903,13.556156445708975,20.315791615558833,13.903877350585894,Oblong,Curtain Bangs
13.26704208370994,12.662218449429945,18.022681337954708,13.388049979803785,Diamond,Tousled Waves
14.396029375775322,12.75008108193057,18.956559010204824,13.569737699150888,Oblong,Curtain Bangs
14.43613589632117,10.095021510681304,19.192114562131007,12.731582275711117,Oval,Side Swept Bangs
13.828012910103357,13.960398117698032,17.52554908811924,14.11746817970047,Square,Soft Curls
14.133390091376512,13.477088568963405,16.799318913426617,13.816262057434097,Round,Long Straight
13.233666242077968,13.492995063567257,17.904512596447326,14.264800117724604,Diamond,Tousled Waves
14.214946727014746,13.00701004163925,19.315316556699972,12.971441314358824,Oblong,Curtain Bangs
14.807798850533613,10.558669986700451,18.15185819495829,13.699641742077711,Oval,Side Swept Bangs
13.667991788537096,13.630295674056308,18.697299691167217,14.091040425499987,Diamond,Tousled Waves
13.919598835961915,11.453077025032186,17.677705536122584,13.868768922357784,Oval,Side Swept Bangs
13.62474849105553,12.765000710308463,18.16123830275125,13.812422953852908,Diamond,Tousled Waves
14.75381292118401,12.932238294121497,18.85840183373095,12.356654580427989,Oblong,Curtain Bangs
14.79164409052713,13.419058529991627,17.68502757360433,13.973840972497035,Square,Soft Curls
13.770222982883473,13.907089809583722,17.79308344217689,14.148787444667322,Round,Long Straight
14.782244933570485,11.684268081019923,18.331207256876358,13.255603118141023,Heart,Chin-Length Bob
13.866308525143998,13.61284634188972,18.75451671186635,13.528249000519908,Diamond,Tousled Waves
13.73416638560157,13.616921315346529,16.310660649613,14.82658283601982,Round,Long Straight
14.480611584801645,10.58715268969947,18.163205703703564,12.9535732252209,Oval,Side Swept Bangs
13.510818015393017,13.606613324326082,17.306837378039557,14.10353026972372,Round,Long Straight
14.661191950346522,10.338753573782935,18.79356754020259,14.083307803507257,Oval,Side Swept Bangs
14.31043846703108,14.408284597513296,17.668159656432735,13.25966478901711,Square,Soft Curls
13.071221264145331,13.369539976377022,18.216966712734664,14.06590194095759,Diamond,Tousled Waves
15.330042190763303,10.764008330665318,19.241493295212422,13.52515678943964,Oval,Side Swept Bangs
13.406659138649195,13.465663480982975,16.586517399382494,14.808104396118106,Round,Long Straight
14.538032655770706,13.412593433447533,19.635826094908104,12.477429678945828,Oblong,Curtain Bangs
14.45332197782534,12.699682417681904,18.99058903296636,13.130332796570384,Oblong,Curtain Bangs
14.159686301423365,13.611183162777696,17.634152279271888,13.718228455570388,Round,Long Straight
14.183973511872454,13.577626249419037,16.181794571576823,13.558434917059708,Round,Long Straight
14.41382701524084,12.096477523352089,18.04934577836112,12.914058598796336,Heart,Chin-Length Bob
14.416206516726772,11.280752730578767,18.567427747799496,13.355475296374648,Oval,Side Swept Bangs
14.210901170666737,14.384001960008847,17.283473229760634,14.28156406180181,Square,Soft Curls
14.069238830819943,13.489996615943761,19.08242788528324,13.433662625406516,Oblong,Curtain Bangs
14.134955804478315,11.079068123567195,18.294545399464766,13.44151291852416,Heart,Chin-Length Bob
14.612880937774875,11.349993151448285,18.270741477893342,13.185366519040073,Heart,Chin-Length Bob
14.150194708531348,13.515950878715621,19.603140956151517,13.04929008837193,Oblong,Curtain Bangs
15.379346120559406,11.676033455605287,17.282533656572074,13.658896519149204,Heart,Chin-Length Bob
14.294134886381292,10.64721313933897,18.47693101678458,13.51695121660579,Oval,Side Swept Bangs
13.825182079350876,13.595399293790587,18.394309081594955,12.825710466929772,Oblong,Curtain Bangs
14.152790915164694,14.825705418721153,17.336585470638276,14.38264562618731,Square,Soft Curls
14.482626112304445,14.410990510359387,17.35780714161224,13.469629868261247,Square,Soft Curls
13.282391169005779,13.107616531144139,19.60579813388758,12.819824421219355,Oblong,Curtain Bangs
13.725604106036297,12.848124801359925,18.27448932615091,14.19686978848355,Diamond,Tousled Waves
14.180581755943173,11.600917652537536,17.60207206500977,13.82181802011056,Heart,Chin-Length Bob
14.605153347323332,10.496178227769928,19.41737961571415,13.753388604705014,Oval,Side Swept Bangs
13.658625638274854,13.937138866538438,17.47847124826016,14.06642926441568,Square,Soft Curls
15.160615237922448,14.177454150415011,16.473403022660136,13.748956605156028,Square,Soft Curls
13.514786999662732,10.341645023507102,17.33488009654305,13.13663606400451,Oval,Side Swept Bangs
13.721850772318229,10.62724841626834,18.502418890049945,13.608902841323404,Oval,Side Swept Bangs
14.163199471518123,12.667114829941637,19.260879382254014,13.984105309685207,Oblong,Curtain Bangs
14.172344361045756,13.758205305532767,16.78509427834614,13.562856216952923,Square,Soft Curls
14.68977460267813,12.075864747919711,17.94610150760855,13.867742196220886,Heart,Chin-Length Bob
14.31178812095029,14.248847736206393,17.17973334008771,14.114119534288768,Square,Soft Curls
13.851658970698567,13.216731719106702,19.16607749111079,13.891066215759045,Oblong,Curtain Bangs
13.882976947288913,11.76457152980383,18.567210596834837,13.847848449538185,Heart,Chin-Length Bob
14.24745286876491,13.794070080473324,17.611354996437147,13.473239571213945,Round,Long Straight
13.109995253227911,13.49187859224432,15.92553631659817,14.642796447150634,Round,Long Straight
14.718267437401847,13.041233139704095,18.801919878937664,13.221812337992649,Oblong,Curtain Bangs
13.847128375640914,13.559796145703704,17.250701823810623,13.93480730598904,Round,Long Straight
14.914111553740367,11.745860666329973,17.504418508917368,14.12719057882139,Heart,Chin-Length Bob
13.34657902125282,13.93382291968957,18.013215834905175,13.657108739319163,Square,Soft Curls
13.979148216567703,13.771505871261432,16.559339580774765,13.985335027640525,Round,Long Straight
13.404309865287342,12.995979086310479,19.353841717901183,13.477925002242817,Diamond,Tousled Waves
13.839883738847025,13.054961582108627,17.68815678645235,13.901169246192657,Diamond,Tousled Waves
13.706433844560973,13.542339706222988,18.990349804222248,15.290491786089675,Diamond,Tousled Waves
13.948881875970791,13.157775924926963,17.199360795155602,13.887590310784844,Round,Long Straight
14.4137726607738,13.299775318883636,18.731847018333678,14.461655179334652,Square,Soft Curls
12.831449847088274,12.93760735185992,18.623527649848427,14.425888620984633,Diamond,Tousled Waves
13.900137622460024,11.88639165347493,16.822232207009826,13.436694792972931,Heart,Chin-Length Bob
14.672753332844565,12.995228785068175,18.21224176225207,13.30534328122481,Oblong,Curtain Bangs
13.953711849940534,13.455047437754676,18.53485843337585,12.954173120483288,Oblong,Curtain Bangs
13.036943066286307,14.0717405598636,17.434881034704713,13.420037155542733,Square,Soft Curls
13.535684200523566,13.581885086314461,18.116371679715517,13.981990260952026,Diamond,Tousled Waves
14.624264697037322,9.99180787437086,19.71001226647593,13.297766746672698,Oval,Side Swept Bangs
14.287698231019451,14.387065491203147,17.44580846977139,14.33466323600408,Square,Soft Curls
14.309946929237473,12.65802726273893,18.821900807903816,13.015355379543095,Oblong,Curtain Bangs
14.254525057900167,9.95193573935619,19.16369896922568,14.131219834536509,Oval,Side Swept Bangs
14.930043488247124,12.17973845830399,17.637930990925483,13.17157701874633,Heart,Chin-Length Bob
13.617401984179537,14.321213722244098,17.633826722313096,13.986163557513215,Square,Soft Curls
15.075196891187906,11.724283930075797,17.386497452850765,13.149932141399178,Heart,Chin-Length Bob
13.718772334586973,13.587326454972725,18.493548895580048,14.778076101532097,Diamond,Tousled Waves
14.658612759970136,13.719462412218427,16.570032544269974,13.360977528328851,Round,Long Straight
13.800173888948782,14.37864562797748,18.454075688749658,14.238192330648152,Square,Soft Curls
14.419581989667323,13.370309265082584,17.282150824594,14.437308032144113,Round,Long Straight
13.576389681652273,11.293669129747325,18.29668456222848,13.613047438835952,Heart,Chin-Length Bob
13.884929422141969,9.50145648482486,18.287265319832297,13.458303753462545,Oval,Side Swept Bangs
14.042165937299858,10.530811560358423,18.79952207501447,13.756758467111748,Oval,Side Swept Bangs
13.404150782855782,10.819662343660264,17.65829524567002,13.757358659528888,Heart,Chin-Length Bob
14.20973053659043,14.230607956236561,17.320778831687225,13.858581290554099,Square,Soft Curls
13.189857563675123,13.485814450683186,17.76983441850685,14.26639612270072,Diamond,Tousled Waves
14.59133875404515,10.455554519184627,18.116391397033127,12.942047819397649,Oval,Side Swept Bangs
13.935729636298806,13.081467156202867,17.76479914523196,13.174036437037648,Oblong,Curtain Bangs
14.95174649654547,10.700476640029839,18.210661737739404,13.505959337697126,Oval,Side Swept Bangs
14.227874950420365,11.589486958397996,18.597173185945106,13.94947595942561,Heart,Chin-Length Bob
14.087435224339954,13.244362913065503,17.34412062893823,13.170826509285261,Round,Long Straight
14.366925334893596,11.818349060683579,18.19017166006745,13.804723853964518,Heart,Chin-Length Bob
13.5735743296123,13.12809778476967,18.486811915665978,13.385176799451303,Diamond,Tousled Waves
13.387455253080747,13.526506220900204,17.063073862757822,13.100829283292695,Round,Long Straight
13.63369769380825,13.487497140354572,18.184351099787197,15.011506214750765,Diamond,Tousled Waves
13.920952154962823,13.069366899911655,18.789309765360848,13.220344700455302,Oblong,Curtain Bangs
13.651947308099642,12.779435228979828,16.71234042051496,13.972649709243242,Round,Long Straight
14.721558176108399,14.067328968205729,19.687483873547286,12.953125119194215,Oblong,Curtain Bangs
13.202053445487765,13.141604726716748,19.09962884980769,13.770059863930603,Diamond,Tousled Waves
13.819039096495867,10.273088666233722,18.94674955147684,13.76449979859564,Oval,Side Swept Bangs
14.12313150944844,13.476014906968489,17.814547687625115,13.289144209473747,Oblong,Curtain Bangs
14.38327338231457,13.544081807300287,17.08852616883153,13.07457060068023,Square,Soft Curls
15.286517951248051,10.18549179029158,18.64367588057124,13.729911385963842,Oval,Side Swept Bangs
14.8402961539375,13.150030379192465,18.714383472046467,13.31560600432185,Oblong,Curtain Bangs
13.944573653349215,13.137580464719626,17.752933155103435,13.09782490603881,Diamond,Tousled Waves
13.923452309169784,11.966037142622026,17.650151094805967,13.185506644630701,Heart,Chin-Length Bob
13.646658091875901,14.027068377002609,17.39460138524633,13.886349153934894,Square,Soft Curls
13.969042049200649,13.771500471568004,17.43086183815961,14.01103636516189,Diamond,Tousled Waves
13.61820788344758,13.851693760939103,17.675985833669994,13.917128578595634,Square,Soft Curls
13.549433276880869,13.45047623229388,18.367157514488238,13.534755419828226,Diamond,Tousled Waves
14.170293970526824,9.8976510868776,18.00056261050651,14.275999870796618,Oval,Side Swept Bangs
14.088402174214734,9.996188587321573,18.690007762200317,13.44271138073192,Oval,Side Swept Bangs
14.125067963379966,13.75851945474303,19.279359018309087,13.04690769235334,Oblong,Curtain Bangs
13.303812008657074,13.014219468306386,18.652364054595637,13.700299503924002,Diamond,Tousled Waves
13.143394493072027,13.956893931967157,16.72922140005606,15.138350867982538,Square,Soft Curls
13.802533773142496,13.146928650646757,19.12836555399499,13.1391419142866,Oblong,Curtain Bangs
14.085514378087698,13.374173066203515,19.786481585759375,13.5427918459961,Oblong,Curtain Bangs
15.230491989595748,10.054896584072539,18.688501107016812,13.549508762838844,Oval,Side Swept Bangs
14.145189978753375,14.706466289395623,17.404173074511398,13.818907341290414,Square,Soft Curls
14.726820310422335,10.575558431810098,17.692787179088498,13.414948201526697,Heart,Chin-Length Bob
13.117840593321723,13.593014092401262,17.70014973371313,13.784503789064214,Diamond,Tousled Waves
14.329773739655357,13.736875305186718,18.988875906076046,13.607245034031521,Oblong,Curtain Bangs
14.803077646403946,11.576172947176179,17.258824086517407,12.784592608456165,Heart,Chin-Length Bob
13.875058824938414,13.219022820729476,17.426631873204116,14.398207007719385,Round,Long Straight
14.397930190638599,10.902047400136222,18.073272846499716,12.98655303695179,Heart,Chin-Length Bob
14.135285166676965,10.995863710868688,17.742843060541862,14.04724610011011,Heart,Chin-Length Bob
14.484251185690137,10.296273669146801,17.60605110225223,13.709086560475576,Oval,Side Swept Bangs
14.12524320134831,11.573047474532904,17.633053314355525,13.886303088112903,Heart,Chin-Length Bob
13.739857201418348,13.46512414371944,17.21537977758072,15.084910901547811,Round,Long Straight
14.396243615217983,13.935695969413429,17.519031198504024,13.758096606588047,Square,Soft Curls
14.047623561055813,11.220366029694514,17.42034712770589,13.796717736779426,Heart,Chin-Length Bob
13.480695025629549,14.683829230802608,17.903032357761916,14.03595267221251,Square,Soft Curls
13.820624424495065,13.21160349941909,17.110286952868965,14.570874392026978,Round,Long Straight
13.652643305178538,13.175476685392601,17.87799383431149,14.190768462483353,Square,Soft Curls
13.969723816169498,11.125316671084942,17.376091110959212,13.12878585165229,Heart,Chin-Length Bob
13.654532012418386,13.359504250879892,16.661541476661846,13.639387657066209,Round,Long Straight
14.11116636764942,13.27523231460977,18.830192653790984,13.692286045428547,Oblong,Curtain Bangs
14.714969383003933,10.674141762380021,18.079885251401453,13.773535047672004,Heart,Chin-Length Bob
14.283451700069833,10.72446991389347,17.81743892088402,13.476263261719378,Heart,Chin-Length Bob
13.737204599875517,12.644954025708023,18.948913362655706,13.16038405595554,Oblong,Curtain Bangs
13.606558876219275,13.452668572070875,16.441289515234395,13.802523138656674,Round,Long Straight
14.43036441081304,13.073695029840003,18.126578487922306,13.068807069776962,Oblong,Curtain Bangs
13.271867109299606,13.630997107388005,17.134044370299222,13.185004900661944,Round,Long Straight
14.335771808569442,13.39710727024616,18.316922708345597,14.000656227994568,Square,Soft Curls
13.911966144129513,10.91032254674162,17.990496878640272,13.290318927875502,Heart,Chin-Length Bob
14.438169038589395,11.118730887567551,18.091409776960155,13.51119708544521,Oval,Side Swept Bangs
15.200980781000577,10.581786548716023,17.55848391967098,13.690295017985077,Oval,Side Swept Bangs
13.224272404354146,14.210764965907497,16.57768954292596,15.520100691933937,Round,Long Straight
15.154023153013762,11.092050977073766,17.82351938506348,13.845326081174866,Heart,Chin-Length Bob
14.347287171904814,14.21506788362992,18.159484585528116,13.962855799314541,Square,Soft Curls
13.325473146149028,13.072009113086834,18.644318379855882,14.029408760453215,Diamond,Tousled Waves
14.633304976982007,10.791689570933492,17.297441919111215,13.61176024513556,Oval,Side Swept Bangs
14.298533537352377,13.85965067595475,18.200996979364024,13.844593754377954,Oblong,Curtain Bangs
14.524718227494448,10.669183096666652,19.48643220777302,13.712559217176732,Oval,Side Swept Bangs
14.02570138725811,13.618358026753338,16.74307461929025,14.007528475643237,Round,Long Straight
14.12687770879077,10.455745564187385,17.130122190621982,13.659596264720294,Oval,Side Swept Bangs
14.15600143048879,13.079054576396794,19.1084122597228,12.701577564469947,Oblong,Curtain Bangs
15.01503495339249,13.1699365573743,18.9186596033141,12.880503645217106,Oblong,Curtain Bangs
14.493384190313137,12.241001879303,18.3405642170421,13.894185316387578,Heart,Chin-Length Bob
14.10056090176922,13.312704900255014,16.27200732942165,13.920472464438388,Round,Long Straight
14.374468939979566,12.063066176821417,17.970797995922762,14.261561628578157,Heart,Chin-Length Bob
14.43432813772381,13.262874697522404,16.103904785918775,14.720962577189738,Round,Long Straight
15.170569250914692,9.927050629861695,19.388535501609912,13.640729603632055,Oval,Side Swept Bangs
14.56761297496386,11.119532152350597,19.29188625420191,13.748975675901349,Oval,Side Swept Bangs
14.202247386353902,14.306653954482139,17.31224628458693,13.997433609451031,Square,Soft Curls
13.35790738817249,13.32567853281895,16.80001302770613,13.701373101563414,Round,Long Straight
13.890561282587557,13.330286943930197,17.223414200400388,13.20339694554684,Round,Long Straight
14.159512297583447,13.261162242516205,18.833134057422225,13.183576681293212,Oblong,Curtain Bangs
13.00781842846997,13.676446117230773,17.29425386817901,14.270905065819525,Round,Long Straight
15.009275435422884,10.554191066596461,18.783249554243824,13.549848396212992,Oval,Side Swept Bangs
13.720856539840783,12.61541239843671,17.78306223300602,14.62655978594852,Diamond,Tousled Waves
12.54026380262415,13.1487116569441,18.798631656105307,13.805331848612878,Diamond,Tousled Waves
14.297055941098163,11.579311144750678,17.633612364723174,13.494954169453388,Heart,Chin-Length Bob
14.169649627536675,12.09457379043935,18.537705840735796,13.415339569567127,Heart,Chin-Length Bob
13.78937067811793,10.264021617354276,18.39403864545947,13.690355276104308,Oval,Side Swept Bangs
13.303724545611312,13.103816450499664,17.227527717767252,14.495607174355891,Round,Long Straight
13.229886587848712,12.705967058768387,19.836808323698474,14.233778811236574,Diamond,Tousled Waves
14.35248159718161,10.821210450645564,18.429004044854953,13.835755445732332,Oval,Side Swept Bangs
14.566962936768485,10.51008489202299,18.435391201082016,12.905120801383005,Oval,Side Swept Bangs
15.018731131119749,12.84338595039207,18.288484188357227,13.168110782545513,Oblong,Curtain Bangs
13.531957852903005,13.955108540169322,17.87006898598657,14.53260410855323,Square,Soft Curls
14.361803254053868,13.821500986125125,17.54282144413271,14.233317538849219,Square,Soft Curls
12.803778777892333,13.412480303445133,17.505939767209707,14.848195359508052,Diamond,Tousled Waves
14.283312218558192,10.399618318961133,18.05002418762917,13.233787344256537,Oval,Side Swept Bangs
15.043620515133311,14.477123732116919,16.722977454468445,14.79188865808292,Square,Soft Curls
13.910506581175648,13.096372822331304,18.37311574465135,13.843611391115406,Diamond,Tousled Waves
15.03317465654993,12.89993259470759,19.070136322116262,13.085832187847503,Oblong,Curtain Bangs
13.311640057540496,15.135517781592894,16.91149705344895,14.137660863320097,Square,Soft Curls
13.477922992707265,13.054579119223424,19.213362370345045,12.934262460586082,Oblong,Curtain Bangs
14.750995819730152,11.369648234078499,18.403758816222872,14.140108210320959,Heart,Chin-Length Bob
13.242956152017111,13.229208665190006,18.31252994490186,14.15364099537376,Diamond,Tousled Waves
13.827833719728403,13.591864034002949,16.86006195497434,14.080043678569858,Round,Long Straight
15.076474592792854,11.851167829821451,18.170238290629246,13.830505476347213,Heart,Chin-Length Bob
13.741614294943368,13.657292966152497,16.44986733922199,14.662050144149196,Round,Long Straight
12.41930705538628,13.168391264085756,18.783205829605713,13.18428505211662,Diamond,Tousled Waves
14.665398312657624,11.153006823532312,17.625630438398602,13.938541134849698,Heart,Chin-Length Bob
14.573072322205602,10.44077591962769,17.31638030228582,13.952790135267042,Heart,Chin-Length Bob
14.39502214905567,13.890534648648545,19.867671722467062,13.118661846646013,Oblong,Curtain Bangs
14.401795596531375,13.209817165834355,17.74909896429654,13.541205568438688,Diamond,Tousled Waves
13.449550504358184,12.356792459549524,18.624989493487195,12.987736790330972,Heart,Chin-Length Bob
13.703641059257535,13.543737856993658,16.510692646485214,13.136405092544841,Round,Long Straight
14.386146302308976,11.342266731517505,17.615650933961277,13.587960729415151,Heart,Chin-Length Bob
14.553273957863407,13.340913049635562,17.06173151997328,14.388628054864308,Round,Long Straight
13.67082447346684,12.972716024460864,18.269723066434796,14.118541995319296,Diamond,Tousled Waves
13.73439626923063,13.70187033128439,19.737368863732765,12.973227514696461,Oblong,Curtain Bangs
14.57106449166583,11.849165725242177,17.53564230853226,13.71346040456041,Heart,Chin-Length Bob
14.568905771546307,9.886365143405344,18.77178480392436,13.044739392709353,Oval,Side Swept Bangs
14.600360228435942,12.948628700904537,18.910645514890742,13.773925033444797,Oblong,Curtain Bangs
14.07492059360868,12.945956282363463,16.48410374937037,13.719537387279335,Round,Long Straight
14.37227998295016,13.349440395896506,18.55677332727703,12.803373895696001,Oblong,Curtain Bangs
14.112715754170152,13.886627485129928,18.6235877111091,14.044156442895227,Square,Soft Curls
14.750499237992136,12.899709164644367,16.212044962217266,13.456788466834414,Round,Long Straight
15.084929298736185,11.176063448968803,18.042698704840188,13.301901679852815,Oval,Side Swept Bangs
13.2212078828639,12.573492487653931,17.32875761579627,14.134421853124165,Round,Long Straight
13.825837536454438,12.782871093920434,17.777828082122046,13.767944791071987,Round,Long Straight
14.726658118689974,10.745851836818664,17.71636529366222,13.621242613851436,Heart,Chin-Length Bob
14.343979780506364,13.27015438524487,19.251018707745914,12.817395845714081,Oblong,Curtain Bangs
13.537024520914507,13.24294881882921,18.336234013824775,13.886276610708036,Diamond,Tousled Waves
13.899691310503085,10.817813004879827,16.68637869956793,13.876296616302403,Heart,Chin-Length Bob
14.903105635770359,10.811017342458069,18.68229138000812,12.629397797196114,Oval,Side Swept Bangs
13.970342575078789,10.541744518906699,18.581696919580487,13.39752399320281,Oval,Side Swept Bangs
13.60135907355574,13.205056625429567,18.281714770394274,13.538553711381294,Diamond,Tousled Waves
14.618289771369765,13.042237181418963,18.303729948095167,12.9547990903541,Oblong,Curtain Bangs
14.061039426842193,13.596933830645751,18.97241717522799,13.178319545732945,Oblong,Curtain Bangs
13.180360335751603,13.894687645472825,16.66097693811524,13.971435229660862,Round,Long Straight
15.15988479092336,11.778912918398712,16.984631346953638,12.622236919990506,Heart,Chin-Length Bob
14.180053783034678,12.7377990974433,19.330959381829096,13.26561462121961,Oblong,Curtain Bangs
14.56997674866058,10.190856484469972,19.524882185537443,14.630043456227074,Oval,Side Swept Bangs
13.358525738078912,13.331747767812146,18.270234435868016,13.723986133336133,Diamond,Tousled Waves
14.10159640817576,10.94032428900256,17.23536964825059,13.676438497679829,Heart,Chin-Length Bob
13.738366457605187,12.625669504154738,17.745509671177718,14.00601350605906,Square,Soft Curls
14.771022968969588,13.355211159796458,18.226903221497288,12.397316239910094,Oblong,Curtain Bangs
14.153131086911126,11.18229345778996,18.29335541860798,13.475699850700526,Heart,Chin-Length Bob
15.0570418561636,9.943603204158647,19.069038161595124,13.776983999500061,Oval,Side Swept Bangs
13.361682260491138,13.724871045900425,19.04286106133196,13.39929539472374,Oblong,Curtain Bangs
13.844740525734453,13.706428519276527,18.378881423805694,13.56747439330657,Oblong,Curtain Bangs
13.770756956524336,12.839212716078299,19.197365646561046,13.964082127772038,Diamond,Tousled Waves
14.815700396178181,9.862682436338117,19.74592454329414,12.994714525924632,Oval,Side Swept Bangs
14.951501436816681,10.987783710285273,17.498298188058268,13.862345399395789,Heart,Chin-Length Bob
13.848367848906875,12.728950726476269,18.7584176161529,14.361680804133448,Diamond,Tousled Waves
14.014988151508945,11.113077435658619,17.64643485034556,13.235877146069765,Oval,Side Swept Bangs
14.204950410832692,13.533188272004692,17.652674808568076,14.148333094710964,Square,Soft Curls
13.893757944670707,14.420312390558765,17.40029041993801,14.143475102592264,Square,Soft Curls
14.408175530231441,13.897334805155644,17.361701938338317,13.442109512004615,Round,Long Straight
14.226343568338308,13.520069254868776,16.860295899827324,13.98897358091687,Square,Soft Curls
14.06854009341435,11.9272188982076,18.227892200466755,12.557709466076677,Heart,Chin-Length Bob
14.07014348224268,9.889617973693813,18.2303825366423,13.670105126502186,Oval,Side Swept Bangs
13.37213810013185,12.981869100995368,18.86150773525751,12.724348794017397,Diamond,Tousled Waves
14.55902845962915,13.695924549995913,17.477337869350794,13.756820906125458,Square,Soft Curls
15.262872779668069,9.981147659315479,18.508995313237392,13.69916078602398,Oval,Side Swept Bangs
13.676438532652195,10.105588512273224,18.415071279000866,13.13057485014652,Oval,Side Swept Bangs
14.076537108096547,10.333618698506864,18.88362563745981,13.349286365851228,Oval,Side Swept Bangs
14.976005889609747,10.98621250446272,17.176165892845084,14.413788307311243,Heart,Chin-Length Bob
13.483172848495279,12.828220254139838,16.12976844950269,14.564321081920808,Round,Long Straight
13.821701263756147,13.84882153684882,17.43575443048086,14.541591503849439,Square,Soft Curls
14.131795877948456,14.122538980658629,19.063778387715573,13.65525922372897,Oblong,Curtain Bangs
14.357369103413415,13.963140944306273,17.21639908591151,14.194639544134958,Square,Soft Curls
14.21947857469515,13.681034802114214,17.60268803189838,14.655341305082947,Square,Soft Curls
15.527988310423478,10.815345257464887,19.596170891407663,13.234026913140124,Oval,Side Swept Bangs
13.726231309687929,13.697465918184772,17.781709177504048,13.613569254425359,Diamond,Tousled Waves
15.360967835807662,10.083506690359068,17.71440601770799,14.10146129551192,Oval,Side Swept Bangs
15.030167209819032,11.738584902887121,17.790068786116596,13.267426982415916,Heart,Chin-Length Bob
14.112886501893582,14.813583628953745,17.639725370701075,15.129551295982981,Square,Soft Curls
14.035114241659555,10.465700720011519,18.28299072243502,13.050770976925312,Oval,Side Swept Bangs
14.14287242937246,13.372421899888458,19.26643739999949,14.078973865814419,Oblong,Curtain Bangs
14.058560469333434,14.08019271630156,17.01088219224454,14.868526912755268,Round,Long Straight
15.101719756271306,14.261765874877778,17.008366759136038,13.745896582277485,Square,Soft Curls
14.112879694478105,14.222519544145378,17.87553597523741,14.259973357154276,Square,Soft Curls
14.209914774375344,12.962259905088704,19.20255102757866,13.958408345017109,Oblong,Curtain Bangs
14.634170995624952,13.418118484604724,19.528714012152538,13.107647732549346,Oblong,Curtain Bangs
13.55990977317795,13.114691360202622,16.917621963383557,13.808988513060196,Round,Long Straight
13.916144222686937,13.02433698108397,17.82772840582764,14.800407670378272,Diamond,Tousled Waves
13.589073178680119,13.57320309470652,17.19860474551959,13.448409283962295,Round,Long Straight
14.558379925294005,14.317558929133067,18.316513359923036,13.679450470191844,Square,Soft Curls
13.871275825296992,13.515121727717446,17.107267671788126,13.288009136076244,Round,Long Straight
14.54253843896163,9.902948012231912,18.71256517273209,12.631195142150048,Oval,Side Swept Bangs
12.871284467415299,13.911508880291795,16.712199025552184,13.52350063053321,Round,Long Straight
14.471933085818284,13.661769237884798,17.403645413837992,13.938028350016625,Round,Long Straight
15.233087342045309,13.664234986085273,18.411949294367123,13.994241863384042,Square,Soft Curls
13.514022465774561,13.39793008993588,19.157720869880755,12.84766427770593,Oblong,Curtain Bangs
13.820731580806584,13.200330889812724,19.175878690287423,12.30521506716724,Oblong,Curtain Bangs
14.360321419411742,13.24354232450875,16.329711496600716,14.496695802749045,Round,Long Straight
14.197097212040036,13.683426868077046,19.221657992917827,13.248883547212117,Oblong,Curtain Bangs
14.14302060816475,13.397877147848707,18.779726516317897,12.923622997186591,Oblong,Curtain Bangs
14.133118040762177,13.42159773133006,16.995031924609318,14.5715239068497,Round,Long Straight
14.43030439972182,11.519122663514926,17.508140945223925,13.6887994773158,Heart,Chin-Length Bob
14.662753236962411,10.833908883218788,18.16195796532015,13.30300702804196,Oval,Side Swept Bangs
14.351247608296832,14.115028592162554,17.052692689448264,14.69118346178793,Square,Soft Curls
12.949786518597705,13.89407828803626,16.362134335807973,14.973333844226083,Round,Long Straight
12.883730786407005,13.628340330893991,18.18221308240903,13.671727926869748,Diamond,Tousled Waves
14.067777111524636,14.314812946421267,17.053624746826706,13.609871568619758,Square,Soft Curls
14.479066469692754,12.545239306513375,18.69113202908381,14.411563434447888,Oblong,Curtain Bangs
13.99986793632179,10.932726873641094,18.15795118837629,13.691765084049,Oval,Side Swept Bangs
14.481056281455164,13.649474430934996,18.890420391226524,14.009581706836835,Oblong,Curtain Bangs
13.518350233981526,13.614252303818429,17.09819822533625,13.455838448235225,Round,Long Straight
13.847599327102962,14.067304214352713,17.295804421005684,15.269133566601617,Square,Soft Curls
13.1484937357222,13.638424711297821,18.643377748118393,13.844140223620494,Diamond,Tousled Waves
13.576932008059558,13.578077301238032,17.25178341199587,13.115689943270034,Square,Soft Curls
14.023151164398003,10.731163480216836,18.49831814274758,13.779797195668376,Heart,Chin-Length Bob
13.757768364336593,13.419251977429088,18.304425173502164,14.56486636630871,Diamond,Tousled Waves
13.951180499825599,13.251475127398853,19.38208848526767,12.744517698919026,Oblong,Curtain Bangs
15.407861562276508,13.50963269675507,17.047866056696314,14.656031322595984,Round,Long Straight
14.408628394316786,14.00235478015258,17.58412023846866,13.259158630407317,Square,Soft Curls
13.721177488323816,14.254465154954362,17.74501463421179,14.64767896886965,Square,Soft Curls
13.924861083235069,13.25235469869617,18.05927096147494,14.757180389162457,Square,Soft Curls
13.799873279475865,13.140007078503888,18.73576180031753,15.52689693040691,Diamond,Tousled Waves
14.5351279594983,10.82100326223504,17.514942805251824,13.783197014332474,Heart,Chin-Length Bob
13.67955640985139,10.541339553449099,18.72548811457708,14.104332229308717,Oval,Side Swept Bangs
14.49210463460414,13.934928122650803,15.924797125218504,14.486598483868354,Round,Long Straight
14.805328545924796,11.645884786472775,16.93273456262745,13.10346192345926,Heart,Chin-Length Bob
13.025408880088246,12.452949829967178,18.220911241459525,13.460956646210127,Diamond,Tousled Waves
15.683992471493191,11.422407799098199,18.471790661694087,12.719385461236373,Heart,Chin-Length Bob
13.98496920109774,13.247670754394907,18.52301064329299,13.08810413487568,Oblong,Curtain Bangs
14.37715560558568,10.380003820824927,19.591682978292855,13.639165147926498,Oval,Side Swept Bangs
14.407825030838037,13.420045951776094,19.312316223296182,13.21778430928129,Oblong,Curtain Bangs
13.656037286514367,13.579962697382793,17.542386918823887,14.590119952558272,Round,Long Straight
14.106301963329518,13.508885019740827,18.893362763983276,13.262407138366383,Oblong,Curtain Bangs
14.24860045142867,10.40091042484386,19.2899156756839,13.524247986287598,Oval,Side Swept Bangs
14.55483505262821,9.894645883178336,18.320471529947458,13.39005865721136,Oval,Side Swept Bangs
13.859714975535125,13.218381067575878,18.771603419102256,13.280035479589698,Oblong,Curtain Bangs
14.037925871147738,13.479418824681712,17.312941447604917,14.064928668720006,Square,Soft Curls
14.534466499348747,14.117399653995424,17.17795827782777,14.228796176107076,Square,Soft Curls
14.778929699870314,14.464672591693194,17.798156842974993,14.395188175687354,Square,Soft Curls
14.810092328875122,13.628711887946357,19.288511150248613,13.657880030524653,Oblong,Curtain Bangs
13.475809849995654,13.191855042950728,17.597949751863645,14.06049938026622,Square,Soft Curls
14.23348368301486,11.945758804471662,16.865226521246605,13.220771266514223,Heart,Chin-Length Bob
14.003872915038668,12.572897227819043,19.77014046962156,12.729997760744766,Oblong,Curtain Bangs
13.960571867756192,13.563443134217708,19.329661119178937,12.825936031352024,Oblong,Curtain Bangs
14.170324679179542,13.642518577545017,18.11556662050638,14.225700992983741,Round,Long Straight
13.41003359279005,12.882879139623801,17.856476210860034,13.447296737970857,Diamond,Tousled Waves
15.176461287817025,10.480762043440507,18.834092986974213,14.095939109027073,Oval,Side Swept Bangs
13.300459029829707,10.985158937930187,18.534638790891968,13.662012297943177,Oval,Side Swept Bangs
13.59412776693441,13.58498654606644,17.768066060600866,15.24043594944591,Square,Soft Curls
14.991462016151447,10.97981822627175,18.389332538300646,13.245755645835013,Oval,Side Swept Bangs
13.879960843037226,13.01985031712399,17.928932961932414,12.972409990286307,Oblong,Curtain Bangs
14.204924327724724,10.403425386929278,18.579483894351533,13.632822133468796,Oval,Side Swept Bangs
13.45740618471935,12.984955280090636,17.257162298732425,13.56971669183715,Diamond,Tousled Waves
13.997635748569635,10.660013340979761,19.03616077242077,13.864469816253061,Oval,Side Swept Bangs
13.74688445183619,13.151180329651504,17.96575231830597,13.485747233883085,Diamond,Tousled Waves
13.792461589254177,12.033105131407643,17.72441392645196,12.875841478035264,Heart,Chin-Length Bob
13.860825771787436,12.872414012336355,19.016685128969122,13.657431205988553,Oblong,Curtain Bangs
13.332496772507413,12.364802725749579,18.12934375958796,13.774571373133602,Diamond,Tousled Waves
14.112784793224836,12.965661522231853,19.10720866565608,13.274740423401616,Oblong,Curtain Bangs
14.474296925128414,10.638641688245444,18.24964512664598,13.29143964551412,Oval,Side Swept Bangs
14.785033118809569,13.427715851270507,19.423551040901675,13.718059584123697,Oblong,Curtain Bangs
14.427273052863285,13.571388785332793,18.174653315809802,13.327486653008831,Oblong,Curtain Bangs
13.895792986990234,14.86508474070851,17.993077655445042,13.704301734109693,Square,Soft Curls
14.011566095234008,13.58040287521635,17.20007084560642,13.507868156377189,Round,Long Straight
14.149359837813916,13.862269880043874,17.662228414025584,13.656440257779387,Square,Soft Curls
14.192494977392778,10.943143295200553,17.88448869095618,13.093949436386708,Oval,Side Swept Bangs
14.185385213931179,12.909431989831514,18.535012995584736,13.289620691750313,Oblong,Curtain Bangs
13.576615061651186,12.817523916638395,20.060458257988397,13.4250662554987,Oblong,Curtain Bangs
14.11125899678369,10.640871331256772,18.835316618516213,13.886923435069981,Oval,Side Swept Bangs
13.755277259811892,13.991859899926684,15.985335830567891,13.488965706777389,Round,Long Straight
14.557426052293307,11.684658504091328,17.349280568350434,13.605752813490701,Heart,Chin-Length Bob
14.172989773857852,10.362782170197434,19.103990278877223,13.852554684859525,Oval,Side Swept Bangs
14.026082694671139,10.954908154442865,17.604066106195372,13.467034836418781,Heart,Chin-Length Bob
14.155858186140007,10.889859729376726,18.706137215334383,13.650366685634832,Oval,Side Swept Bangs
13.389429928978908,14.596525321068306,16.07123997764228,14.45045014796894,Square,Soft Curls
14.956753630129253,10.300600974519863,19.249730124364476,13.461716683530756,Oval,Side Swept Bangs
13.852465380575119,13.667824253900227,18.53149782346473,14.700205654299461,Round,Long Straight
14.179881099787167,13.030743524069166,17.04864592215793,13.611658697125486,Round,Long Straight
14.858693687890778,11.585122953789336,17.241006581908557,13.519324820567853,Heart,Chin-Length Bob
13.584309867967365,14.06188597986844,17.076865974443223,14.039511920349439,Square,Soft Curls
14.825904540394967,11.483297254585636,17.614390248307487,13.578537343206532,Heart,Chin-Length Bob
14.80151566298105,10.92863506447397,17.94599461765159,14.118672694704593,Heart,Chin-Length Bob
14.744979575654012,11.54160116491887,18.13892855805081,13.699345865260483,Heart,Chin-Length Bob
13.74562748761354,12.44963838284894,17.458669310738888,14.342055649125125,Diamond,Tousled Waves
13.277889958008197,14.19360093899136,17.336864141178626,13.517958800263552,Square,Soft Curls
13.999701609892854,13.59736962473615,18.00704797987725,13.70666769455326,Round,Long Straight
15.211174568622551,10.614552620950592,18.11385910171312,13.808449869299116,Oval,Side Swept Bangs
14.245473588797749,14.00117891001744,17.653944612779256,13.721348331495482,Square,Soft Curls
14.071408757290744,10.777371737181872,18.370574059796066,13.454887138143736,Oval,Side Swept Bangs
14.610494948562602,11.650801390030818,17.085875792328967,14.103505605494776,Heart,Chin-Length Bob
14.547742451905785,10.39250658622849,18.755154157447567,13.58219649512468,Oval,Side Swept Bangs
14.339532653452743,14.265395757847374,17.885494897383335,14.713825114283772,Square,Soft Curls
14.577082092706146,13.147465349165534,18.41155393501383,13.886867593357428,Oblong,Curtain Bangs
13.870094581558787,13.73337859379653,16.626817033819,14.197955904512556,Square,Soft Curls
14.269348160905295,12.620077987893518,19.229610203750024,13.059061521219423,Oblong,Curtain Bangs
14.471955358434398,12.989438949827516,18.008404407457228,13.423343057630303,Diamond,Tousled Waves
14.47553732721606,13.305464223788041,16.625422429311794,14.378580134041455,Round,Long Straight
13.62884919211487,13.45331580167678,19.918925411159478,13.466010658160418,Oblong,Curtain Bangs
14.474163357867956,13.54868020591151,19.88171645444565,13.711864146944746,Oblong,Curtain Bangs
14.707944440232348,10.835155478134356,17.98175921601001,13.799220929895572,Oval,Side Swept Bangs
13.980983480965623,10.326754315140592,16.69159745591686,13.648494811805055,Oval,Side Swept Bangs
13.490393796691334,14.060357110110587,17.16881588632701,14.58903910684091,Round,Long Straight
13.753141140732701,13.61421322550085,20.08732279399834,13.541511231691098,Oblong,Curtain Bangs
14.350412068675826,14.07155795673669,17.248346966607528,14.413327138697344,Square,Soft Curls
13.04839970892342,13.282582563395348,16.115635305332564,13.666888150809871,Round,Long Straight
14.809740992492234,10.675745094839975,18.53200562945501,13.555602295416655,Oval,Side Swept Bangs
13.538180657061384,10.324538215032103,18.10191869004184,13.222090910006148,Oval,Side Swept Bangs
14.261283762575268,13.529536026001983,17.20731766380938,12.962166362831248,Square,Soft Curls
13.669685099450318,12.94170157921896,17.017270075870375,13.542042023122033,Round,Long Straight
13.502210252419866,13.147038771497485,19.044315727112455,14.093945711216206,Diamond,Tousled Waves
13.121676901751972,13.316758056470272,17.54570135969607,13.551759026934892,Square,Soft Curls
12.99367192502429,11.013429939178598,18.925116742136364,13.696562619895223,Oval,Side Swept Bangs
13.952621128823466,13.37645040193624,18.628782293644687,13.327755491827356,Oblong,Curtain Bangs
13.551061083401615,14.780161382075157,16.71219134517023,14.653343519056634,Square,Soft Curls
14.223288556264462,13.019385750080996,19.081031616231368,13.529736039216287,Oblong,Curtain Bangs
14.619706247889887,14.147088825694883,17.060652220064895,14.053850237429199,Square,Soft Curls
14.144357560748505,13.700864725802505,18.669090094345407,14.239831261846545,Diamond,Tousled Waves
14.307943911103115,14.592033899608538,17.283237122131524,13.335104463899114,Square,Soft Curls
14.235890325218376,12.891643375703174,18.446784782054017,12.97418361564239,Oblong,Curtain Bangs
15.247925585148913,13.262942611673315,19.182189905887537,12.782295193841966,Oblong,Curtain Bangs
13.119754325178619,13.551348702829964,18.254882066322565,14.195817249351615,Square,Soft Curls
14.457701793596012,13.497486571384464,18.687436503928986,13.779920223630702,Oblong,Curtain Bangs
13.941947306980927,13.75742405433345,19.22391564636162,12.56571842307927,Oblong,Curtain Bangs
14.140070026253602,10.572014189644571,18.40538726712782,13.468009602715531,Heart,Chin-Length Bob
12.94007334513458,14.180029801815529,17.241939421969214,13.269523020101255,Square,Soft Curls
14.680634609520864,13.549678794639572,16.83568472117971,13.820381302866057,Round,Long Straight
12.895476855945484,12.716605997784665,18.85400608564597,13.619291514547388,Diamond,Tousled Waves
14.216231971770474,12.41404250091547,18.310247225623066,13.482522786421342,Oblong,Curtain Bangs
13.604657305688074,13.851421569863756,18.882538176499448,13.738148955087567,Diamond,Tousled Waves
14.062910685523883,13.334039941987067,17.979986733981686,14.6016113229123,Round,Long Straight
13.526640842905056,13.275100412074591,18.93262898116458,14.134201526395387,Diamond,Tousled Waves
15.270790090602361,9.596052895144298,18.772998798729713,13.279839897430927,Oval,Side Swept Bangs
15.286295610401787,12.324895293848034,17.830045160498646,14.224391036051946,Heart,Chin-Length Bob
14.131726995854827,13.228345401853167,19.437540562162294,13.835596837705591,Diamond,Tousled Waves
13.710491490415402,13.935583244225066,16.806271515732952,14.064958265690585,Round,Long Straight
13.991585352468256,13.207864842106973,17.389077965688752,14.03045394091687,Diamond,Tousled Waves
13.655849658030956,14.437608293563038,17.87438967736755,14.77517099111602,Square,Soft Curls
14.405160338717005,14.55598493281016,17.174285898835702,14.435130315978544,Square,Soft Curls
14.829545801254632,13.14477432169208,17.855689937277372,13.744739887853203,Round,Long Straight
14.05823791973212,10.592062056111002,18.922583202241924,13.853685592174072,Oval,Side Swept Bangs
13.804169530145987,13.379122448877974,18.63854273393875,12.680420510474764,Oblong,Curtain Bangs
14.0196244287535,10.173192372616635,18.808454547759446,13.950371703470228,Oval,Side Swept Bangs
13.745751175739331,10.614367871930503,17.810983022761235,13.740031138810169,Oval,Side Swept Bangs
14.19740855243089,10.958024422621966,18.220323614263876,13.195491591158277,Heart,Chin-Length Bob
14.337811650149328,10.343099538768993,18.295081863007034,13.877932154930914,Heart,Chin-Length Bob
13.98370933612854,13.178534402239912,18.13754242010126,13.686052722103902,Square,Soft Curls
13.588059086754892,14.671272372091433,16.63579109406831,14.396367220757712,Round,Long Straight
14.108605743729317,13.693587314254364,17.116093704238047,14.211800329824584,Round,Long Straight
13.95986565785725,13.46868921632257,17.71512523465593,13.359628902045705,Round,Long Straight
14.634811603092206,13.530102549407088,19.35683343876137,13.676353724787607,Oblong,Curtain Bangs
13.772991983688517,12.544325705114424,16.94344601333595,13.521817454744527,Round,Long Straight
13.44528902977353,12.863063331900321,16.746063375572714,13.720889063719108,Round,Long Straight
12.571341123705901,13.460589517807062,19.313848796745674,14.147232068627702,Diamond,Tousled Waves
14.384714290588992,10.451673480263121,18.254841275974318,13.52329120614712,Oval,Side Swept Bangs
13.801489682429873,13.067246906678598,17.798748777334772,13.271592075828256,Round,Long Straight
14.848113733903961,10.433091685155608,19.618532083805018,13.62414267856543,Oval,Side Swept Bangs
14.056248228986302,13.113508264873563,19.015066953488226,12.81270636007169,Oblong,Curtain Bangs
13.622876433910442,13.043114804378817,17.044098976748174,14.073351658527846,Square,Soft Curls
14.637777419435915,9.681786196940793,18.421512510795328,13.713624205417995,Oval,Side Swept Bangs
13.90504651548837,13.648831143213885,17.306039635601138,13.749993731502961,Square,Soft Curls
13.683677620890938,14.073781519136809,18.70074826008881,13.646599585138249,Square,Soft Curls
13.343690293475223,13.181547158333993,17.884442662773292,14.387710907614562,Diamond,Tousled Waves
12.573848002574056,13.003653079833278,18.62462523555387,13.707168479292276,Diamond,Tousled Waves
14.073897727568609,10.649888633774236,19.034431555813402,13.571779852466431,Oval,Side Swept Bangs
14.083766051692843,10.656067692767285,18.265963434076955,13.786713475644637,Oval,Side Swept Bangs
15.232878768584571,9.431269813256511,18.56733620439605,12.789179349228526,Oval,Side Swept Bangs
15.0721921033484,13.256958889223657,17.34238332462488,14.004083696757117,Round,Long Straight
13.605956687007367,13.497151822204081,18.330510016186878,14.512548116541744,Square,Soft Curls
15.021030194904728,13.23153546448472,19.143789020468102,13.147346097551145,Oblong,Curtain Bangs
13.847034036897403,13.434097479496453,17.5604707994844,13.62339400875095,Square,Soft Curls
14.709070777044827,10.541582428100131,18.67106858099389,14.16062703577545,Oval,Side Swept Bangs
13.801125790000018,13.88005924685263,17.97837846549362,14.681126025962351,Round,Long Straight
13.89547812016693,13.086918604192158,18.33523625364868,13.206569312307362,Diamond,Tousled Waves
13.650112060854502,13.302586562262933,18.233840389299832,14.352987515054211,Diamond,Tousled Waves
13.92964141005549,12.371443316812876,18.272287628083472,13.445760458066353,Heart,Chin-Length Bob
14.411974524369512,10.665831535581601,19.395355203048908,13.527941743201387,Oval,Side Swept Bangs
13.517019725194393,13.207456485921112,19.09838276041679,13.670613249021947,Diamond,Tousled Waves
14.194630433665916,13.779694580899678,19.070655451830422,13.68402775707443,Oblong,Curtain Bangs
14.065343209119703,11.403191420146555,18.568837941493985,13.152147001013152,Heart,Chin-Length Bob
14.143619921279626,13.30987955777574,18.480970251062413,13.091310872720252,Oblong,Curtain Bangs
14.53397658715951,11.535775089269265,18.46497013682961,14.227215271197071,Heart,Chin-Length Bob
13.381607384991296,13.55170483002308,17.307236719698974,14.786940740902727,Round,Long Straight
13.732459842545712,13.308692460964613,18.550014904613683,14.180240150872441,Diamond,Tousled Waves
13.115081986345077,13.272281489776379,18.93966408762377,13.749564011347115,Diamond,Tousled Waves
14.261206025606315,13.115529139920497,17.793430431635127,13.257331596239965,Oblong,Curtain Bangs
14.122157218008958,13.712654431192364,16.925306269464624,13.576847072343238,Square,Soft Curls
13.749597756571982,13.932749405859866,18.90194497200679,13.193826970887606,Diamond,Tousled Waves
14.380443020741223,13.633375237437559,17.218811205772386,13.79013530482138,Square,Soft Curls
13.727800701348325,13.556717783545345,18.17415250161956,13.811290033939967,Diamond,Tousled Waves
14.720315444396103,10.700787315442112,19.19294367675741,12.970663964328496,Oval,Side Swept Bangs
13.99051623377533,13.42034444703497,17.491268668046068,13.910273201922827,Square,Soft Curls
13.796495981405016,13.088259655898772,16.253915460206237,12.96520106433513,Round,Long Straight
13.753214377777947,13.275844134127368,16.64928875718253,14.689163849252532,Round,Long Straight
14.08907055900424,12.256721064412531,18.6397906901165,12.534308724071213,Heart,Chin-Length Bob
14.024320223962617,13.772006044252294,16.024250502084204,13.289476992659996,Square,Soft Curls
14.343211130018926,15.044783613016719,17.98027465493229,14.190394750695813,Square,Soft Curls
13.971192888634818,14.867704504376528,18.61898456624467,13.726516777023525,Square,Soft Curls
13.480776338047685,9.634239756965364,19.278492501396506,13.468165684999084,Oval,Side Swept Bangs
13.531725071363057,12.536210341304955,17.852078603699,13.706490783808967,Diamond,Tousled Waves
13.540949512728561,13.052812496071958,17.71239745010254,13.467435481575029,Diamond,Tousled Waves
14.545690492683683,14.111119915963378,17.83129853271979,13.567540039865015,Square,Soft Curls
13.130497639666045,11.235965397601165,17.372291137984107,13.649182315167963,Heart,Chin-Length Bob
15.986257264199232,11.87699417690709,19.205803766260157,13.7557088575515,Heart,Chin-Length Bob
14.169948589425701,10.612749760077563,19.54793808994601,14.222721659695965,Oval,Side Swept Bangs
13.247234278615945,13.294690721091127,17.519720426331098,14.253996876294837,Diamond,Tousled Waves
14.616755358779997,13.51534744411916,16.653456946361782,14.203597921107695,Round,Long Straight
14.381835680599215,13.241537351423098,19.0871104079808,13.1830331584554,Oblong,Curtain Bangs
14.938259863365145,11.898599855259036,17.312981725426873,12.990120206944482,Heart,Chin-Length Bob
13.86231518042156,14.370028714349901,17.593313505826767,13.697828552074542,Square,Soft Curls
14.60211790380147,11.337146432139809,18.2614580467907,13.641448757524646,Heart,Chin-Length Bob
13.344764549405307,13.286650726657404,18.868818542218587,13.572492241848694,Diamond,Tousled Waves
14.37563606481959,13.182514444662255,19.21596515184501,12.999298297493615,Oblong,Curtain Bangs
13.504382877724108,13.611853044400187,17.761714117363844,13.201129777387921,Diamond,Tousled Waves
13.377788779958886,13.366338175432574,17.822666490647013,13.309235812842719,Square,Soft Curls
13.841982115354147,14.307651074662198,17.731049454329604,13.829068806562198,Square,Soft Curls
14.582823066664638,10.516434709727811,18.370396959166538,13.402314197402724,Oval,Side Swept Bangs
14.301358388825696,13.501073154293985,19.441825888104944,13.608010354867165,Diamond,Tousled Waves
14.171402266797958,12.691319779010511,18.574178707171633,13.976342618722846,Oblong,Curtain Bangs
13.737263948855906,14.992208660547954,16.879808912585474,13.488775321558212,Square,Soft Curls
14.31514454648478,10.44807181741112,19.04426596996889,13.668333852766658,Oval,Side Swept Bangs
14.291882162195241,11.441064086744182,17.65094585100113,13.03662522372721,Heart,Chin-Length Bob
14.040133789190795,10.884755951091854,17.42835211493398,14.137398247001803,Oval,Side Swept Bangs
14.063331277357532,12.909191298547869,19.378299926665633,13.817087973206068,Oblong,Curtain Bangs
14.393391606523556,13.75040053318771,17.50830481196229,13.15588209433856,Round,Long Straight
13.552955761610617,13.031574981395845,17.575442925691167,13.828426879997233,Round,Long Straight
14.869355831230695,11.793169019297363,17.374461111968014,13.195474332002773,Heart,Chin-Length Bob
14.483709229006484,13.100601203760098,17.03952255423369,13.627088559051748,Round,Long Straight
13.659520180792907,13.47161759091901,16.59718214563289,13.537330289276692,Round,Long Straight
13.570365056638122,12.887245040219161,17.823827167697452,13.39192581650932,Diamond,Tousled Waves
14.17435863448034,13.577350462488216,19.77626359883066,12.972028286926491,Oblong,Curtain Bangs
14.269437004362088,12.82788007574536,18.755013969845827,13.498165312549684,Diamond,Tousled Waves
14.048704888174768,10.175650228563336,18.47129759646645,13.72028357952808,Oval,Side Swept Bangs
14.789014133545697,11.01450662826783,17.309644969376528,13.035663023178591,Heart,Chin-Length Bob
13.763377628002916,13.3881915549669,16.515652203749312,14.157924446608364,Round,Long Straight
15.15463214513806,13.013449179851266,18.769356333905424,13.463355909674315,Oblong,Curtain Bangs
14.22666129159538,11.86320746780308,17.447630100940327,14.368112724784629,Heart,Chin-Length Bob
14.640223264510878,11.18496880214373,17.513717937689147,13.230937604464259,Heart,Chin-Length Bob
15.11071391575846,10.843621445080558,17.473383563288365,13.207737269143303,Heart,Chin-Length Bob
14.200418578511048,13.104397148650534,18.220387403510696,13.09665664275177,Oblong,Curtain Bangs
14.436861189118687,11.180719963266615,18.162868599509586,13.925679595083917,Heart,Chin-Length Bob
14.446547669165767,11.632518360907728,16.713461111185868,13.27587209871437,Heart,Chin-Length Bob
14.992220743738642,10.304187067518818,18.06908060416591,14.402905284838733,Oval,Side Swept Bangs
15.31499222018301,11.757240419984686,18.392983350090134,12.400986620599792,Heart,Chin-Length Bob
14.121972188031398,11.263929957552463,17.693230959289473,13.242501575956325,Heart,Chin-Length Bob
13.20410162042904,10.627994244842023,18.82141060887183,14.131182093884583,Oval,Side Swept Bangs
13.876817774381358,12.87117219001482,17.603406604434223,13.137265898238384,Oblong,Curtain Bangs
14.40216065896991,13.660418066490125,18.616526059548118,13.894774746742423,Square,Soft Curls
14.268554753619586,12.679259614933109,19.143426086719444,12.492998552024316,Oblong,Curtain Bangs
14.30525650177081,14.363499358736812,18.21442088682576,13.505843396778682,Square,Soft Curls
14.056174365282171,14.278988538560455,17.744188428337267,13.584645929654934,Square,Soft Curls
13.205143627847729,13.345025667025565,18.915205440874107,13.032890087123466,Oblong,Curtain Bangs
14.212081445083147,13.47224962140174,16.335828318267946,13.047431569524534,Round,Long Straight
13.73413997255439,14.141599629696145,19.369485770527476,13.321546933162175,Oblong,Curtain Bangs
14.399280398061824,11.381039046227194,18.40737922639368,13.242185656816506,Heart,Chin-Length Bob
13.679366737554973,13.071428716454628,19.176120297233982,14.213731163109442,Diamond,Tousled Waves
14.728671975777637,12.982422395264463,19.543541807927923,13.130000360581418,Oblong,Curtain Bangs
13.504270139926511,13.80750945262929,17.70971880539945,13.950259077207546,Diamond,Tousled Waves
14.185796359080515,14.255935391978454,17.286234010641042,15.088437916656744,Square,Soft Curls
13.156641793058407,14.237257754753314,17.570777924999554,14.980952344558666,Round,Long Straight
13.541784226946953,12.871690638989966,19.768693486805834,12.532088548172446,Oblong,Curtain Bangs
13.230618586799238,13.725380442454304,17.615843592007227,14.836729978970673,Square,Soft Curls
14.397630442044287,11.191169195789122,17.971815641588474,13.707635035727476,Heart,Chin-Length Bob
14.68437397189746,11.41755944058649,16.818289747585254,13.035189282937257,Heart,Chin-Length Bob
14.801848418879704,13.282776372533608,18.826961492055545,13.676808187379986,Oblong,Curtain Bangs
13.73365690204376,13.122213150577952,19.065853316196,13.080775066937964,Oblong,Curtain Bangs
14.028236014055468,13.88355781446103,16.79982369310678,14.117968410115367,Square,Soft Curls
13.13950978863333,13.57935176402053,17.64829311792318,13.880118136618291,Round,Long Straight
13.219925173099442,13.430500258312508,16.573253390112665,14.321848051301883,Round,Long Straight
13.744597809778375,14.36488308851751,17.545401195201975,13.944668720570018,Round,Long Straight
14.809949208269185,11.304299213399817,17.83061573359951,13.304796204558125,Heart,Chin-Length Bob
13.750448455925033,13.732523894020874,18.614957712371055,14.30153947012578,Diamond,Tousled Waves
14.41240250087781,14.272379366945035,16.933177984334538,14.892135204246646,Square,Soft Curls
14.139713772384393,13.113938354930847,18.040110187391793,14.150250017870263,Diamond,Tousled Waves
14.102823585319,13.392367868841875,16.369534685276317,14.176136619882307,Round,Long Straight
14.238791681352623,14.36423231437163,17.69650476811109,13.887376792873944,Square,Soft Curls
14.330015109148833,13.528598983431364,16.75211656170011,13.930757450538653,Round,Long Straight
13.608549340245036,10.400671734004417,18.90644675016383,13.623707795650839,Oval,Side Swept Bangs
14.033299963382403,13.10314089541321,18.46190621108118,14.238390904973066,Diamond,Tousled Waves
15.66526402109035,10.531483829115516,17.8888117185164,13.828024154412095,Oval,Side Swept Bangs
14.776886560611016,13.33101549528095,17.388534841627745,14.64182889041228,Round,Long Straight
14.998379506753741,10.52380050311167,18.091862206640915,13.454406026769696,Oval,Side Swept Bangs
14.399067146315824,13.563537648581525,19.167676840121235,13.104267723512255,Oblong,Curtain Bangs
13.67128828549654,13.51991577755742,18.408959642826048,13.442204623726067,Diamond,Tousled Waves
13.89640615557285,14.481044354750718,16.808195094815897,12.959054002277139,Square,Soft Curls
14.685738764701929,14.251415955100747,17.828515727530185,13.476879780130863,Square,Soft Curls
14.857769748777562,10.583680766327921,17.571566957051655,14.059766110390258,Oval,Side Swept Bangs
14.566605863959147,10.315128881301739,18.28009451476615,12.676802209108253,Oval,Side Swept Bangs
14.455499353430863,13.311893124245998,18.89362462225116,13.738078605439577,Oblong,Curtain Bangs
13.790693792804031,10.23484785006008,18.002860300282492,13.374988585400327,Oval,Side Swept Bangs
13.855048169202655,13.713855197184563,16.809593587124166,13.579252079255589,Round,Long Straight
15.254087701359985,12.780167571553832,17.88625926880206,13.113153713852135,Heart,Chin-Length Bob
15.157720413899778,10.749958298337924,17.64295002026304,13.142560015905444,Heart,Chin-Length Bob
13.95171989761629,11.363869131240511,17.37351184504024,13.486134201385799,Heart,Chin-Length Bob
14.50045713597223,10.22502346257901,18.284485679310656,13.394266823827163,Oval,Side Swept Bangs
14.359521130830979,13.904218073846128,17.940289219950838,14.323973095943629,Square,Soft Curls
14.446366279211313,13.750265820479354,18.413375815957504,13.06861948308022,Oblong,Curtain Bangs
15.28946317637506,11.375817472790938,16.380572519992736,13.38161189939097,Heart,Chin-Length Bob
13.889634976557469,12.163736147579167,17.628703498528136,13.661814580409512,Round,Long Straight
14.134664769332648,13.86341159018005,16.85673897054017,13.480094070428756,Square,Soft Curls
13.341110757946945,14.047398457068452,16.906778737070713,13.758606606651618,Round,Long Straight
13.815542368437518,13.675634363203304,19.754295123926518,13.702252202810545,Oblong,Curtain Bangs
14.734487005563015,10.589513716896992,17.787936111657668,13.388247589285381,Oval,Side Swept Bangs
13.920564691992311,12.499233402250848,19.542974685257565,12.983527484219056,Oblong,Curtain Bangs
15.029791303457644,11.975168935696038,18.096675661722927,13.777093126834915,Heart,Chin-Length Bob
13.505033514423232,14.44021711664763,16.99968944875741,14.174234801307287,Round,Long Straight
13.93513339241561,12.847422702237433,19.242077929704088,13.332592483861351,Oblong,Curtain Bangs
13.612372405422173,13.22544568188626,16.866188814954445,14.634925398738066,Square,Soft Curls
13.950137115400064,13.078001533545072,19.747101070109416,12.820594683195674,Oblong,Curtain Bangs
13.4477826528914,13.10401764223909,17.76716192404111,15.027618453233634,Round,Long Straight
14.826404958637605,11.923413045220073,17.517960910126813,14.423959772824123,Heart,Chin-Length Bob
14.319109795108258,13.542081209009028,18.9395859667165,13.147024672755014,Oblong,Curtain Bangs
15.24357706126107,11.795203616881494,18.55201273613262,13.603769320182444,Heart,Chin-Length Bob
13.851663689904235,12.982837740724312,19.04779519366246,13.010024178866244,Oblong,Curtain Bangs
13.252744547507307,14.106279737884947,16.713158222664436,14.091624034023518,Round,Long Straight
14.61796073609605,11.20173804769474,18.55171958285977,12.938469955012328,Heart,Chin-Length Bob
13.954577724579972,13.620304635192774,16.952235989670882,13.367574171812377,Round,Long Straight
14.571718074689677,13.499411627257563,18.643725625407402,13.519852462332851,Oblong,Curtain Bangs
14.156317046280774,13.30848475027177,17.079506017842732,14.605450245307315,Square,Soft Curls
13.979076724530412,13.208031487714813,16.560337563419537,13.76187176541224,Round,Long Straight
14.278991740857,11.066083778809457,16.92686025392515,14.032616926257836,Heart,Chin-Length Bob
14.318035812648676,12.847376708902564,17.045099081927635,13.566698194574363,Round,Long Straight
14.362708325329901,11.329803040323531,17.595586560399397,14.450920667559837,Heart,Chin-Length Bob
13.297867853668281,12.900780624965268,17.8474612668132,14.361092539063357,Diamond,Tousled Waves
13.209293884086255,13.581040966552198,18.25930602705325,14.149815766207512,Square,Soft Curls
13.534980376454332,13.991986054754841,18.34344833793264,13.504768866759065,Diamond,Tousled Waves
13.849372451298963,13.384875656994945,18.161421903634523,14.318240688562744,Square,Soft Curls
13.884693896268491,13.65087884588007,18.018719375313474,13.38913991588221,Diamond,Tousled Waves
14.185329988828714,12.870160764175152,19.079969690505806,13.68213136937274,Oblong,Curtain Bangs
14.402211098064903,10.533575815264827,18.44698304381786,13.809849563680636,Oval,Side Swept Bangs
13.669170140965688,12.82659001668416,17.758847638564372,14.52879899316946,Square,Soft Curls
14.189706366304371,13.645441562737368,16.93536967547438,14.27744878757643,Square,Soft Curls
14.557951917469898,10.42325299539748,19.572503334102958,13.106395612507534,Oval,Side Swept Bangs
15.294835607424078,11.527936158013329,16.87911738438032,13.393132222941237,Heart,Chin-Length Bob
14.608859740324847,13.067822119295617,18.2289248078173,13.186587588896208,Oblong,Curtain Bangs
13.847975497392342,13.40142062077742,19.39575981481388,12.845773005801686,Oblong,Curtain Bangs
14.1593869034764,11.909341818721167,17.37622343613031,12.955428128882405,Heart,Chin-Length Bob
13.893895005434427,10.614398889604646,18.683682052736643,13.212044347246152,Oval,Side Swept Bangs
13.464910844516467,13.767461386160656,17.743498872177167,12.89694395699111,Diamond,Tousled Waves
14.690706416400673,11.45312130022896,17.451965154547747,13.796093312893078,Heart,Chin-Length Bob
13.777739160619246,12.381226228476283,17.90152888045143,14.98367019625998,Diamond,Tousled Waves
14.749441086777253,11.866963945109509,18.410279381082578,13.48827404542493,Heart,Chin-Length Bob
14.228864293050798,13.860389801969033,17.24135020626911,13.859438180640689,Round,Long Straight
14.279053537771125,12.980883874875275,19.001005636280922,12.802884162991452,Oblong,Curtain Bangs
14.120565921551762,11.362665333213846,17.333033243380655,13.23519487781811,Heart,Chin-Length Bob
14.404330609976165,10.634489790515662,19.05963660028302,13.300607641941331,Oval,Side Swept Bangs
14.76617772535882,13.575368594877046,19.255986362744128,13.30818456227798,Oblong,Curtain Bangs
14.130253320224128,14.606922890413019,18.14482939753435,14.70564923810222,Square,Soft Curls
13.478502508668992,13.406684534327486,18.882828304996288,13.546056133678398,Diamond,Tousled Waves
13.832394425036993,13.99075703185597,17.978695570309434,14.491778293847783,Square,Soft Curls
13.87329924264737,13.188516842836467,17.643631703450723,13.557634369207866,Square,Soft Curls
13.285058225199036,13.31729333189774,17.684755869116092,14.718942154149028,Square,Soft Curls
13.840399541990244,13.602633375690148,17.55510110340847,13.24268232063777,Round,Long Straight
14.224186891940192,13.976220513461987,17.807659297748007,13.779177036011701,Square,Soft Curls
13.599017471123174,14.056251990474017,18.36307834316009,14.464132324628686,Square,Soft Curls
13.99434977037461,12.68787572728683,18.12133914386324,13.752454157503657,Oblong,Curtain Bangs
14.045295497414326,11.339933660608546,18.48576543085757,12.69766766032558,Heart,Chin-Length Bob
14.678348404088014,13.848857991303012,16.928410505728603,13.899484425638573,Square,Soft Curls
14.151701090999502,11.743162429697023,17.483465499653693,12.553339008146063,Heart,Chin-Length Bob
14.381475638246279,10.79742602509617,17.917322200399614,12.904543272328826,Heart,Chin-Length Bob
13.570291706226518,13.58798602059095,16.87514284701689,14.148250936903532,Round,Long Straight
14.828977084680085,10.010367626255835,18.464279005639007,12.148352840986728,Oval,Side Swept Bangs
14.096714036890729,13.824036087579776,17.013089161516554,14.186363130841318,Square,Soft Curls
13.902801681273953,13.024079310724483,17.757875966164313,13.93157671764607,Diamond,Tousled Waves
13.135790731127647,13.159154951240623,17.574353041469823,14.053273137488558,Round,Long Straight
13.541398732030832,9.754726528623358,18.59730112257393,13.833838995992936,Oval,Side Swept Bangs
13.673109274258895,10.653471226111442,19.283462854775514,14.246161601697976,Oval,Side Swept Bangs
13.99025540147319,13.752918949818344,15.939169886527056,15.081284543691456,Round,Long Straight
13.965953831637425,12.846524964531378,18.861899399533016,13.827199343080569,Oblong,Curtain Bangs
15.597452947854018,10.523740561711111,19.088314456991235,13.504458666476411,Oval,Side Swept Bangs
14.00743874815561,12.288244257342948,17.49670075411378,14.22434246186212,Heart,Chin-Length Bob
14.48613070209652,13.807470326664166,17.869936917062603,15.148181579467701,Round,Long Straight
14.398637867332587,10.150033248343354,17.407146344416855,14.389633889769009,Oval,Side Swept Bangs
13.775739100335974,14.579553944777057,17.1372837644383,14.809238188269498,Square,Soft Curls
14.161989523791798,10.88415403226947,17.70721371781831,13.222223834731068,Heart,Chin-Length Bob
14.126141503371077,13.468955493824078,17.284554815277414,13.875073733316317,Round,Long Straight
13.213567739026418,12.984169476301291,19.227630938733107,13.960974688587415,Diamond,Tousled Waves
12.803527571256636,13.230462732807409,17.02587733692796,14.95295657341357,Round,Long Straight
14.461769531843096,13.497328203784477,18.757497341225466,14.009631352509023,Square,Soft Curls
14.72899573368395,12.76027550646807,17.749675721978395,12.711182771196038,Oblong,Curtain Bangs
12.845635982413809,14.032230013640776,19.105700328312995,12.89607846966606,Oblong,Curtain Bangs
14.192626278545081,14.081942859058634,17.835799070145868,14.641751384612437,Square,Soft Curls
13.671839179440923,13.047513406087004,17.38205064678921,14.426700823731526,Round,Long Straight
14.528529712003825,12.656996332948772,17.590503202245646,13.043797411586594,Heart,Chin-Length Bob
14.38210055020748,12.947177781116935,19.251534623862653,12.93110016682803,Oblong,Curtain Bangs
13.794165419736629,14.977243602905224,17.309410601409045,13.618500383339876,Square,Soft Curls
14.42058468865255,12.9604200518092,16.6410019157467,14.312792854428999,Round,Long Straight
14.60002875081617,13.68510508696743,18.606536590662948,13.477247180788323,Oblong,Curtain Bangs
14.011766842013314,12.974150905600462,19.61883856380289,13.039431619101828,Oblong,Curtain Bangs
14.111137167771147,14.06418183906787,16.968320323310813,14.517721883008289,Square,Soft Curls
14.242923782053685,12.9371699776822,17.659649776574057,13.631685021199726,Square,Soft Curls
14.49371521262518,13.221776557987374,17.334593864330035,14.209955130271718,Square,Soft Curls
14.00654731513793,14.383773164371727,16.738761332890466,14.867141060931433,Square,Soft Curls
14.750939068769405,11.017498984056415,19.015576218225977,13.482418866605181,Oval,Side Swept Bangs
13.669122151518842,12.99054233517857,19.819359730601246,13.77895413872334,Oblong,Curtain Bangs
13.691681061897608,12.499379988419669,17.408326365037695,13.878925505550178,Square,Soft Curls
13.369331174946481,13.396876944872576,18.65308815680611,14.334953877207552,Diamond,Tousled Waves
14.189395628085107,13.034787074479626,17.342427861657914,15.199417920995845,Square,Soft Curls
14.67502102434382,10.62071171428282,18.71324170844876,13.654103843817381,Oval,Side Swept Bangs
12.59880929808634,13.373251250079736,16.96020910904241,14.668451457093985,Round,Long Straight
14.50424350643542,10.644851705926175,18.032227761104007,13.090349184819914,Heart,Chin-Length Bob
13.92551727551757,11.072294793334194,18.089441556969092,14.090179526420151,Heart,Chin-Length Bob
14.206785263152327,14.314877605918745,17.759963679274986,14.077132428431256,Square,Soft Curls
13.724374299467513,12.30310925327553,18.276955068108926,13.340177805659353,Diamond,Tousled Waves
14.694053490253511,13.152655373606528,19.010417315547055,12.674248389228715,Oblong,Curtain Bangs
14.632873563719567,13.454179153014053,19.283418330525443,12.938738262862671,Oblong,Curtain Bangs
14.128339344496185,11.628865553668035,17.459867476504844,13.69081264153041,Heart,Chin-Length Bob
13.493402640979578,11.254676206674329,18.72779331451558,13.693039014806285,Heart,Chin-Length Bob
14.276848263759376,13.982839481674745,17.781963282550386,12.93786372612943,Oblong,Curtain Bangs
13.614808197151305,13.931757017771597,17.405383213530094,13.58497797301866,Round,Long Straight
14.624967397743937,13.052926745978484,19.623212209601643,12.85480313189655,Oblong,Curtain Bangs
13.757248025322813,13.245745395445109,17.493279780099208,13.758144610977112,Round,Long Straight
14.462996102624224,11.777885851211149,18.090843337750755,13.909946764239622,Heart,Chin-Length Bob
14.079797341173416,13.762244106499784,17.338069662125704,14.038587033926571,Square,Soft Curls
13.948409371870039,13.42023243873736,16.988032211871044,13.25640599275347,Round,Long Straight
14.292949153039688,14.077616729850456,18.03113935244458,14.02558902329361,Square,Soft Curls
13.478887581269438,13.070395090392907,18.89058850162944,13.533387918703808,Oblong,Curtain Bangs
12.759179374483773,13.516049502792404,17.228989173637448,13.688163307098,Round,Long Straight
14.524325317862068,10.222741388370778,18.07359649206842,13.322868731016378,Oval,Side Swept Bangs
13.196472090014638,13.454427813825992,17.861043883336656,13.409591841093064,Diamond,Tousled Waves
15.291582206091473,12.016733748574497,16.865913720395593,13.109281599890764,Heart,Chin-Length Bob
14.308541214391195,13.335991350322718,18.220768860636078,13.69224724211653,Oblong,Curtain Bangs
13.77248845366513,13.379569438622797,18.88930853423149,14.071985831363397,Diamond,Tousled Waves
14.687733878273045,12.33083090538788,18.373800451637038,13.07208259156793,Heart,Chin-Length Bob
14.772229442706443,11.161688037728965,18.069923438790845,13.711036510191741,Heart,Chin-Length Bob
13.334800706023803,13.918205965379205,17.653412167192478,13.803221762496626,Square,Soft Curls
14.128192539105884,14.406367134525551,17.501703519958326,14.139938430918384,Square,Soft Curls
14.529644038738436,13.735823067542057,17.076536375658023,13.53852479521541,Round,Long Straight
14.488038394461153,13.338481021469214,19.66063298618714,13.267378581926884,Oblong,Curtain Bangs
12.88939068584514,12.630223865437943,17.33717286155014,13.734223769374042,Round,Long Straight
14.0443607974552,13.55321272506256,16.89737309264537,13.973285116089508,Round,Long Straight
13.576847700898824,13.974016916624526,17.21766954775642,13.835846276655849,Square,Soft Curls
14.334294282843992,11.39193078671901,18.282674697026803,13.417084409500172,Heart,Chin-Length Bob
14.459435213373025,14.791509270255379,17.955797449268726,14.29781361353515,Square,Soft Curls
14.343878000023746,13.546849803385873,19.040734271954513,13.625748937540408,Oblong,Curtain Bangs
13.69331241560038,13.067193459396952,18.662742294603735,13.89562930331132,Diamond,Tousled Waves
13.423200863431939,13.024011987251484,18.30395875794371,14.3379662587111,Diamond,Tousled Waves
14.889280524716364,11.697160666492385,18.11852273352926,14.096449983913683,Heart,Chin-Length Bob
13.406761645498513,12.786792964325405,18.86197638753789,13.591970997064092,Diamond,Tousled Waves
14.139540770723977,9.755044107661318,18.837638115091945,12.835129831912319,Oval,Side Swept Bangs
13.181633305264292,13.419031110775688,18.577238940135107,13.532376117403784,Diamond,Tousled Waves
14.150801145064609,12.870225603640998,18.709729480733476,13.351205505557322,Oblong,Curtain Bangs
13.74678908179078,13.8538174672073,16.76630594585756,14.602737068425093,Square,Soft Curls
14.08193589057632,13.898463726071299,17.607500846561162,13.605559576488647,Round,Long Straight
13.636737782490474,12.531170186621779,18.50900787312273,13.946432138992996,Round,Long Straight
14.642044797225712,12.727902314806977,19.5114939223719,13.959403367673076,Oblong,Curtain Bangs
14.456465051339444,10.06919263072476,18.420581758145374,12.591745891323932,Oval,Side Swept Bangs
14.465083991980935,11.943188138832747,17.795134434357973,13.342264476025337,Heart,Chin-Length Bob
14.75215808865592,10.71520044866983,17.52717716550947,13.52280122008543,Oval,Side Swept Bangs
15.227264959450114,12.690194450130388,18.950021307927962,13.991566132898813,Oblong,Curtain Bangs
14.987790854753698,11.241073350728717,17.91824619923168,13.478976371489372,Heart,Chin-Length Bob
14.110500232422165,10.443870648613663,18.337667467722934,13.53242142931783,Oval,Side Swept Bangs
13.63151329125261,13.310586289277182,17.49622298111199,14.89934280561975,Square,Soft Curls
14.52813556601282,10.340926764407993,18.94500504325076,13.423429587321085,Oval,Side Swept Bangs
14.778068461539949,13.493110512361193,17.32002778332863,13.64118349033152,Round,Long Straight
14.078359105641589,13.635045044509942,16.95113881920178,13.7687515185924,Round,Long Straight
13.223722532122384,13.30551551541625,18.531529159616774,13.78876118179319,Diamond,Tousled Waves
13.967722891931235,13.47581309881434,17.02668625411303,13.920772047306963,Round,Long Straight
13.989556245562092,15.401977121519199,17.67719392010373,14.354279585549515,Square,Soft Curls
13.627276121075353,13.10319956390973,18.858466067956503,13.708600866198289,Diamond,Tousled Waves
14.965308991335716,11.335359275011115,17.324754088220505,13.657124365014429,Heart,Chin-Length Bob
13.74431552960786,13.418482997623306,18.374570327704493,13.12754268797408,Oblong,Curtain Bangs
13.607330808850097,14.309457836582935,18.135927433230354,13.25321301745924,Oblong,Curtain Bangs
14.685845037965263,13.613434530558306,19.436212926994422,13.128222838280141,Oblong,Curtain Bangs
15.166396152251748,10.838955620563643,18.62679364839339,13.583820329909157,Oval,Side Swept Bangs
13.839166147315249,13.503677007028195,18.151788617875358,14.694064080406267,Square,Soft Curls
13.836693437825849,13.15007422034096,18.91991624746691,13.236981810633521,Oblong,Curtain Bangs
13.487116239628595,13.552119063160513,17.855014228906303,13.4372386840481,Diamond,Tousled Waves
14.558910653998876,13.738883855279433,16.869720768510806,13.77833839832476,Square,Soft Curls
13.651266576974294,14.286133738950408,17.429343766154663,14.600857519026084,Round,Long Straight
14.3642527571743,14.480214511788382,17.16455041326745,13.924321436762796,Square,Soft Curls
13.98885086660039,10.389372459462658,18.903902680385105,13.54120063171367,Oval,Side Swept Bangs
14.756283252932569,12.765567451655201,19.25398531577573,12.772381349959554,Oblong,Curtain Bangs
13.868738659923698,13.871719586542623,16.87414687937386,14.299960446014651,Round,Long Straight
14.043167231502379,10.635812684472153,18.096834274280308,14.325402054882996,Heart,Chin-Length Bob
13.515805218507873,14.625414493322944,17.539658347290324,13.344985789917615,Square,Soft Curls
13.917629884158723,10.479887925508761,18.264546195720662,12.95918813546214,Oval,Side Swept Bangs
13.189700856816295,13.536791012231163,17.616774416562663,14.022246127014158,Square,Soft Curls
13.997053271532444,13.288545452285652,19.534142787919272,13.400091103749949,Oblong,Curtain Bangs
14.156180935775149,13.571265497630954,18.496179535819426,13.1635017779793,Oblong,Curtain Bangs
13.887210731846807,13.331457237653677,17.302084485816845,12.968336064854968,Square,Soft Curls
14.800698520212219,13.01822440292212,17.751590514083553,14.041116690907886,Round,Long Straight
14.443574088887635,13.019645504843632,19.102273164133656,13.498068919737516,Oblong,Curtain Bangs
14.786581241780228,11.918881938402153,17.625869928045685,13.247147550930322,Heart,Chin-Length Bob
12.865138022052092,13.394902587430396,18.754438893294456,14.64077448281189,Diamond,Tousled Waves
14.622097789324505,11.107906234736715,16.949594074097476,13.984943823978547,Heart,Chin-Length Bob
13.660291813543394,11.331993263302385,17.699172085500866,13.446331896961285,Heart,Chin-Length Bob
13.838814536881202,13.56537859961144,15.801663651924466,14.029296324224868,Round,Long Straight
12.626843566696495,13.472463502085274,17.949446233615486,12.796600399689213,Diamond,Tousled Waves
13.403076376429237,13.205094984581077,17.558904336841124,14.121111130212425,Round,Long Straight
13.592181216429015,13.639091651348595,18.17508003942995,14.219547372124874,Diamond,Tousled Waves
13.71947282311001,12.723315383243502,18.9464592338407,13.156701344367871,Diamond,Tousled Waves
14.902291030010588,10.712959502391682,18.11933356795581,14.382555864208895,Heart,Chin-Length Bob
13.383130051164633,13.105597350102599,18.522435044869848,13.689913512938107,Diamond,Tousled Waves
15.401396620165505,10.55045586225582,18.314054514003242,13.26984788783833,Oval,Side Swept Bangs
13.342204895432802,13.175752482281691,16.807790599686243,13.775874782249723,Round,Long Straight
13.67365860684617,15.086689727798284,16.989169961799067,14.100215081598275,Square,Soft Curls
14.784829953049064,10.725634439471659,18.46767996331797,13.390304864974112,Oval,Side Swept Bangs
14.396113119049105,13.313709096486637,18.85995169725258,12.652537793944148,Oblong,Curtain Bangs
14.251417128199128,10.014921359849541,18.110254218259886,13.50044556026327,Oval,Side Swept Bangs
13.59754086021554,13.86147022618098,17.95815673844492,14.229536888504231,Diamond,Tousled Waves
13.97730499721997,14.154394328209204,17.259471604347777,13.513095585177863,Round,Long Straight
13.693808478385195,11.67499162348637,17.544377520032022,13.004796793583095,Heart,Chin-Length Bob
12.987622649771405,13.260471657528072,18.963529522119213,13.65116508248194,Diamond,Tousled Waves
13.684373364881836,13.162780891339025,17.588487427049902,14.210076478528402,Diamond,Tousled Waves
13.052460142708224,13.208758384362337,18.054453770921,14.287433700789379,Diamond,Tousled Waves
13.486789145810052,14.187987254475793,17.08675249818009,13.765104258225033,Square,Soft Curls
12.099690659556108,13.977124022190626,18.492996684489917,13.475852023585876,Diamond,Tousled Waves
13.96768395698891,11.250411945231122,18.178190092223915,12.562819324767116,Heart,Chin-Length Bob
14.147688743878367,13.8992968563273,18.405821337102516,13.280184219197382,Oblong,Curtain Bangs
15.010550202780847,14.314945170786228,17.58196364435199,14.283633447367418,Square,Soft Curls
14.298953390763081,12.195051364120621,17.610093805900362,12.530294473304995,Heart,Chin-Length Bob
13.619867877584602,13.003308501744883,16.84164802257145,13.891187031222417,Round,Long Straight
15.089100959527755,10.751710159625475,18.656727819720704,13.485902789588238,Oval,Side Swept Bangs
13.954172097377596,9.60104232030461,18.568565230742642,13.806598178614491,Oval,Side Swept Bangs
14.161615230542719,13.001715444871216,19.235437751653972,13.217614154685226,Oblong,Curtain Bangs
15.334730620351325,10.966699475000976,19.065657254144476,13.791758494547418,Oval,Side Swept Bangs
13.891931391978199,11.860065766389567,18.00486491224485,13.773961985713605,Heart,Chin-Length Bob
14.211307564496098,14.220554021788333,18.902365706373292,13.986691410358564,Square,Soft Curls
14.599160069097783,13.026579332918482,19.404708525760043,13.60845514087334,Oblong,Curtain Bangs
14.359623625770388,13.859821534420991,18.53540360304796,13.063254450861017,Oblong,Curtain Bangs
13.929333231209231,13.943180528893128,17.066110667982976,14.670602578574204,Round,Long Straight
13.214849407701927,12.777456486140332,18.373819414483286,13.813191613460395,Diamond,Tousled Waves
14.098748640594174,13.481160907972553,16.81298211889131,13.984093965037122,Round,Long Straight
14.501298029098344,10.351572502231388,18.382795015087517,13.324809386089516,Oval,Side Swept Bangs
14.259612256944717,13.593802261153412,18.078393738697926,14.102981853912722,Round,Long Straight
13.538075723624463,14.853713505673834,17.18023520161329,14.521447022816243,Round,Long Straight
14.753422079133289,11.839027706614212,18.08595514992947,12.945768871356254,Heart,Chin-Length Bob
14.650637508768853,10.814097361642308,17.72459114406095,13.12825981129481,Heart,Chin-Length Bob
14.356710255378497,13.340029083500442,19.244076070565193,13.359262440148173,Oblong,Curtain Bangs
13.69764939864372,13.844983700153648,17.989360258545158,14.569569531357793,Square,Soft Curls
13.726676403451766,12.61392175035122,18.61708940699644,13.64892369343215,Oblong,Curtain Bangs
14.548755685602012,13.49575279403377,17.6749761361884,14.960131643049241,Square,Soft Curls
14.695692033390158,11.042214745347454,19.088691761180133,13.121112379475848,Oval,Side Swept Bangs
14.127418386954929,13.223476934958859,19.048401477022686,13.599668378991908,Oblong,Curtain Bangs
14.02996465024559,12.001411381872739,16.33892501340651,12.918308585713175,Round,Long Straight
14.06309041385682,14.108858930876687,17.66262592520488,13.5369428954121,Square,Soft Curls
13.715828605468584,13.466542283562326,17.605316291945993,13.134346318787959,Diamond,Tousled Waves
13.462954276578069,13.865674685788447,19.0579334517997,14.126296257525736,Diamond,Tousled Waves
13.901241126542578,13.555213987459563,18.759540519606244,12.956133666807254,Oblong,Curtain Bangs
13.501158500098459,11.565083527507962,17.492761537968654,13.526744244622938,Heart,Chin-Length Bob
12.906894874393819,14.071678450235904,16.270739306448586,14.57980191222633,Square,Soft Curls
14.224988055809574,13.835690664801469,17.805947814087087,13.527188202688219,Square,Soft Curls
14.515549574872756,11.929405868077142,16.238490850519543,13.2632097626047,Heart,Chin-Length Bob
13.454511410821018,13.127886759254437,18.93865180598758,13.301575911027639,Diamond,Tousled Waves
13.230049652001751,12.489741112643827,18.964797328222737,13.730534175965355,Diamond,Tousled Waves
14.266263343810955,10.45257902908182,18.875787321732457,13.626755732149768,Oval,Side Swept Bangs
15.177842645768944,13.726024863047611,16.751959448407703,13.73868220675788,Round,Long Straight
14.302663576674203,10.720976431194003,17.83362227287571,13.859783062038812,Heart,Chin-Length Bob
13.506033284747753,13.084374513840457,17.71739704613794,13.302202292782473,Round,Long Straight
13.446656350856184,10.012380469775344,17.597348058865425,13.642381716617267,Oval,Side Swept Bangs
13.635553601168013,13.383342767980041,17.54050117225789,13.67310469233662,Round,Long Straight
14.876663430158922,11.07814506939433,18.234474387599388,13.783430865889912,Oval,Side Swept Bangs
13.696498283053671,13.965203450324632,16.21288494954434,13.191696133684731,Round,Long Straight
13.619886019019992,13.042891474388783,16.726881107910486,13.911144858907402,Round,Long Straight
13.733031102805734,13.049447101875614,17.817336235976477,13.67910321525296,Diamond,Tousled Waves
13.884844321102234,12.846316932560867,18.157177272775346,13.276015770904039,Oblong,Curtain Bangs
13.71545896896565,14.490756588569749,16.775182624394972,13.749321102785693,Square,Soft Curls
14.749809441148578,13.017107402801434,16.863411288296117,13.408475510694581,Round,Long Straight
13.64222067496483,13.812349128840259,19.083126651203727,13.300552242037552,Oblong,Curtain Bangs
13.496512718707185,13.349612310244044,19.595072499771955,13.688773791316287,Oblong,Curtain Bangs
14.486910563332941,12.770212151963216,19.156870131815243,13.50460247301388,Oblong,Curtain Bangs
12.79003157883316,12.784618433029125,18.658960161241836,14.27910897540837,Diamond,Tousled Waves
13.026612924265818,13.899540211503355,17.02511586300442,14.415942372314193,Round,Long Straight
13.22503845694743,13.440164403196235,18.637168362228024,13.679190433705498,Diamond,Tousled Waves
14.495716470263899,10.214146737805297,19.472171745637304,13.438727879886057,Oval,Side Swept Bangs
13.550387798887698,13.605664671523217,17.582397864091035,14.409321935538566,Square,Soft Curls
13.814854389541518,11.212689381484381,18.683398706127395,13.674640735705712,Oval,Side Swept Bangs
13.935752269705066,13.99245254795733,17.44135335408377,14.544064101741657,Square,Soft Curls
14.478795431036737,11.914818164417202,17.592526079764582,13.574835971384811,Heart,Chin-Length Bob
13.408348421181712,14.113967032481547,16.572387877601646,13.857941009114967,Round,Long Straight
13.659003335404279,13.315040482014162,17.330747790990575,13.862139523786215,Round,Long Straight
13.985768660627224,12.89699115940216,18.30560984785303,13.471727456050697,Diamond,Tousled Waves
13.620881532886779,13.194813553051313,18.146116222806405,14.431817961379211,Diamond,Tousled Waves
13.2176051359153,13.418392200097255,17.84432562100433,13.90599396771005,Diamond,Tousled Waves
13.422584219415128,13.63371474509916,17.475269260660934,14.950052827637847,Square,Soft Curls
14.528560863251158,12.381864544851478,17.92546715527972,13.29236244530103,Heart,Chin-Length Bob
14.700349887449446,14.212269316127747,17.187810791874355,14.265258693262766,Square,Soft Curls
13.84445856393529,12.935726355084787,17.9973479705439,14.583365184508903,Square,Soft Curls
14.762643003938008,13.70985169574154,16.857470996380624,14.443176995591811,Round,Long Straight
14.914253742829462,11.128931982767144,18.475890621418426,13.420510727818101,Oval,Side Swept Bangs
13.45365246008168,13.768515893583304,16.22420375993836,14.413459299864801,Round,Long Straight
14.1218022735293,13.792734856495759,17.046031748660674,14.79533142464494,Round,Long Straight
14.881524313626366,11.191780593491973,17.513469900165223,13.05358160235704,Heart,Chin-Length Bob
14.103064775907265,12.986315186569922,17.50661321897859,14.689378195421206,Round,Long Straight
13.838826510657874,13.13770802774464,19.002981353079086,13.587306343324027,Oblong,Curtain Bangs
14.881038502495572,12.5537462202213,18.82921473825683,13.147795113781253,Oblong,Curtain Bangs
12.937708959224443,13.020705109408548,18.432634427396113,13.714703213645995,Diamond,Tousled Waves
13.25950929991451,15.49460724679125,17.65388436457492,14.082414287309277,Square,Soft Curls
13.468206012571812,14.119497532915203,17.433184295255984,13.063323476767097,Square,Soft Curls
13.99258224331578,11.929485836412429,18.802743610171387,13.65798197616073,Heart,Chin-Length Bob
14.987291116275465,11.429256882441724,17.769285553829764,14.008847763483764,Heart,Chin-Length Bob
14.67284852339029,14.156988277640027,16.45903377860935,13.988119427787922,Round,Long Straight
14.626384091042102,10.369695107032737,18.729905417822508,13.81702642524289,Oval,Side Swept Bangs
14.941397227057289,12.398282309175496,17.64566386046226,12.818790324762716,Heart,Chin-Length Bob
14.666981870008964,11.22715080642382,18.221956248912655,13.763256037761925,Oval,Side Swept Bangs
14.498391902780359,13.284478922157014,18.997948862689682,12.896542751319965,Oblong,Curtain Bangs
12.607309511897991,12.788117553666048,18.030471813592083,14.387313473126175,Diamond,Tousled Waves
14.434912484057671,10.265948732989404,17.978792857815687,13.751177026351321,Oval,Side Swept Bangs
14.516794019135242,14.036086574889723,17.274052149787426,13.277415072510962,Round,Long Straight
13.816856505867205,15.006953800024569,18.092715086238307,13.24216475120432,Square,Soft Curls
14.18370599320607,13.35130860547432,18.59878427703797,12.366922169266337,Oblong,Curtain Bangs
14.248380211444841,12.90325426707417,18.587530363179596,13.113909304197126,Oblong,Curtain Bangs
14.42124251438156,11.506432941833998,17.36342554025632,13.373254302514956,Heart,Chin-Length Bob
13.470918914643656,13.331040725409887,17.511909226207745,13.138823968095377,Oblong,Curtain Bangs
14.41060504225188,13.424913641104004,17.884768775278054,14.614341491227824,Square,Soft Curls
12.435701901368555,13.902674519848572,16.042726552056536,13.965281226941013,Square,Soft Curls
14.203985693505981,12.243436146684697,19.993372010272562,13.35877295256497,Oblong,Curtain Bangs
13.144593503249583,13.744544461285178,17.33962551400613,13.250122136802776,Diamond,Tousled Waves
12.641694105052476,14.411319583712766,17.140627313840177,14.354588235345354,Round,Long Straight
13.974762978679225,13.786985134987498,17.01672175675319,14.158589236347959,Round,Long Straight
13.875621709137423,13.185501080127553,16.955954022768058,14.159937954196117,Round,Long Straight
13.8771317510738,12.743336016909888,16.323260019212253,14.568225104289201,Round,Long Straight
14.078409410895542,13.437592937251223,18.427529818639176,12.686449985941252,Oblong,Curtain Bangs
14.09632104156773,11.394102960163675,17.47480932474165,14.10722915149365,Heart,Chin-Length Bob
13.530330477508588,13.886885778086834,18.4211503234031,12.671710346944884,Diamond,Tousled Waves
14.361818374246793,12.727169300869038,17.09101380677166,13.631052745574124,Round,Long Straight
15.564588874099368,11.049453109583853,18.066402952457295,13.435878834390447,Oval,Side Swept Bangs
14.594373598564335,11.965522841252522,17.828170236508488,12.983186255994147,Heart,Chin-Length Bob
14.15400698317764,11.508853892169906,18.441611796290683,13.687392708704833,Heart,Chin-Length Bob
13.619818409150525,14.323480434612,17.318949766470695,14.47916120965465,Square,Soft Curls
15.115879264302968,13.312560504867587,17.36929793384863,13.645830716884843,Round,Long Straight
13.76291146146743,13.510139643516451,16.884291968694306,15.264559713629394,Round,Long Straight
14.34210057856018,11.820001326674063,16.831013145191854,13.689408623435405,Heart,Chin-Length Bob
15.005127780003358,11.233601254661187,16.535752554428758,13.46126370811763,Heart,Chin-Length Bob
14.214186444460115,13.491844904354126,20.038040741018495,13.104212045435531,Oblong,Curtain Bangs
13.581099884609312,13.368308581501976,17.618963824600232,14.269733441627036,Square,Soft Curls
13.258365940740093,13.489706845072986,18.451125929088366,13.872046514949147,Diamond,Tousled Waves
14.069400758209808,11.257665032578625,16.576706257582106,13.594296845679628,Heart,Chin-Length Bob
13.472882464508153,13.270678383303341,18.47026624412779,14.039497387575837,Diamond,Tousled Waves
14.431903295878179,11.53682024419793,17.098604691537687,13.197043728470435,Heart,Chin-Length Bob
14.004739598204273,13.595126491420057,17.958467102650424,13.689940795798366,Square,Soft Curls
14.595590269846621,10.520203104696463,18.94041898715011,13.849279193358049,Oval,Side Swept Bangs
14.83589116191374,9.63111204249017,19.20347020025273,14.101190553678805,Oval,Side Swept Bangs
14.005058745917289,13.302078190769825,18.53200113517,12.504823808796473,Oblong,Curtain Bangs
14.11520665193657,10.257502812772596,18.29368492791004,13.101524790290805,Oval,Side Swept Bangs
14.146745079788664,11.505420821222124,17.42132532219878,13.743471267908138,Heart,Chin-Length Bob
14.492492553396763,14.136684609590366,19.578597964797385,13.34237239815469,Oblong,Curtain Bangs
14.19853733870413,11.66577593392322,17.979554766104254,13.231173512766851,Heart,Chin-Length Bob
14.881010422977603,9.914295166283033,18.358556891129346,13.710587885022722,Oval,Side Swept Bangs
13.355150674596752,13.124004693477726,18.154609149869934,13.442490986859028,Diamond,Tousled Waves
14.698659987427957,12.813601322885967,19.159483837402288,13.4075518604888,Oblong,Curtain Bangs
13.33417024421394,13.532290095807769,16.535409018835587,14.723720949698826,Round,Long Straight
13.913969170819342,10.21199640119115,17.78306873321281,12.941180582068297,Oval,Side Swept Bangs
14.636163786300886,13.771218486409726,17.047039580838142,13.690641001382021,Round,Long Straight
14.897826367296053,11.077523231679397,18.217257070297617,13.057053613712359,Heart,Chin-Length Bob
14.187441447360547,11.910204711416396,18.25297936829667,13.769622638780547,Heart,Chin-Length Bob
13.76734903961321,13.036025441765776,19.075787409746212,12.924881003394574,Oblong,Curtain Bangs
14.621675982528473,12.718459412252596,17.118062308711895,13.765888215287774,Square,Soft Curls
12.652463213262234,13.247649261470842,17.8380328386441,14.040936455980372,Square,Soft Curls
14.716131737610587,14.795388012424052,17.739452689469285,14.18509899789028,Square,Soft Curls
13.487729876700605,12.215414351432836,17.536782477728625,13.900123873878362,Diamond,Tousled Waves
14.764371199564778,11.663630416513271,17.3591121431216,13.934403983403188,Heart,Chin-Length Bob
15.232468888953852,10.84879571407951,19.08333098972449,13.262232342189138,Oval,Side Swept Bangs
14.974865300762309,11.587907318297905,18.07369017582027,13.657141638740104,Heart,Chin-Length Bob
13.924400399989644,13.52980166933017,17.475272533289477,14.52825241036217,Square,Soft Curls
13.29743652270398,13.532259594958115,18.58468635488735,13.704801276809578,Diamond,Tousled Waves
15.185365188850888,10.331344935886653,19.388715721912558,13.661641823375433,Oval,Side Swept Bangs
14.475162617841558,11.044069301053346,17.768413175982044,13.381228382698433,Heart,Chin-Length Bob
13.906518347646495,11.396707363132435,17.404236673669267,13.764057189550684,Heart,Chin-Length Bob
14.490098010745838,12.87095044811076,17.813084872371434,13.95704450838685,Round,Long Straight
14.036169632061926,11.909927096041983,17.586109753894217,13.440378469961816,Heart,Chin-Length Bob
13.613216447763065,13.079614022102016,17.331479359029824,13.877455137681613,Round,Long Straight
13.08399209564312,13.775433419316018,16.39119198454107,13.440050752725773,Round,Long Straight
14.431825312448499,12.886504804754324,15.849866762025568,14.336152653236606,Round,Long Straight
13.349045438214455,13.119959366057834,18.06773674358041,13.96415126993542,Diamond,Tousled Waves
14.1379144324893,12.287913397707896,17.062003936607248,13.695651354204387,Heart,Chin-Length Bob
14.776314676846331,11.111498994206936,17.292302374118147,13.973071172423008,Heart,Chin-Length Bob
14.02892015878312,11.191998037468444,18.26493036805572,13.496840675386647,Heart,Chin-Length Bob
13.582808058429885,11.172446217370721,18.19080685912628,13.325145545747555,Oval,Side Swept Bangs
13.55893070290419,13.43270267591463,19.186418112364915,13.039508456114394,Diamond,Tousled Waves
14.367045955519117,14.373276604875342,17.44705465773514,14.426615311171023,Square,Soft Curls
14.417654122676218,13.255155944745578,18.414652182472846,13.23133348578081,Square,Soft Curls
13.731479107359892,13.108026419871738,19.993425028080285,13.13165169835764,Oblong,Curtain Bangs
14.46780851616212,12.264742418115452,17.66048602941347,12.908757469884263,Heart,Chin-Length Bob
14.291461283349658,12.232494580641397,17.849400164493243,14.41587894588703,Heart,Chin-Length Bob
14.325924103818288,13.6430324730007,17.54358266739066,13.59080115817817,Square,Soft Curls
13.92702613112584,14.953754260337533,19.523034751239592,13.578560003230804,Oblong,Curtain Bangs
14.197202714887386,12.337094963295515,18.372882314243963,14.392108469006596,Heart,Chin-Length Bob
14.974761523334967,12.63410358124886,18.41833311693706,12.86583099845585,Oblong,Curtain Bangs
14.05039488337379,11.68140610037687,17.524857989269066,14.48468393537652,Heart,Chin-Length Bob
14.177317782752713,13.19833466103704,19.18357762559142,14.578285463190197,Diamond,Tousled Waves
13.770588408254934,12.925107413623854,17.40561953146496,13.697078724983413,Square,Soft Curls
13.926321813725556,13.540492633105407,17.009382965877727,14.286115276557775,Round,Long Straight
13.927468712822494,11.727661435688434,17.58959012829662,13.576940579476805,Heart,Chin-Length Bob
14.920618280053564,10.86695815210171,17.670168567951432,13.4225409994368,Heart,Chin-Length Bob
14.228105069054589,10.83353060244097,18.078990937894876,13.263770466878468,Oval,Side Swept Bangs
13.19676193633963,13.606001484665834,17.980260072192625,14.075776511141946,Diamond,Tousled Waves
15.034483598194022,13.180817746354052,19.571529388562567,13.888226696429658,Oblong,Curtain Bangs
14.461065385595258,13.97347830325633,17.846657049093555,13.369600743276187,Square,Soft Curls
14.125408631296956,11.193044481598717,18.953695746250638,13.086102874458433,Heart,Chin-Length Bob
14.103698892475627,10.961922379681248,18.098250247718852,13.549135155331497,Heart,Chin-Length Bob
14.662161891093584,13.47128268975857,18.2779138182604,12.940933939766493,Oblong,Curtain Bangs
15.107317458091222,11.404240767699676,18.417759712607996,13.40744275321784,Heart,Chin-Length Bob
14.000047277148893,10.35226075934594,17.93353006591926,13.259688382339721,Oval,Side Swept Bangs
14.075032315001014,14.25151584289965,16.70195881190125,14.016658420451117,Square,Soft Curls
13.96129407397241,12.957503798946997,19.063219952543438,13.039088618063342,Oblong,Curtain Bangs
13.981348343623491,13.641630109767904,18.8033280505192,13.609013788616094,Diamond,Tousled Waves
13.803861094162578,13.241882329081673,18.9163220009424,13.016780061078284,Oblong,Curtain Bangs
13.21774582597406,13.473980050540433,16.781770608856128,14.369191903346227,Round,Long Straight
14.161413572913386,14.055094244904526,16.36501744876277,14.224246890568562,Round,Long Straight
13.190181426319981,12.747828929388648,18.01164457280967,14.373276846261268,Diamond,Tousled Waves
14.299507451324086,11.09979933150565,18.82447908789466,13.328630316240858,Oval,Side Swept Bangs
15.013363325032872,11.745570738829894,17.33870603625567,14.381047216947385,Heart,Chin-Length Bob
13.953477397491783,13.504662769484467,16.56177180023896,14.617011298676072,Round,Long Straight
14.746980777650768,10.725286488967418,18.20400986475888,13.822464088652191,Oval,Side Swept Bangs
14.945436870061476,10.206043526117504,17.66985052509315,13.720846851794263,Oval,Side Swept Bangs
13.762323800724365,11.591199695843693,17.585707363506376,14.070743135152172,Heart,Chin-Length Bob
13.315675001283624,13.611648820617624,17.96956029138135,14.339690863269775,Diamond,Tousled Waves
15.069932298555353,12.79413151522853,19.14592533235034,14.300002270468273,Oblong,Curtain Bangs
14.52028153968314,10.498290614153264,18.96521717540143,13.503604971723291,Oval,Side Swept Bangs
13.491943330131775,13.650771123703189,17.95479749268721,13.090171379514793,Oblong,Curtain Bangs
15.09413232791871,10.330946604985673,18.09466807440375,13.840623461512424,Oval,Side Swept Bangs
13.384155193492797,12.873336299466326,17.112445492994212,13.9296122157167,Round,Long Straight
13.182918512378164,13.819128180181377,17.2050199660139,13.840395782787088,Round,Long Straight
13.67111593559259,13.73439671143914,17.558739532466184,13.879225116786568,Round,Long Straight
14.816100732043132,10.699669508115953,19.0185523303283,13.502892616602935,Oval,Side Swept Bangs
13.352776815457135,13.25982060475115,17.145747439089643,14.939366977234855,Round,Long Straight
14.260894754257386,11.934674715801439,17.646368581916324,13.533549291971902,Heart,Chin-Length Bob
14.689155833098583,14.384475261004193,16.880866789944214,13.733836953750444,Square,Soft Curls
14.733138653584888,13.265182542747596,18.39809126173251,12.936472068992556,Oblong,Curtain Bangs
14.804404080732802,12.034450351576453,17.822420811928243,14.679898563038334,Heart,Chin-Length Bob
14.242945283558397,13.371238390592483,16.58117938200245,13.530046251437954,Round,Long Straight
14.13786893665583,13.725133527590383,18.3756685575745,14.77257842826177,Square,Soft Curls
14.805224707404909,10.001942046392688,18.107282687972045,13.991972682059613,Oval,Side Swept Bangs
13.531817178009064,14.065951204202,17.20994966502672,14.047995103129097,Round,Long Straight
13.912618299969221,13.173254993144253,19.092784695057244,13.644081928683955,Oblong,Curtain Bangs
13.567341964068953,13.844029547726523,17.54037610979627,14.363135234435719,Square,Soft Curls
13.122301317330875,12.712144965897638,18.553663845245893,13.108973327982115,Diamond,Tousled Waves
15.133142639932107,10.411198762552107,17.593178922168587,13.29391866339709,Oval,Side Swept Bangs
14.677489236393454,10.260478202089567,18.51386632655176,13.7846594321642,Oval,Side Swept Bangs
14.385083308338187,10.098724228728031,18.326497560937707,14.055969136374099,Oval,Side Swept Bangs
14.684273508926616,12.467534107515723,17.510334140780277,14.148108374149517,Round,Long Straight
14.4128459885977,13.69266224359496,16.610645367698954,14.323298431897145,Square,Soft Curls
14.051751184807154,10.78072120735224,17.14233125842087,13.77129057647455,Heart,Chin-Length Bob
14.265396814202203,13.514577819893733,19.341613954840042,13.088588407602655,Oblong,Curtain Bangs
13.784334315651398,13.234924918690544,16.876181263698342,13.533895576259194,Round,Long Straight
14.020634567043823,14.042030923536041,16.580737408239113,14.668337558107945,Round,Long Straight
14.034196892042463,14.109170076019907,16.645942675087987,13.104725195180942,Square,Soft Curls
13.517051775649183,13.49380734163257,17.892295435232743,14.66722342745391,Diamond,Tousled Waves
14.514806120678664,12.856308601211124,19.01036571459069,14.19610437023586,Oblong,Curtain Bangs
13.400631016032056,14.260284573620226,17.351891473477057,14.38566382867786,Square,Soft Curls
14.737767743909039,13.059575469538752,19.575085457409557,14.098370154372525,Oblong,Curtain Bangs
13.487858748161546,13.492009910529086,17.932085169049785,13.860329306525713,Diamond,Tousled Waves
14.132991543369759,13.52021127818734,19.619597960261626,13.207554066813591,Oblong,Curtain Bangs
14.697671102070926,14.787401105063422,17.951648521350933,13.762596895269894,Square,Soft Curls
14.202398148186402,11.083753766810851,18.296412622412532,12.892600159885925,Heart,Chin-Length Bob
14.792204036262202,10.942354625799698,18.23247818750766,13.488347124541018,Heart,Chin-Length Bob
14.60423804193728,14.58293082930488,18.253276948182155,14.769779756643889,Square,Soft Curls
13.894090388694764,12.905605442045061,16.465778044507275,12.969029920856837,Round,Long Straight
13.474868560735544,14.018532558331072,17.2304068409661,13.933729959569026,Square,Soft Curls
14.073041180242933,13.340418304770136,16.432005234767903,13.995044177643852,Round,Long Straight
13.359869048080093,13.35734770993812,17.63301189128227,13.885424701079872,Round,Long Straight
14.80855435538921,14.735618843554795,17.220329960373558,13.459400812707733,Square,Soft Curls
13.793520321242228,14.081816005395396,16.739803474245033,14.480058382092615,Round,Long Straight
14.439942165286828,13.101342400671085,16.649233485722018,14.381459482662356,Round,Long Straight
14.563167410830156,10.199129726404552,18.295253285634523,13.458732429457163,Oval,Side Swept Bangs
12.876134645478357,13.484867749924895,17.987020482152253,12.490292302140299,Diamond,Tousled Waves
14.474779484329163,10.176924277021376,19.494010862418566,13.251690059067151,Oval,Side Swept Bangs
13.747257842012967,13.407695824595155,18.651573712485575,12.95156689056956,Oblong,Curtain Bangs
14.420386234438787,12.804868962211954,18.23801007912455,13.909110712598718,Oblong,Curtain Bangs
13.680333690237681,13.102682812294312,18.22063493506139,14.098171883444044,Diamond,Tousled Waves
14.319421846449101,13.110524889194267,17.15709818764779,13.766255917066758,Round,Long Straight
14.127837296871693,13.272507576320741,18.990888568869778,13.53058406329315,Oblong,Curtain Bangs
14.731795517162775,9.870263602109066,17.704601488841675,13.33843058529472,Oval,Side Swept Bangs
15.406601028218164,10.132912962699663,18.379805077167756,13.271431891083422,Oval,Side Swept Bangs
14.208097694310409,10.544874468818588,19.324831254906652,13.670423869137487,Oval,Side Swept Bangs
13.408548030002557,14.895710033488754,17.016963218203966,13.730678274928213,Round,Long Straight
14.79842456436366,13.027326517561491,19.85742954092196,12.916716859977765,Oblong,Curtain Bangs
13.999309479055212,13.275342699879014,18.85702225590609,14.780459860051229,Diamond,Tousled Waves
13.239854045731269,14.144105134851971,16.292113039529955,13.493568900644243,Round,Long Straight
14.082664915566996,10.675042349565516,18.521493567769998,13.419884640946206,Oval,Side Swept Bangs
14.549354228237288,11.822336537540496,18.15343907327102,14.010393040786301,Heart,Chin-Length Bob
15.402279958115344,10.465028025615169,18.196046965689476,13.733779050008046,Oval,Side Swept Bangs
13.233883189273863,13.14983388746335,17.46567441712752,13.959275860967143,Round,Long Straight
13.201106916306006,12.737215688228199,17.00241407380349,14.598020017183757,Round,Long Straight
15.05445502346765,10.517928883720833,19.68201012354204,13.444940682665415,Oval,Side Swept Bangs
13.411036499983775,12.247940393660299,18.00242185527929,14.267363241250818,Diamond,Tousled Waves
14.04953774475158,12.892627114632997,18.449586370116254,14.362608770208844,Diamond,Tousled Waves
14.211683613615612,12.32101391038989,19.122701696709488,13.54046875836419,Oblong,Curtain Bangs
13.810175424724582,13.110998173656128,18.394636747829434,12.26719379985219,Oblong,Curtain Bangs
13.848162218667479,13.199341495396416,19.007757212487036,14.269957270841783,Diamond,Tousled Waves
14.32030704005282,11.467444169275549,18.101490042682777,13.948692907522297,Heart,Chin-Length Bob
13.584015172462905,13.611025425970627,18.076502739815314,13.363532417818456,Diamond,Tousled Waves
13.787238009043687,13.599481497611496,16.39316407334554,13.347489206148166,Round,Long Straight
14.711825943452485,10.311019439142761,18.404697503859193,13.342461065033827,Oval,Side Swept Bangs
15.178383503846725,12.175124883557181,17.18358058545681,13.221730599760708,Heart,Chin-Length Bob
14.91434624744515,10.714364946168553,18.47775228232403,13.029678282238685,Oval,Side Swept Bangs
13.662275336296773,13.710405439602233,17.659430928457823,14.893539172830906,Square,Soft Curls
13.91929979726894,12.810487687201306,18.93799698701276,13.643776213123834,Oblong,Curtain Bangs
13.75899220478816,11.055067992524929,18.401061616070212,13.191830077490296,Oval,Side Swept Bangs
13.000158075691347,13.854518584512155,16.89526233177165,14.108027597071153,Round,Long Straight
13.560298360925726,13.814416492675786,17.26787783216964,13.974256066392558,Square,Soft Curls
13.211900742696468,12.631388042593239,19.56366772987511,13.18451169247462,Diamond,Tousled Waves
14.065937433737213,13.049911035381387,16.49332750462665,14.075348864470794,Square,Soft Curls
14.562230020165487,12.174986935311585,18.01668321062433,13.407379847321645,Heart,Chin-Length Bob
13.333668717547399,14.257670798833976,17.431305172032847,13.39309474563206,Round,Long Straight
14.505882868735991,10.531198505279896,18.29908671564801,13.797434436440495,Oval,Side Swept Bangs
13.774929425529162,13.130042116214963,18.08426972860711,14.583575932154744,Diamond,Tousled Waves
14.597694779849228,13.238117760347084,18.14877328850213,13.380933607863472,Oblong,Curtain Bangs
14.49937100170624,12.137549146423543,19.125078492611653,13.09020946960457,Oblong,Curtain Bangs
13.877975855879304,13.504872003078717,17.441401478054196,14.734713016883692,Square,Soft Curls
14.02002195356837,13.585865693529884,18.575858018666278,13.53944663420573,Oblong,Curtain Bangs
14.483182106012475,11.69644034334441,17.816973992200655,13.79102529066181,Heart,Chin-Length Bob
12.500079488368526,12.673826168936264,18.427380014859214,12.852076077887041,Diamond,Tousled Waves
13.733271209702396,13.95372570930328,17.09273021694687,13.67316363608303,Square,Soft Curls
13.959681936439358,14.008544354708658,16.511620308604684,13.731769446533786,Round,Long Straight
13.639512821012035,12.708234233224838,17.590059540363093,14.501736578852595,Square,Soft Curls
14.947728619709114,11.053032769615193,17.17628000580635,13.49047320363952,Heart,Chin-Length Bob
14.554318051869636,13.270232991421475,19.144507861812528,13.685851563683803,Oblong,Curtain Bangs
14.11499473758632,10.385579371139887,19.4621673678047,13.407952835700602,Oval,Side Swept Bangs
13.84930538809285,10.205812366927228,17.95107380710445,13.630695808981892,Oval,Side Swept Bangs
14.036117734797276,10.581994874276093,18.069783328839637,12.633314351066865,Oval,Side Swept Bangs
13.977643210462293,13.570626567300781,17.23097863164505,13.682361578988036,Round,Long Straight
14.125636871926178,11.72245572211757,18.5864402934373,13.485413648384124,Heart,Chin-Length Bob
14.384820325557786,13.0847449335648,18.19318969763566,13.619198145364534,Oblong,Curtain Bangs
14.286140342775852,13.856682277506822,16.890012024453664,14.323133131379938,Round,Long Straight
13.798192099429356,13.8019840529662,18.70830119494601,13.88211025794487,Diamond,Tousled Waves
13.88365373772249,11.593116314836866,17.943918728099472,13.82369937590704,Heart,Chin-Length Bob
14.774046478979653,13.172902006736217,20.084795636860115,12.577091497680179,Oblong,Curtain Bangs
14.035427791222883,13.08888155792217,16.04928176890164,13.920101331905222,Round,Long Straight
13.073472489312575,13.41298007032981,16.995617466382214,14.586236717223544,Round,Long Straight
13.047629625540118,13.95724055304857,17.026469124826495,14.540984523787408,Round,Long Straight
13.599133033826147,12.817368050720027,16.385384821896462,13.370149864307686,Round,Long Straight
14.407114515028773,13.784945126620919,18.701137347128004,13.489907637854825,Oblong,Curtain Bangs
13.269404222975284,14.07720049959155,17.860222806836916,13.287702172974159,Square,Soft Curls
14.389109429626922,11.887912990813426,16.3201869988574,14.127355583415351,Heart,Chin-Length Bob
14.664690556097476,10.76028472906267,18.259696554347784,12.794411023967832,Oval,Side Swept Bangs
14.755425049163906,10.440535127648118,18.520964716372607,13.924394507632309,Oval,Side Swept Bangs
14.526168233204048,13.957927081692137,19.074207266627887,12.985292220859742,Oblong,Curtain Bangs
13.392341492729463,13.354987988615074,18.72173675584807,13.133859616596936,Diamond,Tousled Waves
14.486331797883086,12.358119825439806,17.69107872028622,13.931304309945116,Heart,Chin-Length Bob
14.708117722967222,12.014166305898039,17.40120466689003,13.089584729736124,Heart,Chin-Length Bob
14.49170242386732,10.704988541645335,17.676048505563354,13.602580958367474,Heart,Chin-Length Bob
14.132297450712446,13.350183946694948,18.529705019182362,14.42008768355877,Diamond,Tousled Waves
14.001555719167346,10.407535879854986,19.926638094201955,13.455273449026969,Oval,Side Swept Bangs
14.392775584245292,13.985368785161661,16.258386979302898,14.17854729493744,Round,Long Straight
14.56060202799601,10.605566340459024,18.0591834938685,13.037993621011575,Oval,Side Swept Bangs
14.264560654641226,11.459754405841192,18.416432688089063,14.360934223514661,Heart,Chin-Length Bob
15.121628917651423,11.963823881142789,17.30217306842462,13.2817891983569,Heart,Chin-Length Bob
14.07923729470507,13.649541281471741,17.813375967961697,14.39258770454003,Square,Soft Curls
14.43160626982743,13.609054145384702,18.52485975094148,13.605974315169984,Oblong,Curtain Bangs
13.656152465173216,13.487215991536866,17.79025456251393,14.6449826521719,Square,Soft Curls
13.646023879275052,13.208453109607248,18.374815139907092,13.917598432928948,Diamond,Tousled Waves
13.920423797775689,9.976490673638216,18.455804699838126,13.519196100120677,Oval,Side Swept Bangs
14.492487070615313,10.744033176318041,18.37554452642493,13.713451000899608,Oval,Side Swept Bangs
13.746341762603311,14.422670931076336,17.01800629036956,15.202860524124286,Round,Long Straight
14.145619944492863,13.869885921382082,17.05616434732577,13.290369965066954,Square,Soft Curls
13.091182009757434,12.874304963928115,18.41643682173104,13.593736899250569,Diamond,Tousled Waves
14.580812702637267,10.986400864050854,18.450528956265593,14.323079007964202,Oval,Side Swept Bangs
13.944270844974307,11.431978156256328,17.53884932900747,13.933967868824853,Heart,Chin-Length Bob
12.934724260316845,13.222978644084536,17.46234504311665,14.815918661792175,Square,Soft Curls
14.600387172565721,9.932916695686167,17.798961157922218,14.159766484614138,Oval,Side Swept Bangs
13.502049545212385,13.015401246253736,17.698600558358173,14.53202808011543,Round,Long Straight
15.065544775437202,11.011319630565703,17.037128860867277,13.544551928394185,Heart,Chin-Length Bob
14.137731024504998,14.174165470813564,18.27538764938249,13.142170273661826,Square,Soft Curls
14.382810679423157,13.40529531186443,17.95620289598455,13.783521561009692,Square,Soft Curls
14.077351969625944,10.229595389667523,17.653040887316667,13.503342844575364,Oval,Side Swept Bangs
13.173227140399808,13.492533001278018,18.53699423393101,14.676052326173858,Diamond,Tousled Waves
14.36042000123072,13.412657776943611,19.72102559791388,13.009579897935136,Oblong,Curtain Bangs
13.801267809200224,11.616497498266508,17.089282204160618,14.669537054378255,Heart,Chin-Length Bob
14.56659135207415,14.595948099369302,17.009104871435976,14.29968143716681,Round,Long Straight
13.766491573236404,14.446897312163,16.894074212508304,12.729826729501815,Square,Soft Curls
13.875812003095586,12.643297747061125,19.76141882539159,13.943384740060475,Oblong,Curtain Bangs
13.101279331019402,14.152215978441316,17.442285901308246,13.229906793030437,Round,Long Straight
13.798825643957302,13.677047572191725,17.900955057540063,13.399456470457448,Square,Soft Curls
14.165577935907523,12.942896539626142,19.240025321761923,13.166607979216804,Oblong,Curtain Bangs
13.731091549585212,13.870086183309141,18.561451511212187,13.813101056054021,Square,Soft Curls
13.072594370004852,13.417248602525493,18.15178796660818,13.159178405213071,Diamond,Tousled Waves
15.141617907350565,13.072718272296985,18.79823547588246,13.3105488358837,Oblong,Curtain Bangs
15.274276192187674,10.627364690517464,17.95379668544256,14.491796915065454,Heart,Chin-Length Bob
14.041301719152221,13.332309271963817,17.20028424951944,14.130911823840622,Square,Soft Curls
15.156192607268352,10.337829721133595,18.987625778509134,12.90995081651406,Oval,Side Swept Bangs
13.080369564959385,13.249492908991622,17.67942823761021,14.056651154603772,Round,Long Straight
14.32837230544357,13.318208864103848,19.570048799963338,13.016245947812338,Oblong,Curtain Bangs
14.495267107563212,12.886464967878577,20.023700199956046,12.943565911326663,Oblong,Curtain Bangs
13.837413766071318,13.423945031283692,19.035766114930723,13.374380035973271,Oblong,Curtain Bangs
14.30219620989464,12.785432081704759,19.831709967221936,13.590959654916654,Oblong,Curtain Bangs
15.170350305371686,10.262226404003844,18.7467420380078,13.566445434625688,Oval,Side Swept Bangs
13.886039686321732,13.63130824785356,18.317247597045633,13.108972342164412,Diamond,Tousled Waves
15.296952348440161,11.803761269590412,17.50366852058783,13.67706969166344,Heart,Chin-Length Bob
13.726693729696626,10.895744391718035,17.638004138395683,13.3982934664186,Oval,Side Swept Bangs
14.309375314934302,13.614389851291136,19.04965296835706,13.492134842315762,Oblong,Curtain Bangs
13.806021928284949,13.478727388304208,17.02032756367823,13.926517131095908,Round,Long Straight
12.955876714808374,13.104243173337416,17.097953555471,13.896213664962522,Round,Long Straight
13.740588881468028,13.330606000450006,16.55784135954046,13.773119867587619,Round,Long Straight
13.837807011444754,13.985025064662384,17.719111361057095,13.933518680961683,Square,Soft Curls
13.968861333495243,9.914301556636188,20.027674617734736,13.03280856248949,Oval,Side Swept Bangs
13.5545990136597,13.758106676891916,17.15452235143384,14.284692989411951,Round,Long Straight
13.593511601134308,13.616458935048431,17.00856722538229,13.864423214833947,Round,Long Straight
14.594745090341023,12.06652375816861,17.80203450113651,13.472463578836264,Heart,Chin-Length Bob
14.97130765953294,12.017060162925926,18.619479816904203,12.62867434831107,Heart,Chin-Length Bob
14.284451202409763,13.801133661358937,16.547094404708385,14.148834995386894,Round,Long Straight
13.8572069687992,12.89302631806677,18.439906866143442,14.276815572614778,Diamond,Tousled Waves
13.061338058593767,13.147929452492221,18.370299596744808,13.461782984619376,Diamond,Tousled Waves
13.369781897517184,13.42640164901677,17.369314773620975,14.346683407919022,Round,Long Straight
13.378876172270184,13.826868454575905,16.571319451281894,13.209527363830164,Round,Long Straight
13.80962920457998,14.573204260249671,17.853760607938682,14.024706426258161,Square,Soft Curls
13.306726162775837,13.056089330575436,18.275822700294935,13.328685401297339,Diamond,Tousled Waves
13.332452595496255,13.120733368001124,17.55815961807162,13.441099426606844,Diamond,Tousled Waves
14.378923839545386,13.21364940932402,18.834103288552807,12.901129631799408,Oblong,Curtain Bangs
14.717866834105907,13.54138989588258,17.646405308453456,13.77694283087722,Square,Soft Curls
14.505035583149382,10.656630301317575,17.697298896109494,13.484426813013975,Oval,Side Swept Bangs
14.537470242862218,14.909188096252896,17.450721579319172,14.046743404113496,Square,Soft Curls
14.954053961449958,14.072453878030046,16.67787051219751,13.70960795548573,Round,Long Straight
14.92022449373779,10.97922518508552,18.36693325881039,13.642050583637882,Heart,Chin-Length Bob
14.74720478582555,10.37087285359534,18.13218231798036,14.074928395963639,Oval,Side Swept Bangs
14.369495797267945,11.294986538751475,17.772547469832592,13.573566714488992,Heart,Chin-Length Bob
14.010628985025983,11.213988362976064,17.49878511648044,13.889746280442825,Heart,Chin-Length Bob
14.076930694604961,10.587363198714066,16.812178032067848,12.76723905225661,Heart,Chin-Length Bob
14.617272810388483,13.99084644923927,17.774426282601446,14.298842371668549,Square,Soft Curls
14.515047781173175,10.443658958112382,19.115591740526398,13.54578944700851,Oval,Side Swept Bangs
14.792980172629164,13.451649267653151,18.673710208025877,13.059465832171902,Oblong,Curtain Bangs
14.120865729662567,10.96062692131135,18.26420045062427,13.166035380086416,Oval,Side Swept Bangs
14.340923467759945,13.172116901310336,19.147239885091622,13.97171848427889,Oblong,Curtain Bangs
14.946069258695276,10.48437855264612,17.674882102627986,13.286061061142924,Oval,Side Swept Bangs
14.184963763430485,12.899374714258075,18.021972883942308,14.029175567005977,Round,Long Straight
14.227448661728157,12.950406301308494,19.252168460133117,12.806892920796567,Oblong,Curtain Bangs
15.113721930561386,13.722820665000853,19.505218020799227,12.718063027824293,Oblong,Curtain Bangs
14.293023504546978,13.680670707038857,19.302184571417623,12.866472574415194,Oblong,Curtain Bangs
14.184884783335832,11.273412623807094,17.506212873354077,14.221069486817589,Heart,Chin-Length Bob
13.603201506380843,11.856343277214393,17.155613872840565,13.014037147906333,Heart,Chin-Length Bob
13.042207944290904,13.693416697577502,18.292077757492024,14.160432546313874,Square,Soft Curls
13.705073546512754,13.605944654214262,19.63341842293425,13.289227237361864,Oblong,Curtain Bangs
15.05921331293036,13.529799588779694,19.348660732872574,12.94242409813102,Oblong,Curtain Bangs
14.469765661808339,13.294347946414298,19.264153129400235,12.987824883100918,Oblong,Curtain Bangs
14.260641537370388,12.89192372156307,17.8799642074038,13.630998125003357,Oblong,Curtain Bangs
12.899561127030985,13.240510196722797,18.38604730665193,14.010533061433076,Diamond,Tousled Waves
13.67534662600318,13.633070212007684,17.208177420141208,14.392711846320607,Round,Long Straight
14.709072946479628,13.614238943893362,17.009885464658694,13.564432482135715,Round,Long Straight
14.389578804877864,13.469773456804914,18.894546882349132,13.457604401508355,Oblong,Curtain Bangs
13.670508887084132,13.836444896032143,17.42338703932526,14.475284326868126,Round,Long Straight
14.036216526766061,13.43510710599437,17.203609070487328,14.32873394377997,Square,Soft Curls
15.718560447402464,10.337275711455069,18.769832706624193,13.26350824573346,Oval,Side Swept Bangs
13.321177595447208,13.151048835506666,15.96388215166846,14.704746982823083,Round,Long Straight
13.272932750282305,13.107231985322068,18.382890509580143,12.911466639940627,Oblong,Curtain Bangs
14.624273578821937,14.08811651929886,17.02234684977939,13.725154170012551,Square,Soft Curls
13.42805342081848,13.472948527691521,17.062924768933147,14.978271278116726,Round,Long Straight
12.83811024608013,13.477391317619235,16.82489766862732,14.499461609544072,Round,Long Straight
13.59607147883034,13.419819865621367,18.391987797560127,13.395377586403699,Diamond,Tousled Waves
15.096063753868043,10.792997924783139,19.039827165688738,13.995339173573198,Oval,Side Swept Bangs
14.696880956304025,11.066012060922898,18.723904018967364,13.399007525829216,Oval,Side Swept Bangs
13.97807406001374,13.969772697026633,17.251053188843162,14.856938275050814,Square,Soft Curls
14.119589211702822,14.032168449543105,17.716494040488755,15.543713286343309,Square,Soft Curls
13.917519781989814,10.135534474763046,17.691240844661177,13.393563071183126,Oval,Side Swept Bangs
14.610284676346186,10.28743151900994,18.18510026395457,13.544345550618234,Oval,Side Swept Bangs
14.252616019558058,11.67442025972635,18.380424333496226,13.8081878392711,Heart,Chin-Length Bob
14.575988430123637,13.63271864561138,19.14114648320642,13.18883234720789,Oblong,Curtain Bangs
13.62036123048806,13.776488228245887,17.24885116523109,14.39828697079387,Square,Soft Curls
14.143176928111915,14.348939758777078,16.92238342019522,14.754969272957172,Square,Soft Curls
13.302872760644554,12.79250925219919,18.006426006803192,15.064929672986676,Diamond,Tousled Waves
14.291761866828132,10.343525869570929,18.389271801503934,13.42732947482151,Oval,Side Swept Bangs
14.093697601470653,10.530862822422781,19.133839425815868,13.613457229728066,Oval,Side Swept Bangs
13.74159438288414,13.075884647554398,18.708104650567332,13.269694968798447,Oblong,Curtain Bangs
15.156015425466459,10.414016280624791,18.45032543366677,14.201846444964236,Oval,Side Swept Bangs
14.573974941617122,13.433448963887635,20.01065165947383,13.436660255842948,Oblong,Curtain Bangs
12.802110187377705,13.918690431122203,16.202885873968512,14.249951074677579,Round,Long Straight
13.489213540011336,13.028188947574613,18.80554574232587,12.955135375949604,Oblong,Curtain Bangs
14.311311230499348,10.88662721382485,18.08277071763058,13.706278536844923,Oval,Side Swept Bangs
13.325441336116992,13.398699586286186,17.13648178677372,13.519126205619964,Round,Long Straight
13.368320992623977,14.241135897202433,18.09329449024754,13.985224410600239,Square,Soft Curls
13.291497117798851,13.258504752185267,18.249618106707395,13.969641535474324,Diamond,Tousled Waves
12.524409992427216,12.951231467948437,16.566792257742833,14.098018857628826,Round,Long Straight
14.068001941820269,14.317065080818736,17.649476371531797,13.362795751850348,Square,Soft Curls
14.657202891457212,14.651578394330818,16.87220167389723,14.195017262590891,Square,Soft Curls
13.957604703606728,13.26400910410318,19.541037135299458,14.063553550243338,Oblong,Curtain Bangs
14.826274279727224,11.666400710657353,17.64038091378546,13.568289157488975,Heart,Chin-Length Bob
14.776509242738785,13.192540114146357,18.534450375002457,12.630443258294568,Oblong,Curtain Bangs
14.220856417067854,14.112437213874799,17.186176749273397,14.54825117027998,Square,Soft Curls
14.274629394816843,10.419712161543755,18.492314630172466,13.345975232817775,Oval,Side Swept Bangs
14.60542894436198,10.934211919401484,17.831079534769838,13.683512344140198,Oval,Side Swept Bangs
14.573384078939707,10.535083416791702,19.014169192666163,13.506908704780443,Oval,Side Swept Bangs
14.066640417015424,13.859271944356033,16.7328963161629,14.172848247063062,Round,Long Straight
14.101950631928968,13.158290241914306,18.82720061333788,13.429501629537816,Oblong,Curtain Bangs
14.519791964172606,11.718813074476481,17.804417849015508,12.702408691344573,Heart,Chin-Length Bob
14.50256536999477,10.498990537183731,18.644587815741147,13.248359140570992,Oval,Side Swept Bangs
13.935273296966612,11.839867286711923,17.674080925390886,13.56300987400805,Heart,Chin-Length Bob
14.353603623488775,11.50802251320981,17.584668979138634,13.010725313660277,Heart,Chin-Length Bob
14.699245063955193,11.193862739753394,17.896776649858833,13.678968967190519,Heart,Chin-Length Bob
13.70699933789597,13.348856801186223,18.761461127936347,13.75661275999022,Square,Soft Curls
14.140042648222611,14.481735077097229,17.363597764302536,13.870320412040329,Round,Long Straight
14.45170594451707,11.073111332761629,18.262073860911972,13.754497483362861,Heart,Chin-Length Bob
13.74081864209926,13.433946005270538,16.839877281945302,14.528126253672188,Square,Soft Curls
14.257405720978229,13.293644541488206,18.56723335944831,12.690135296983316,Oblong,Curtain Bangs
14.922999959375833,11.533332197542906,18.275071577409708,13.29292044517354,Heart,Chin-Length Bob
13.374189615729293,13.46544220513792,18.582364741400177,14.240749484284978,Diamond,Tousled Waves
13.843240800393835,14.305682069902323,18.086125222260304,13.972126955473039,Square,Soft Curls
13.99192237321092,13.732708014044517,18.65468864202843,13.490038038505084,Oblong,Curtain Bangs
13.953864399170032,13.013321555631784,18.0961218381814,12.620408435611049,Square,Soft Curls
13.574314624504744,11.788682359419527,18.0815868960504,13.170935688638698,Heart,Chin-Length Bob
13.518441538579387,12.261302404552493,18.569891629496915,13.972976451836765,Diamond,Tousled Waves
13.797063256661428,13.505703239277913,17.219037965682485,14.007320409087184,Round,Long Straight
13.422069301119318,14.065027668118816,19.617586722419418,12.758377427355153,Oblong,Curtain Bangs
13.333566480776973,13.113138773704545,18.752703974844714,12.795509341134531,Diamond,Tousled Waves
13.74802175429586,13.055904968544477,17.371197482473935,13.784772772347337,Square,Soft Curls
14.526873588408638,10.231606853832787,18.060997831612195,13.736240019337663,Oval,Side Swept Bangs
13.633520064093243,13.405360121130999,18.13538069605896,13.5714616474785,Diamond,Tousled Waves
14.157209673731094,13.40505987810286,17.86457670106355,13.40008553148704,Oblong,Curtain Bangs
14.64228595499861,10.49843567866368,18.41440471639603,12.45529613250075,Oval,Side Swept Bangs
14.022763327053752,13.906614887460666,19.001050785788692,13.132021190174068,Oblong,Curtain Bangs
13.989058028913542,14.168993669538544,17.85522702659411,13.908895094950239,Square,Soft Curls
14.676904419506167,12.393431277174157,18.32546596856687,14.614451262309906,Heart,Chin-Length Bob
13.67431498633018,14.864298318958653,17.111942621861974,14.205645657998602,Square,Soft Curls
13.737705113962301,13.011179854293713,18.265587333308925,14.29593048144159,Diamond,Tousled Waves
14.129514413403324,11.141373765411645,17.688876454173432,14.267002509677008,Oval,Side Swept Bangs
14.333769650897896,13.449456117393805,16.782453435054656,13.7660924065326,Round,Long Straight
13.750848347004748,13.47043029202233,17.590348274915403,15.015141795218408,Round,Long Straight
13.922668972803285,13.064916962650615,16.712741107092658,13.92952771435368,Round,Long Straight
13.499884298339444,13.361981988322711,18.592774904267902,14.17968580787592,Square,Soft Curls
13.858043971408032,13.527868333673021,18.38277724553732,12.830584397713698,Oblong,Curtain Bangs
13.605976393427033,14.85289269508561,17.387717208336714,12.78148198456543,Square,Soft Curls
14.54650466097794,13.821106713585994,16.56903536897657,13.864160180107897,Square,Soft Curls
14.72088095164948,11.723814479484226,18.728638944064162,13.066624155484458,Heart,Chin-Length Bob
14.510287409283778,10.19372624684537,17.596314240707194,13.843141890223965,Oval,Side Swept Bangs
14.69445670065149,11.660477884867717,18.030548749697328,13.147719749055018,Heart,Chin-Length Bob
13.785768993870336,13.224603203471087,19.59703927896071,13.864043276447063,Oblong,Curtain Bangs
14.228222762129324,13.509942333261058,17.110140527495524,14.027751436068801,Round,Long Straight
13.970728459178932,10.48343321594823,17.718108132869567,13.437197841767832,Oval,Side Swept Bangs
14.745551022583529,14.415291929148509,17.044026014134335,13.98860536060271,Square,Soft Curls
13.857523284979141,13.18560822360056,19.534703891724458,13.499031372372462,Oblong,Curtain Bangs
15.61938468858592,12.138669195643718,17.917159588983377,13.808245768523049,Heart,Chin-Length Bob
14.389768633828139,10.917942584365194,18.47790999795971,13.969104622949363,Heart,Chin-Length Bob
14.365534442692784,10.58315554925915,19.23095233666035,13.827389939225556,Oval,Side Swept Bangs
13.594191305238384,13.304792978530946,18.907351807308533,13.674833119505337,Oblong,Curtain Bangs
14.954319098034379,12.205036430546103,17.24437957555824,13.099905038860099,Heart,Chin-Length Bob
15.047179838295634,10.236898658217136,17.60850731818608,13.701234660024333,Oval,Side Swept Bangs
14.231969477414792,12.452963200285716,17.96407684204418,13.557685054590719,Heart,Chin-Length Bob
14.313426114252884,12.348276943094053,17.9958200856635,13.281981476186122,Heart,Chin-Length Bob
14.118982454828348,11.472552111580514,17.315758721395543,13.978744265614422,Heart,Chin-Length Bob
13.136298371193314,13.908909175750626,17.830261026450287,14.199813665392545,Square,Soft Curls
13.906566067868242,13.466999769379102,18.534488399471556,13.240907314172723,Oblong,Curtain Bangs
14.814668706269796,10.658751665031101,18.1056263143998,13.968578329127993,Oval,Side Swept Bangs
14.530394902208261,10.77079257087598,19.400200605805377,13.936422219392723,Oval,Side Swept Bangs
14.995092907439378,11.612596335982822,18.217407631615213,13.583540093701536,Heart,Chin-Length Bob
13.700481892116352,13.327811189512078,19.127409660308693,13.472554227783752,Oblong,Curtain Bangs
13.754846166847416,13.107736995919941,17.298590902615327,13.359320269337612,Round,Long Straight
14.010106153404053,13.114851849257752,18.343045335769336,14.123927530766892,Diamond,Tousled Waves
14.752774480244152,10.76983357189227,18.232753255675416,13.626952617850186,Heart,Chin-Length Bob
13.22476091103759,12.922526307032545,18.058124692456857,13.216117427150769,Diamond,Tousled Waves
15.27068363383555,12.293194371505676,18.043226730080686,13.37170850231088,Heart,Chin-Length Bob
14.387639772836755,10.776821111527505,19.534539921005077,13.257740705282792,Oval,Side Swept Bangs
13.92463139106772,11.092673277474674,17.45244842689335,13.081574790550414,Oval,Side Swept Bangs
13.3704242853083,12.621645566022323,18.769073920973533,14.269753488204115,Diamond,Tousled Waves
14.197660847683794,10.985455100480014,19.35332602759658,13.441583182681669,Oval,Side Swept Bangs
14.26009681569154,11.377477741890305,18.925667550372133,13.59015067010688,Oval,Side Swept Bangs
14.778089948175584,13.327494609046708,18.73193090869035,13.280098121506501,Oblong,Curtain Bangs
14.466420794862639,12.93406816320776,17.369692332326334,14.730161142851637,Square,Soft Curls
14.248148730712083,12.324742635117,18.533369015091367,13.448235020754689,Heart,Chin-Length Bob
13.529011507035504,13.348917092975356,18.27714560714984,14.967600360666806,Round,Long Straight
13.884740111108956,13.185724026488073,17.035708650872962,14.144919363201774,Round,Long Straight
13.1830796708483,13.535819059355537,17.623084268725748,13.11407741259571,Round,Long Straight
14.244191792467015,14.194481223051216,16.705513786750718,14.876659972742381,Round,Long Straight
13.46657447592314,13.719486233820948,16.829183491190808,13.86701396786018,Round,Long Straight
13.692756051844434,14.349896155353148,17.952649338949442,13.992684780730698,Square,Soft Curls
12.952973338971312,13.350351678442058,18.42980548834496,13.744989894079778,Diamond,Tousled Waves
14.85353363770233,13.15940859618004,16.38039278355781,13.653154182592257,Square,Soft Curls
14.18464512957655,12.957976852785134,16.50064552449777,14.501718263611446,Round,Long Straight
14.400720484270789,13.356744511119974,19.39992702818867,13.086960538564202,Oblong,Curtain Bangs
14.296154536563515,10.797507988084634,17.712199538308937,12.625537555196027,Oval,Side Swept Bangs
13.778728181867054,14.472126904794704,17.648439486579907,14.462288683947353,Square,Soft Curls
13.559592553014284,11.677220050525404,18.146118511776873,12.825206298395987,Heart,Chin-Length Bob
14.920409172414283,10.428962888081148,20.30601360568712,12.61165919616279,Oval,Side Swept Bangs
15.10905008686834,11.303814240472652,16.99028189371657,13.224560580840224,Heart,Chin-Length Bob
13.96270492923698,14.022875728274645,17.817790530664766,14.739285927133446,Round,Long Straight
14.001191323733819,10.925671139287108,18.73191846673612,13.22388285756368,Oval,Side Swept Bangs
13.711829634365259,13.133993251323583,16.99674951403371,13.653769681178202,Round,Long Straight
13.077473953562398,13.378536833149493,18.531426631354634,13.759222181340501,Diamond,Tousled Waves
15.17472716063499,10.369394036734828,18.3242712297464,13.752657956986658,Oval,Side Swept Bangs
13.752575934217246,13.538238741839928,15.750460320871543,14.03033134934267,Round,Long Straight
12.88378794214327,12.873984986691354,16.32796936642241,13.495890332615517,Round,Long Straight
13.539102832053185,13.247614770394161,17.30237680877028,14.134102745230903,Round,Long Straight
13.530529991278673,10.50689376409943,18.689025372379806,13.354976336001917,Oval,Side Swept Bangs
13.789249193415579,13.59191448126288,17.351265059368984,13.227332037372237,Round,Long Straight
14.363893214122804,11.076950305191712,19.334160544078262,13.829233687832053,Oval,Side Swept Bangs
14.095652856966378,14.336838391612966,17.913245003401222,13.956777636813321,Round,Long Straight
13.999153926322256,10.365449067768955,20.320907789369315,12.85607682005768,Oval,Side Swept Bangs
14.267064596354366,10.767883102352329,17.876832061397284,12.897000286264996,Heart,Chin-Length Bob
14.43265031328711,10.485112170474634,18.127672163138797,14.072527022722525,Heart,Chin-Length Bob
14.30669823875733,11.44010949173726,17.730167013626733,13.567695733429316,Heart,Chin-Length Bob
13.80089426779037,13.88585348512773,17.579536456245428,13.611180844847814,Round,Long Straight
14.07743166294447,13.560966923225072,18.256489353861493,12.49628476376094,Oblong,Curtain Bangs
14.586006111437154,11.772379390579255,17.44571772607628,13.199501192908478,Heart,Chin-Length Bob
13.625996036774058,13.526159040647524,17.873008277744212,13.424055087197717,Square,Soft Curls
13.857106604745098,13.5059479307222,16.77113524100784,14.468854313600128,Square,Soft Curls
13.989268275428488,13.283310189059902,18.211643038268893,12.965905180903984,Oblong,Curtain Bangs
14.208053473455063,14.811284680454923,16.015660841713707,13.920437640235846,Round,Long Straight
14.379666771771157,12.970084619661955,19.435268252192515,12.91821124432442,Oblong,Curtain Bangs
13.5207013144657,13.006988312802937,18.82181348420054,13.520322641286933,Diamond,Tousled Waves
13.640080473925128,13.976187069565635,16.477709333024738,14.056588299202655,Round,Long Straight
13.570036329898656,10.038369685440875,18.726542165641405,13.088745242715229,Oval,Side Swept Bangs
13.978903069649494,13.401915839298875,18.693749389475066,13.563939214803638,Oblong,Curtain Bangs
14.595267024564745,10.647859034508134,19.23096784904126,13.615682251007486,Oval,Side Swept Bangs
14.609318444181328,13.95867366294144,16.723595076201704,14.674330550373838,Round,Long Straight
13.561961617159707,13.054264387339293,18.359198009099952,14.394598309873704,Diamond,Tousled Waves
13.633659708146803,13.877034463806531,18.756479930316956,14.106625655116373,Diamond,Tousled Waves
13.294469105681047,13.403668237490937,17.013596410967562,14.37337164185921,Round,Long Straight
13.702023350588004,13.263650152453005,18.281508029017935,14.203060318272179,Diamond,Tousled Waves
13.141007158625582,13.829949576868648,17.215962384092336,14.562290082855206,Diamond,Tousled Waves
14.461743413580006,12.03874899178442,17.99851038911688,13.647738810431495,Heart,Chin-Length Bob
14.736099309516627,11.93691984214659,17.645974462303283,13.981614780833922,Heart,Chin-Length Bob
13.26453028470117,13.49238912190819,17.38604394311228,14.523915570417754,Round,Long Straight
14.718567542324218,10.316205568019193,19.02877228968122,13.217946830162814,Oval,Side Swept Bangs
14.940540582330762,13.176981955879084,18.195268257419187,12.792873786741458,Oblong,Curtain Bangs
14.225268727861495,13.264383352808856,20.016633326667268,12.852564819595294,Oblong,Curtain Bangs
13.477803213534086,12.807574408606213,17.980156472560616,14.674006772768601,Diamond,Tousled Waves
13.237942487689507,13.79373815522496,17.17013878792713,14.009706872321962,Round,Long Straight
14.72016363098644,10.900833263210629,18.65632079848245,14.413061231588529,Heart,Chin-Length Bob
14.503983450119101,12.786200712656221,17.61024755568063,13.67410782335598,Heart,Chin-Length Bob
15.137781249057545,11.269693418084586,17.110192167505467,12.698726534660342,Heart,Chin-Length Bob
14.23587763872957,13.00440810337484,18.131036610536142,13.30701947119624,Diamond,Tousled Waves
14.306607065889382,13.097509635559657,16.7392810276146,14.173018251883775,Round,Long Straight
13.761329622640755,13.140420151084829,19.7221206010931,13.41313422678581,Oblong,Curtain Bangs
14.042149042185255,14.095376620458905,17.317847138453857,15.042526866470025,Square,Soft Curls
13.866829454675157,13.292064525263633,19.054054665047843,13.634994978923451,Oblong,Curtain Bangs
14.669037050814406,13.197480597368818,19.145214684158795,13.375023001867238,Oblong,Curtain Bangs
12.919610263398097,13.146222316606432,17.207121347394075,13.739378343867116,Square,Soft Curls
13.933528271325384,11.905627047893322,17.814411506427778,13.375927668320593,Heart,Chin-Length Bob
13.854929875109788,10.45575437887751,16.95935140167918,13.421565253456134,Oval,Side Swept Bangs
13.852850859692555,13.618166647414515,16.216484854097665,14.135328203019768,Round,Long Straight
13.96293789703984,10.148562859729264,18.923770193716102,14.296926384768744,Oval,Side Swept Bangs
13.8467890709644,13.07943214286612,17.070613787327662,14.495667881837585,Round,Long Straight
14.467084732893834,14.277901641960726,18.623084954927105,13.34586113232814,Oblong,Curtain Bangs
15.191343850202312,12.293198534571616,16.820838670984035,13.478372406981418,Heart,Chin-Length Bob
15.233513505581469,11.62991182077712,18.915467881962716,13.339175800869803,Oval,Side Swept Bangs
14.02052508151941,12.678669226146237,18.18422729862646,13.068902915442347,Heart,Chin-Length Bob
14.1219002604067,13.330708809129614,19.27659785503098,12.905642755332899,Oblong,Curtain Bangs
14.201317273938477,10.641471962989858,18.34252168447994,13.314401801003958,Heart,Chin-Length Bob
14.721350588794966,11.042516855860535,18.631240102151345,13.441663668418977,Oval,Side Swept Bangs
14.584330958258564,10.498852787005793,19.234021651613414,13.612069677015224,Oval,Side Swept Bangs
14.21294838963494,10.892742577079773,19.22481182137696,12.94896815054452,Oval,Side Swept Bangs
14.037845231770088,13.336079517873717,18.36159909612126,14.342933243990686,Diamond,Tousled Waves
14.201592783557986,10.855266133169462,18.28080770485371,12.894035657707418,Oval,Side Swept Bangs
13.984906793192783,10.700398205519882,17.946793003656477,14.134470053448524,Oval,Side Swept Bangs
13.909021900066891,13.695580569938716,18.283685148916973,13.976953225580456,Diamond,Tousled Waves
13.936077847740549,12.035172916390945,18.00665005754132,13.754999155393678,Heart,Chin-Length Bob
14.76994209835229,13.663472484540023,17.45270731512379,14.191942810053186,Square,Soft Curls
14.054287620160911,11.412501481230468,18.064220771747937,13.32225332733381,Heart,Chin-Length Bob
14.59272190842584,13.18729867672769,18.093135956882566,14.362374625561122,Square,Soft Curls
13.528863212425827,13.024840353606042,15.964949030324163,13.62071449908307,Round,Long Straight
15.013525654694597,10.451137710468506,19.185164492328244,13.237847956910075,Oval,Side Swept Bangs
13.728190437472886,12.934464191048793,17.747670150287494,13.798554162317611,Diamond,Tousled Waves
13.213620565788915,12.628181241251681,18.132718887696505,13.902939201488238,Diamond,Tousled Waves
14.47065817322874,13.971667970838816,17.57315478482615,14.385342055636498,Round,Long Straight
14.136556771053232,13.335671082247265,17.594244106978334,14.329567700425475,Square,Soft Curls
14.567585676149431,13.844226144633755,17.583115346914198,13.501230886572444,Round,Long Straight
13.340586913876392,13.360067450154014,18.79306565805754,13.779930964724889,Diamond,Tousled Waves
13.432083867351635,13.455734848789291,17.66886913990789,14.636582157376559,Diamond,Tousled Waves
14.044573767418903,9.706084008618515,18.508014834649817,14.170007116239507,Oval,Side Swept Bangs
14.750836214936305,11.906420511539087,17.834396670150994,13.40613561159562,Heart,Chin-Length Bob
13.775339311342096,10.322369558313735,17.913226391769495,14.116253024408607,Heart,Chin-Length Bob
14.65988900141698,10.723030869567335,19.43227895230375,13.619278389387489,Oval,Side Swept Bangs
14.155617004284135,12.891276159427335,20.043910538948513,13.45070035759234,Oblong,Curtain Bangs
13.540306798482598,13.366072381501825,18.159948500517757,13.496941089622002,Square,Soft Curls
15.419281319343716,9.370911165986001,19.337645740445712,13.682858828942113,Oval,Side Swept Bangs
14.546440802031215,10.403385279859291,19.612598819139627,13.771382875684397,Oval,Side Swept Bangs
13.559180875433778,13.077860663498019,17.60830735093062,14.024961514564408,Square,Soft Curls
12.89300593820695,13.180175702232575,17.940199543308864,13.855456545940312,Diamond,Tousled Waves
14.511031428220841,13.791052788007276,19.46608055462747,12.97373945194274,Oblong,Curtain Bangs
14.153517311362846,14.01552462420168,16.834290335395288,14.228402862802575,Square,Soft Curls
15.420708948513859,10.486545124461353,17.565778685242957,13.499257581269248,Oval,Side Swept Bangs
13.876279107305297,10.819039991054044,18.810375042645198,13.418367195023674,Oval,Side Swept Bangs
14.320208311555293,10.388673902067373,18.50696202368695,13.17658512283593,Oval,Side Swept Bangs
13.109058980389957,14.074374106809232,16.79086778844048,14.106179827017439,Round,Long Straight
14.326475299583887,13.335316036449628,18.385127405127268,12.608983527809592,Oblong,Curtain Bangs
14.190669381456392,10.631869281937778,18.07454977959593,13.344379524709453,Oval,Side Swept Bangs
15.556835690253273,9.735352275616686,18.05864225280961,14.249677843041013,Oval,Side Swept Bangs
14.188309764675518,12.935090367084575,19.60096173136398,13.270570539578303,Oblong,Curtain Bangs
14.323008018824092,11.612432692701933,17.47838801054739,12.986775236415662,Heart,Chin-Length Bob
13.928086706948891,13.450351203567482,17.522874716163248,14.206073843947653,Square,Soft Curls
14.915883536347403,10.924775193788017,18.263797802109192,13.687892816502742,Oval,Side Swept Bangs
14.707845819813528,11.683703584729406,17.56931185105873,12.981648198941425,Heart,Chin-Length Bob
14.417245184332053,12.545426333688917,18.855342546753754,12.27350614994385,Oblong,Curtain Bangs
13.647257202713813,12.86845830865453,19.563569551734446,13.512446054048727,Oblong,Curtain Bangs
14.22889554005657,11.894991500903956,18.265090179227098,13.402118350965159,Heart,Chin-Length Bob
13.790432668352638,10.390402819871923,18.444606212539984,12.991539101529593,Oval,Side Swept Bangs
14.650416787094462,11.658443361923805,18.039838386364597,13.61520686684769,Heart,Chin-Length Bob
14.816463909955667,11.416853402551132,17.916032122588483,13.28719697221896,Heart,Chin-Length Bob
14.21490655127032,12.215371542943222,16.77315463085611,13.905005932871159,Heart,Chin-Length Bob
13.230281559209597,12.922388542384628,18.350935135982755,13.122825096143215,Diamond,Tousled Waves
14.076320160119709,10.13389390585221,18.372066582191525,13.16375762804686,Oval,Side Swept Bangs
14.72920529439147,14.927875224726986,16.480535428042923,14.302834214329298,Square,Soft Curls
14.382328708116527,14.268027469245501,17.1799179964906,13.90114300150626,Square,Soft Curls
13.893585668330655,13.046328017171465,18.36636660632482,13.205591946069319,Oblong,Curtain Bangs
13.730864595128985,10.393514140288431,17.76876313898714,13.570244266962133,Oval,Side Swept Bangs
13.472171100974576,13.6429234481587,17.50573051320623,14.823821420773644,Round,Long Straight
12.514923416178055,12.891157733132701,18.073347991878173,14.07591455591568,Diamond,Tousled Waves
13.656644270706323,10.080709073860842,18.578665787654835,13.521219138868508,Oval,Side Swept Bangs
14.676732094437197,10.651056304599354,18.70097134122791,13.564952444834393,Oval,Side Swept Bangs
13.849034904923913,13.833275824172341,15.887448538921813,14.801060453171406,Round,Long Straight
13.28367511374558,12.789804321424958,18.876662914985758,13.506524066268256,Oblong,Curtain Bangs
12.95246678341881,13.198996806049571,19.405618592920288,13.62955100446061,Oblong,Curtain Bangs
13.65536559962787,13.824024955384116,17.20143737030736,13.825443442128464,Square,Soft Curls
13.77482422365195,12.86374041207081,19.21980234255518,13.299763619309402,Oblong,Curtain Bangs
14.734059029965488,10.559185330225969,18.91578664029186,13.840201312580604,Oval,Side Swept Bangs
12.809805828618902,12.883692718936988,18.10860050094349,13.839831441145058,Diamond,Tousled Waves
13.211698883186365,13.53919053188753,19.19568181180847,13.941907900140215,Diamond,Tousled Waves
14.529211051695686,10.813379893608897,17.406224272589714,13.498533941583428,Oval,Side Swept Bangs
14.322342997688843,13.167918774581247,16.380969257286235,13.928158010724802,Round,Long Straight
14.45464930869815,11.033097985642456,18.880177303826247,13.247953824890457,Heart,Chin-Length Bob
13.030345570766194,13.165989118767603,18.668646260333503,13.859427478988907,Diamond,Tousled Waves
14.069390494962672,13.051750346749477,17.703627507356494,14.305300577007609,Round,Long Straight
14.96194362796567,11.703352132979772,18.23315912253249,13.056791228886826,Heart,Chin-Length Bob
13.568549991886703,14.180075749694382,17.738739303091645,13.443176084019955,Round,Long Straight
14.596725193541342,11.28445835990118,17.458578272817824,13.61807491439026,Heart,Chin-Length Bob
13.890900203711682,13.36834748963393,18.06527282955321,14.102569345594366,Diamond,Tousled Waves
14.056218643994093,13.370391582985315,19.719139444907164,12.455605748106631,Oblong,Curtain Bangs
13.761998039542744,12.6295792839288,18.82618704327992,13.539550686167555,Diamond,Tousled Waves
13.874287606385991,10.751700759136313,18.715992870190266,13.085331808642637,Oval,Side Swept Bangs
12.993089832859502,13.13115699825138,17.63041829642072,13.332089512503156,Diamond,Tousled Waves
14.035177686400207,13.474095303593808,17.736115926540418,14.784720488157785,Square,Soft Curls
14.41443236058685,11.57969493222046,18.84044625441215,12.904315061118755,Heart,Chin-Length Bob
14.705920182890416,13.626855132866726,19.437757104901163,13.743147371861449,Oblong,Curtain Bangs
13.964291886651955,13.198555882314958,17.51206181158166,14.593451862725379,Round,Long Straight
14.669933341988608,13.227271895973866,18.62264018911919,13.322597904827914,Oblong,Curtain Bangs
13.81636918753712,13.580876229236402,18.011116651205334,14.005063560204185,Diamond,Tousled Waves
13.883413429593851,12.029472600440974,17.414667336735594,13.860649426029024,Heart,Chin-Length Bob
13.956402480959783,12.05392195018868,17.97713176615959,13.101239951138654,Heart,Chin-Length Bob
13.722283781111855,12.9816455274497,18.59082363728319,13.716935678596245,Diamond,Tousled Waves
13.486154557370549,12.827469545604169,18.77096377723519,13.772361944162277,Oblong,Curtain Bangs
14.402175539105052,14.836764256798768,18.36535712209932,13.753057065723079,Square,Soft Curls
14.128044362486229,13.049825731591564,18.645831742537858,12.545673056703123,Oblong,Curtain Bangs
13.812900990981499,12.841114354981709,16.962022334546873,15.089366194276227,Round,Long Straight
13.559356159642306,13.594185324124345,17.420485679794577,14.163316631738978,Round,Long Straight
14.117808621871585,13.791629477594844,17.39848684776917,13.53639149759426,Square,Soft Curls
14.254168082823927,12.609177924853782,17.45188738025709,13.313697832681404,Round,Long Straight
14.610162818570315,13.072197132817472,18.35499831049407,13.470860880066315,Oblong,Curtain Bangs
14.595989553116315,13.039392386978394,19.368361470290793,12.376140259857985,Oblong,Curtain Bangs
13.653877363923499,13.71311003894533,18.878267456996607,12.537754738423564,Oblong,Curtain Bangs
13.200907136862371,12.858052664344932,18.140757965020043,13.669700267127327,Diamond,Tousled Waves
14.56431896823458,11.474660514091111,18.505374371517036,13.6857982525492,Heart,Chin-Length Bob
13.63464473358954,13.633130006817934,18.03122661160728,13.234135913863328,Diamond,Tousled Waves
14.545058386432865,14.053796220435776,17.588849059852315,13.70283199268303,Square,Soft Curls
13.504243322322502,13.925841224763577,17.458498826887105,14.417362339805813,Round,Long Straight
14.84535245890912,11.810623756152438,17.880271995529686,13.394985392509312,Heart,Chin-Length Bob
14.440907886479723,13.30498344943134,17.15896586310486,13.616255493921233,Round,Long Straight
13.482485459908029,13.374965491992118,16.586913788637098,14.424440060821508,Round,Long Straight
13.129419993927568,13.545580463072868,17.043245776605655,13.108304158383396,Round,Long Straight
14.022273056691803,13.309495805429757,19.216870472057543,13.17137947541931,Oblong,Curtain Bangs
14.167453443150965,13.439490044025009,16.98532743927835,14.148868269461996,Round,Long Straight
14.295667747671812,13.15135297645159,16.741445210205374,13.68442546273955,Round,Long Straight
14.319688477169045,11.04410726713837,18.838485212229116,13.032296022303278,Oval,Side Swept Bangs
13.955501071409648,13.355072883048527,18.523865026604803,12.972249206386639,Oblong,Curtain Bangs
14.509926075446437,13.183067477627112,17.443885143981728,14.655246862255542,Round,Long Straight
14.14672817999298,11.042932134592029,17.6727955536845,12.952292023247317,Heart,Chin-Length Bob
14.257682465982988,13.12988133179358,19.181500749082947,13.783351420299763,Oblong,Curtain Bangs
14.23952739156676,13.743984480162442,16.020615555856487,14.24559731344068,Round,Long Straight
14.109042544753553,12.083508064813879,18.561242994858507,13.773024545007827,Diamond,Tousled Waves
13.85106539816471,13.521843574141919,19.88171534994945,13.545742933822991,Oblong,Curtain Bangs
14.051521084289616,12.84263225946238,19.069418538854418,13.583173458928796,Oblong,Curtain Bangs
13.8003274670252,13.829524757118367,18.96448176683464,14.575069612653273,Square,Soft Curls
14.410050111475776,12.752231510121433,16.634060083712562,14.059580944722903,Round,Long Straight
13.983205980873096,11.113777366838065,19.33043153670173,13.272557998537081,Oval,Side Swept Bangs
15.298900593617212,11.508974755403356,19.131206551780153,13.550136028831137,Heart,Chin-Length Bob
14.448318910134073,13.754960064478855,19.657463845972103,13.444655849466452,Oblong,Curtain Bangs
14.415791991663342,10.67924106939186,18.02272645568683,13.54825734902895,Oval,Side Swept Bangs
13.462888707295425,13.045252325759769,17.54324959030809,14.668625192897334,Square,Soft Curls
14.594748589768493,13.178055941461496,19.901066145697005,13.031976363080307,Oblong,Curtain Bangs
13.522100455893343,9.600671871724698,17.808344258959462,13.815437368842664,Oval,Side Swept Bangs
13.495042994701496,13.729597443117521,17.7809110948417,13.466873044656479,Round,Long Straight
14.204715458539281,14.265911100022267,17.07601440018531,14.715464153517006,Square,Soft Curls
14.086487476562786,13.060542588455908,20.09031068957878,13.449255306866053,Oblong,Curtain Bangs
14.413457028359488,14.69523808727265,17.18383544418552,14.662278581274776,Square,Soft Curls
13.563175746822159,13.218042773416775,16.846128294128405,13.708053313043616,Round,Long Straight
14.858714551723903,11.651812870192103,17.563324037349926,13.806963643857404,Heart,Chin-Length Bob
14.09173322440769,13.082221078436728,19.019622434136483,13.426589371038496,Oblong,Curtain Bangs
14.163297027114771,13.791183934382627,17.951780546170696,13.912199653161801,Square,Soft Curls
13.675149348270311,13.209873384839812,18.021554336529494,14.031819866139866,Square,Soft Curls
14.578937779088086,12.061492098456961,17.57035681932416,12.813765406769269,Heart,Chin-Length Bob
14.521887080429746,10.596766829372154,18.3477209644348,14.079650749880372,Oval,Side Swept Bangs
13.236223610979508,10.921627634119771,18.966776382277583,13.670746490984795,Oval,Side Swept Bangs
12.955625477636884,12.186767983446744,17.290928375970914,13.23389832388203,Heart,Chin-Length Bob
14.404346197847445,11.725587108575269,18.13877105569331,13.912800923157672,Heart,Chin-Length Bob
14.23869105280007,13.623768728930068,17.181354183487723,13.471586967905262,Round,Long Straight
14.10901384073965,10.831782770947228,18.993826706321062,13.77811395626405,Oval,Side Swept Bangs
14.24698237921695,11.990294348012434,17.222316479548603,14.002245901606543,Heart,Chin-Length Bob
13.36516900925779,13.82573922016026,17.474407330666796,14.71283151446603,Diamond,Tousled Waves
13.327443311610184,13.059905374431812,18.31812658109349,13.51019786225487,Diamond,Tousled Waves
13.947367165232585,13.594193735530144,17.15789369291586,14.27357076302478,Square,Soft Curls
13.358292710328499,13.104308929173344,16.309710798681824,13.767655221697165,Round,Long Straight
14.593942529748444,13.537204426426676,17.142217871903526,14.12430853643197,Square,Soft Curls
14.312715535881997,12.683621140612795,17.730614517213414,13.64249576590176,Heart,Chin-Length Bob
14.42209009701427,14.468814371189307,17.63701859152033,13.943414405227248,Square,Soft Curls
14.926789628270296,13.92982685492366,17.290897512389492,13.696453653516215,Square,Soft Curls
13.69208886896482,11.943529425608482,16.61828091042468,13.477225875533147,Heart,Chin-Length Bob
13.885448119430627,15.160946509461539,16.578140847575,13.566404144111502,Square,Soft Curls
14.420134662853124,11.40727624792665,17.533641908860876,13.44074143162035,Heart,Chin-Length Bob
13.39268917698182,14.170267033601226,16.326959341233795,14.0123780175775,Square,Soft Curls
13.512700998779007,14.012101792125174,17.834040475515426,13.854877153701402,Round,Long Straight
14.630909374888015,13.81598438313939,17.021972327239048,14.915027665811927,Square,Soft Curls
14.720776849885569,11.513547580488495,18.16307319082592,13.612924652418517,Heart,Chin-Length Bob
14.177997739921704,12.693535388884401,18.853942609149442,13.487660445397319,Oblong,Curtain Bangs
13.757524933722182,13.954127520139746,17.165630108989866,13.57885825384136,Round,Long Straight
12.968273202141845,13.142402634525967,17.964634975092842,14.015302959853843,Diamond,Tousled Waves
13.906208095604551,12.970360192787528,19.54091228033996,13.306103128302794,Oblong,Curtain Bangs
14.133309026255265,10.48063079172812,19.31198851161649,13.605213488064955,Oval,Side Swept Bangs
14.785046145978402,10.172658666979036,19.104956787798884,14.419154767673046,Oval,Side Swept Bangs
13.611384143930323,13.360428400178792,17.607407422111077,14.471568303126112,Square,Soft Curls
14.44081699538222,10.052261484191213,18.438326541955814,13.727569350088086,Oval,Side Swept Bangs
13.61180488211295,13.80402060495718,17.546239933855947,14.143104931172674,Round,Long Straight
14.472728817356947,10.805334397725938,17.99928190331532,13.103215246961824,Oval,Side Swept Bangs
13.856616311974713,13.723501097692685,17.105446439840907,14.958112606505049,Square,Soft Curls
15.57931806009826,10.33208163909833,18.55597208921921,13.411558830807076,Oval,Side Swept Bangs
14.670848638186264,13.718263356610167,18.071930863654686,13.43138594663837,Oblong,Curtain Bangs
13.829444407626301,11.176931737102292,18.76067632019806,13.156032884853731,Oval,Side Swept Bangs
14.10591541542199,13.097440904350083,19.266895565914428,13.647664406519485,Oblong,Curtain Bangs
13.231857036628368,14.430502872738055,17.761129921277618,13.580277363311042,Round,Long Straight
13.857781387286215,14.365414844473047,17.579477713594,13.852005958700575,Round,Long Straight
14.548063224310633,14.376822798159381,19.048934293120116,13.007674499792543,Oblong,Curtain Bangs
14.561338566871218,11.640942761147452,17.546369687120706,13.694076002837129,Heart,Chin-Length Bob
13.177419059163332,13.156533798962954,17.348168343858426,13.136521729033984,Round,Long Straight
13.801719564573713,12.45407319679291,17.371229643780286,13.607025165935065,Diamond,Tousled Waves
13.570586514746385,13.692546565235693,18.250671523461275,13.73040539968808,Diamond,Tousled Waves
14.778321141535402,10.125189626162458,18.58398586612824,13.004811084553756,Oval,Side Swept Bangs
14.241581042468045,13.159398040967096,18.57692889796888,13.312538210956836,Oblong,Curtain Bangs
14.055234137517303,14.600820693754004,16.694040284462034,13.986761089358067,Square,Soft Curls
14.13446202724248,11.968863021201763,18.19703784606403,13.726192743749705,Heart,Chin-Length Bob
13.652327104811539,14.448236852454906,16.732757116782686,13.14138381799621,Square,Soft Curls
13.672609878540683,13.196913741617982,19.344774304314285,12.112071186842407,Oblong,Curtain Bangs
15.152137812775363,10.526022128313654,17.58129046613238,13.52767606802409,Oval,Side Swept Bangs
14.982458919375452,11.826625650195941,18.372707978458862,12.817717356583396,Heart,Chin-Length Bob
14.292939429323146,11.024658094700715,18.687497982077172,13.789928606574884,Heart,Chin-Length Bob
15.399416371331052,13.027895350559064,18.61823911100922,13.194876348722559,Oblong,Curtain Bangs
15.180112329249907,10.327115432154825,18.57518898125327,13.525964698619164,Oval,Side Swept Bangs
13.840708270068902,13.163215977391637,16.91177217648144,13.931035334446472,Round,Long Straight
13.816583233135873,13.975082028987348,17.83663144127432,13.597879718567587,Round,Long Straight
13.315993877437254,12.89456530574324,18.314322953419456,13.5877815674588,Diamond,Tousled Waves
13.943387844074051,14.056532435654667,15.747832197773615,14.270018407184397,Round,Long Straight
13.584555987607045,13.729324581679188,16.541823242388855,14.625448368139065,Round,Long Straight
14.58950309096593,13.431218483611287,19.40604972625406,12.964498357482386,Oblong,Curtain Bangs
13.230625507981228,13.479966581116892,17.844930664302314,14.55751253906496,Diamond,Tousled Waves
14.33432081652826,11.775298622871073,18.881749069166727,13.13766102568089,Heart,Chin-Length Bob
14.52137453912284,10.895276397781512,19.06082307333179,13.355278382576255,Oval,Side Swept Bangs
14.245923439856508,11.388540790189838,18.550222400790936,13.344704541357448,Heart,Chin-Length Bob
14.239706829609446,13.043788684986875,19.36054409672151,13.308901503896207,Oblong,Curtain Bangs
13.51235312329004,13.47254176411361,16.492528512857586,13.601957312177353,Square,Soft Curls
14.227460532826624,14.168517715469603,17.31274812898197,14.301729115250067,Round,Long Straight
14.153995715453652,13.511637864327072,19.142937112596965,13.939093396557855,Oblong,Curtain Bangs
13.935165571267255,14.688984503293192,17.965627320980524,14.400208236944147,Square,Soft Curls
12.70863193416502,13.54556090580433,18.159661730178936,13.633933576979686,Diamond,Tousled Waves
13.585893435158352,13.207771039912323,19.01176857173532,12.751476236505765,Oblong,Curtain Bangs
13.065215334953178,13.742651496629456,17.403457771253873,14.117904943939173,Round,Long Straight
14.410412012649713,13.45115552666328,16.952188881463982,13.559236323281278,Round,Long Straight
13.020636214516584,14.438595324338934,17.529958337544922,13.319341383264266,Round,Long Straight
13.521415466471732,13.16360476232997,18.08765033222233,13.650996208130831,Diamond,Tousled Waves
14.159289133514559,14.412827455475618,17.723733037635405,13.964104341341773,Square,Soft Curls
13.907702781551055,14.47525296221654,17.755040733994033,14.062541799977485,Square,Soft Curls
14.465992685312244,11.692886359561017,17.57496666747295,13.878237688488442,Heart,Chin-Length Bob
13.756382078400437,13.049756982918215,19.31152717641062,12.816492991191565,Oblong,Curtain Bangs
13.246246661598423,14.015509130235767,16.647466358222093,13.36377984008363,Square,Soft Curls
14.334641716008809,13.874564679206886,18.17657476993457,13.411666403082092,Square,Soft Curls
14.439527938459742,10.633418598850138,17.814614681242826,13.901940194150407,Oval,Side Swept Bangs
13.65452410711341,12.603515669504999,18.20379055308555,14.039563494919568,Diamond,Tousled Waves
14.212362975046448,10.73253765558957,17.955055291441628,14.551891263875024,Heart,Chin-Length Bob
13.800359669893924,14.808024115744475,17.13162593134022,14.13532558922626,Square,Soft Curls
14.835540073236082,11.506785023285959,17.661800392887,13.831987440590927,Heart,Chin-Length Bob
14.99919675938336,13.326971472444924,18.726512619814727,13.176942408478741,Oblong,Curtain Bangs
15.262330877673602,13.262468604693064,18.685846080992512,12.811836043079852,Oblong,Curtain Bangs
12.884451716063989,13.680061640845858,17.297682528159864,13.82175795662734,Round,Long Straight
13.812786828553646,12.899669428312734,17.043450622652742,14.264829561129122,Round,Long Straight
13.731129597009433,14.871803327311481,17.088132454497547,14.169935737765732,Square,Soft Curls
14.913497647651639,10.442655606385369,18.39140258108082,12.912565427093131,Oval,Side Swept Bangs
13.972048886210299,13.137684125804983,18.48651177337865,14.179727740596691,Diamond,Tousled Waves
13.687617099615172,13.878382994067152,18.201699068753054,13.456306221817787,Square,Soft Curls
14.975327029802747,13.590380752627055,16.912547820744685,14.09291736765056,Square,Soft Curls
15.131922686206128,12.465964309697702,18.921165771509635,13.431483104311539,Oblong,Curtain Bangs
14.221083026073767,13.358636914224686,18.621685947143515,13.02025843612405,Oblong,Curtain Bangs
14.412128918161656,10.021586657361127,18.475856098669908,13.330779520164388,Oval,Side Swept Bangs
13.761553363256024,14.150963303115525,16.58377728776662,13.908788132507556,Square,Soft Curls
15.543046930009012,10.939723550560261,18.46759046011498,13.506494338180312,Heart,Chin-Length Bob
13.954449442480106,12.695790799117505,19.066851669938046,13.804927086426847,Oblong,Curtain Bangs
14.043974016065935,13.17842613687801,19.518750990029137,13.379737634613617,Oblong,Curtain Bangs
13.246589009912512,14.03435143872446,18.29284861211706,14.006686081751667,Square,Soft Curls
12.415094820445997,13.692591656587583,16.881966184980357,13.09907391400144,Round,Long Straight
13.503678207820125,13.589577331937898,18.614238277537616,12.90263201773396,Oblong,Curtain Bangs
14.466112936469207,11.172245757727238,17.864253210787545,13.381732268479187,Heart,Chin-Length Bob
13.704389156340328,13.010925460679552,19.22414980719542,13.26548275838423,Oblong,Curtain Bangs
14.445569013068841,11.248581592566541,18.931467922171823,13.829838554996368,Oval,Side Swept Bangs
13.735380919169776,13.607092026529882,16.76859858026661,14.414197116915613,Round,Long Straight
14.160749908797687,13.296522885079666,19.0777142791495,13.242519279171342,Oblong,Curtain Bangs
15.35388680189113,13.631556280612164,17.170893918055597,14.379142589113128,Square,Soft Curls
14.21002313011554,11.35788008944511,17.260403084927805,13.718280754916092,Heart,Chin-Length Bob
14.216749420335113,13.816470690739688,17.883941382571653,13.07881115667908,Square,Soft Curls
14.15890663127364,11.421772570684876,17.21669865267964,12.632318279819062,Heart,Chin-Length Bob
14.078031655629694,13.480143832463424,19.65978645316272,13.040297843352382,Oblong,Curtain Bangs
14.81800759780874,11.846147445037806,18.433545526944403,13.310246284753159,Heart,Chin-Length Bob
12.89849805059463,13.530805460936259,16.484650906290327,13.65687392336961,Round,Long Straight
14.3352709654851,10.33799301780629,18.585245181094017,13.769813732978658,Oval,Side Swept Bangs
14.301812624214717,10.631863671220927,18.510804101702764,13.863232741504044,Oval,Side Swept Bangs
13.39227586071931,13.171442396711203,18.038290031865966,13.77161198923565,Diamond,Tousled Waves
13.615112189017474,13.517912703584132,17.915195199026545,13.473626834539306,Square,Soft Curls
14.073331437588644,13.605241970766283,18.81129835065644,13.566193479827014,Oblong,Curtain Bangs
13.959438641348392,12.800704653162375,18.166618626627532,13.751164141214371,Oblong,Curtain Bangs
13.962093084534402,11.904366331856743,17.304409011271336,14.118596637528546,Heart,Chin-Length Bob
15.012172753025991,13.09489835759813,16.961140223192775,14.41941018986744,Square,Soft Curls
14.71723731770894,11.920012416315998,17.52131970991647,14.443449314143383,Heart,Chin-Length Bob
13.880976644583916,12.87601373916467,16.855314649203372,13.414669636296614,Round,Long Straight
14.636023360716372,13.159180441797583,17.218662406405272,13.784434556701044,Round,Long Straight
13.94924353307744,12.466241411625058,19.304815556738316,13.745988297092968,Oblong,Curtain Bangs
13.119487367821064,12.62728800048876,18.617252408235355,13.046266712774369,Diamond,Tousled Waves
15.100222347051291,10.111790165961422,17.854096798885916,13.586989406551751,Oval,Side Swept Bangs
13.07366918400481,12.93831906774625,18.396360923574754,12.663615415700836,Diamond,Tousled Waves
14.66241240530955,13.517301254831432,16.34860977505139,13.508673937004794,Round,Long Straight
14.985593447682488,10.714011600589899,19.3166105144549,13.212568334982501,Oval,Side Swept Bangs
14.635971008832035,10.644212698869744,18.910458841732112,13.940346772824782,Oval,Side Swept Bangs
13.452771002094366,13.437020736028721,16.681347324127877,13.995357889808936,Round,Long Straight
14.802087845539408,10.640892672124705,18.377949416759698,12.92778597629678,Heart,Chin-Length Bob
13.347730245450917,13.662367560211973,18.38359305010658,14.01687103228374,Diamond,Tousled Waves
13.020232222914693,12.813265501985091,18.68506352893998,13.562954458084304,Diamond,Tousled Waves
14.255909513009323,12.018423436587657,17.278978487542787,13.610510664525638,Heart,Chin-Length Bob
13.842456623693213,13.493734595502895,16.726039770532395,13.729349236406836,Round,Long Straight
13.26766063149207,13.740639806492336,16.653084093700578,14.510660145094473,Round,Long Straight
13.378788547183921,12.807934722481086,18.105435633856697,13.650097170895203,Diamond,Tousled Waves
14.629637026143307,13.066286181349149,18.850997911074,13.788932544509265,Oblong,Curtain Bangs
14.715051586812008,12.38609381729084,18.454125903309308,13.049951448355602,Heart,Chin-Length Bob
14.93551187684164,12.313795330968107,18.59346054338864,13.95897561528936,Heart,Chin-Length Bob
14.973459178286744,10.352500669758408,18.010276124812044,13.345466768999275,Oval,Side Swept Bangs
12.83865607508948,13.699052697983658,18.083078237269305,14.482091750491172,Diamond,Tousled Waves
13.189159017307007,14.045848408455432,16.737518149999477,13.373902561400637,Round,Long Straight
14.654568573612414,14.058406927800995,17.081881164646813,14.03902460753594,Round,Long Straight
14.391071404867889,13.285719510024858,18.58315289135321,13.091982693938,Oblong,Curtain Bangs
14.897210739713692,15.388357596616368,18.318710400643916,14.269157555589377,Square,Soft Curls
13.647321233698191,13.089051722220502,16.621831865081408,13.742763368027559,Round,Long Straight
14.923209609307742,14.413983774994433,17.342337103134664,13.537246425520038,Round,Long Straight
14.891164328295616,11.385656750264223,16.71755641756133,13.619170897093888,Heart,Chin-Length Bob
13.147260120833543,12.900858704284177,18.099244401303622,13.607345692929078,Diamond,Tousled Waves
14.19264129413293,13.177893105678825,18.02078452171761,13.830487871496567,Oblong,Curtain Bangs
13.521723835103598,13.481184674563988,17.348912836951516,13.970311726363636,Square,Soft Curls
14.010166413760956,13.300717400566038,18.50081728709506,13.985103413857043,Diamond,Tousled Waves
14.303933448065644,13.330530883423135,17.991239650166833,13.15394758793179,Oblong,Curtain Bangs
14.693784823558962,14.744784177475458,18.36930219679666,13.411156641101126,Oblong,Curtain Bangs
13.967814981381439,14.007143078548147,18.291723256110124,13.488304068343227,Oblong,Curtain Bangs
13.778947495375139,10.346137974024813,18.481948593034364,13.917191082819203,Oval,Side Swept Bangs
13.755834131576727,13.468216145894676,19.00410073139188,13.353719558311045,Oblong,Curtain Bangs
13.822408199144867,12.724767449046269,18.620830711571674,13.572846716213824,Diamond,Tousled Waves
14.493153705214207,14.158356792539658,17.409947471722017,13.724894922862564,Square,Soft Curls
14.365804499520895,14.645807965672075,17.244150937787143,13.44825174553628,Square,Soft Curls
14.1763336280233,12.758211436723803,16.3424958803381,13.485740694963058,Round,Long Straight
13.787060118021968,13.279166066196904,16.52319619125489,13.447009798194317,Square,Soft Curls
14.809956961590187,9.964920291764429,18.302248928706387,14.269819907620331,Oval,Side Swept Bangs
14.459917882487812,11.69144488056332,17.331845052422953,14.52873586821301,Heart,Chin-Length Bob
14.234680792820857,11.391188129420645,18.483652037064935,13.391905044454465,Heart,Chin-Length Bob
14.510875256531898,10.360890346969367,18.34068271487705,13.636059354521,Oval,Side Swept Bangs
13.670374534707104,12.962018913607643,17.845741154375165,13.553182512552771,Diamond,Tousled Waves
13.84108849965509,10.674360441675436,17.96457693413238,13.934980598854867,Heart,Chin-Length Bob
14.88109034750148,10.25785732184985,17.68860714290252,12.945765288687227,Heart,Chin-Length Bob
14.26719151015611,13.047278163401941,19.301565132332414,13.242142366142966,Oblong,Curtain Bangs
13.412877385005215,12.8334380018046,18.997357391633155,13.283901105160204,Oblong,Curtain Bangs
13.099870762936675,12.713480756225064,17.006082801969693,13.313713512731969,Round,Long Straight
13.647451827519417,10.295504887179224,18.215219350827653,13.133897881630968,Oval,Side Swept Bangs
13.652372096993611,13.98959893862117,17.148099746201595,14.061526671048833,Square,Soft Curls
13.80340375406676,14.070533207711996,17.96772538844969,14.453095620488453,Square,Soft Curls
13.94612260458948,13.511774379308733,18.339618586947562,13.639063247929764,Diamond,Tousled Waves
13.317581272154534,12.874983718766556,18.22457091009367,14.191784460271187,Diamond,Tousled Waves
13.190855770929918,13.186920810703395,17.889354805182773,13.953243857610223,Diamond,Tousled Waves
13.538831382668885,13.11890073934945,16.647325403825043,14.275845134805287,Round,Long Straight
14.438121003424458,10.302192869011456,18.65563479325487,13.32041749016299,Oval,Side Swept Bangs
14.397946544637298,12.99968053768752,16.887562809659734,13.313159584308039,Round,Long Straight
13.642643312306536,12.640645081144594,17.34235568522823,14.40862410888266,Round,Long Straight
14.535427124241593,13.221186941081072,18.537690185525204,12.943585201003318,Oblong,Curtain Bangs
14.60487126925798,14.225451351980004,17.03839569176368,13.761750559804618,Round,Long Straight
14.62058303937009,13.616884303930238,17.634742642783113,14.71431595676991,Square,Soft Curls
14.099642985454809,11.947532511015263,18.07827341817608,13.460844512634331,Heart,Chin-Length Bob
13.790904533683563,12.927905579225472,19.144583864586245,12.705486206384416,Oblong,Curtain Bangs
14.542264006725551,11.795902017107665,18.31476240416778,12.802151945492819,Heart,Chin-Length Bob
14.596112808049346,14.874387311100024,17.727712484101918,13.496631887782721,Square,Soft Curls
13.652262843703486,13.470887431685668,17.110471687679983,14.032992311143078,Round,Long Straight
14.11252034123216,13.934569599014644,17.653335285227424,13.790875174365887,Square,Soft Curls
13.647096864156513,13.20206821611571,17.912958242363235,14.760479958171286,Round,Long Straight
14.766104542397677,11.00373433295952,18.971068462513497,13.559972995567927,Oval,Side Swept Bangs
13.277753457998093,13.844373103246978,17.345587585287486,13.44821679079839,Square,Soft Curls
13.584532542631793,13.401772936362265,19.162776975696037,12.803302238367307,Oblong,Curtain Bangs
13.89458925900582,13.662036129008179,18.53881846448838,13.314738927043893,Oblong,Curtain Bangs
14.391326669154942,10.676133159977207,17.99927789460751,13.523308050847817,Oval,Side Swept Bangs
13.526279870440103,13.28615419881842,18.261216826104622,14.01935372539692,Diamond,Tousled Waves
14.944025560946901,14.798071480131604,16.667183219417073,12.8522850985357,Round,Long Straight
14.754974698754014,11.60921433353882,18.353351948715424,13.61809731177074,Heart,Chin-Length Bob
14.516265072626368,10.925167865455652,19.2473046381081,12.929575953940372,Oval,Side Swept Bangs
13.156750977061114,13.161546365021588,18.270736003296232,13.740459791762364,Diamond,Tousled Waves
14.681155222038088,12.035341966874535,18.690108650571535,13.76062579584317,Heart,Chin-Length Bob
14.058055612611781,10.414618951196914,18.457844898143335,13.694014772287423,Oval,Side Swept Bangs
14.682038647599526,11.293789725306281,18.23103808840846,13.641788432117691,Oval,Side Swept Bangs
14.346093580194552,12.983558505449578,18.293699045422997,13.389077523610407,Diamond,Tousled Waves
14.01951058509409,13.571783211847455,18.054179209895196,14.100564729997634,Square,Soft Curls
13.340949575395939,13.922710266536843,17.066225923407597,14.502625121725487,Round,Long Straight
13.726308025830898,13.353537857836923,19.395729649008448,13.087654378991628,Oblong,Curtain Bangs
13.90619506422658,11.489319113206573,18.43838418758281,14.025790269216841,Heart,Chin-Length Bob
14.286338118393186,10.836078963584475,17.593883861525335,13.252907313926736,Heart,Chin-Length Bob
14.39397676428702,13.169066794911874,18.60340051388208,13.671493738800322,Oblong,Curtain Bangs
14.557422206407226,10.647752043331392,17.48895331039885,12.512333309527357,Oval,Side Swept Bangs
13.309535136414658,13.729465903630642,17.812940284591036,12.83215591805803,Square,Soft Curls
14.874131364947818,13.276351418823268,19.700366357972815,12.91085901860441,Oblong,Curtain Bangs
13.651966789427766,13.232349365864899,18.624316795901727,13.736643321076102,Diamond,Tousled Waves
14.063044811909066,14.055804163486899,16.661355016100728,14.144120850774916,Round,Long Straight
13.41628655814395,13.483446428275936,20.008851164219212,12.773859160455777,Oblong,Curtain Bangs
14.440821226500624,10.825790781847344,18.520554765325336,13.553470679670825,Oval,Side Swept Bangs
14.30346888193231,11.285927214706621,17.769210232651027,13.500200056867886,Heart,Chin-Length Bob
13.712160353442151,13.184242395687628,19.80844519030501,13.089276250786895,Oblong,Curtain Bangs
13.864436884428802,10.413002900807893,18.082383133574105,12.948963647826295,Oval,Side Swept Bangs
14.556789720514624,10.189440843040138,18.135183987442165,13.548777507312801,Oval,Side Swept Bangs
13.564842139533173,12.531914085370794,19.342546591032875,12.511529186341857,Oblong,Curtain Bangs
13.797922491855108,12.509228311325838,18.742043430296075,13.413059452591202,Oblong,Curtain Bangs
14.543293741612102,11.430389995346898,19.140488504130428,13.11268508055903,Oval,Side Swept Bangs
13.206816295087696,14.872033638483705,17.49646752975553,14.319255085931818,Round,Long Straight
13.491075417663026,13.302238237920207,17.493760938927405,13.92767327940205,Diamond,Tousled Waves
14.515025926868981,11.035472864284088,17.539249603944516,14.214475756792929,Heart,Chin-Length Bob
13.416059179657012,13.969357776176981,17.366630820009284,13.595709214912253,Diamond,Tousled Waves
13.027281639423082,12.879849512862283,16.575088277231114,14.180984338360469,Round,Long Straight
13.563071765425677,12.948643533805656,17.12716383031996,14.573181747696369,Diamond,Tousled Waves
13.847649569513573,13.394947891343195,17.658372762855265,14.129670013715575,Square,Soft Curls
13.655047865102654,13.570660821165172,16.415826310492616,14.405298807744655,Round,Long Straight
13.789466465709417,12.974184378846148,19.331091765843777,13.70959588844019,Oblong,Curtain Bangs
14.871167062115267,13.620992186254654,18.826156987491647,12.66050460580126,Oblong,Curtain Bangs
15.193541836158943,11.021890402225063,18.107425246081945,13.857480811518622,Oval,Side Swept Bangs
13.825965286059352,14.772262577070046,17.253374409778566,15.033610265792978,Square,Soft Curls
14.223449081678073,14.409538902196365,16.75266513904881,14.226250518276364,Round,Long Straight
13.999231009847662,10.81119293912497,19.030142991411818,14.45088776225654,Oval,Side Swept Bangs
14.06756854945392,13.863458451606474,16.74923789390152,14.295042701449661,Round,Long Straight
14.295698240039481,10.51992112574242,18.604601710579935,13.34543156491181,Oval,Side Swept Bangs
13.852728560692324,13.304182579791627,16.79363071687545,14.565108748809532,Round,Long Straight
14.56270878550677,11.693831252887687,17.07163620166425,13.68526974950721,Heart,Chin-Length Bob
14.725192165158807,11.301614533618583,18.874511861832897,12.370306148770368,Heart,Chin-Length Bob
14.347617325601098,14.357383358789823,17.795109031547486,14.115285855539357,Square,Soft Curls
14.102755142944247,13.936754759421005,16.624948075154958,14.172854382804609,Round,Long Straight
13.895513422551643,13.406798424313706,17.885148121628134,13.737971260757101,Square,Soft Curls
13.796873802590886,11.227543183547205,17.40673271428661,13.978551127043207,Heart,Chin-Length Bob
13.898992301872589,14.198339712239001,16.653860346004933,14.462944600273843,Round,Long Straight
15.276133414789129,13.676219923440453,17.39855733408594,14.371800626025514,Round,Long Straight
13.611374396066484,13.43801805806104,19.153409818439034,13.150191142860976,Oblong,Curtain Bangs
13.568135846078253,14.347479804520795,17.018753440174134,15.112578318464914,Square,Soft Curls
14.034499445997666,13.33863761773759,17.253819707511415,13.883800585886535,Square,Soft Curls
15.586537670471595,11.045759617481268,17.754184408112984,13.219289827448042,Heart,Chin-Length Bob
14.076395343990342,13.229610940272583,16.42361006597011,13.923370566271156,Round,Long Straight
13.841282013795976,13.670690957866057,17.241095321917005,14.629097893424673,Square,Soft Curls
14.33608330371334,10.914457479460205,17.578138820734953,13.506338995762722,Heart,Chin-Length Bob
13.870831004358163,12.366768269890915,18.25488902137881,14.173270574145302,Heart,Chin-Length Bob
14.164362470145678,12.880654514031685,18.304693423902656,13.58552781373286,Square,Soft Curls
13.615720198403482,14.064574199121362,18.22413229997504,14.562146494905127,Square,Soft Curls
14.285046844714575,13.336469763272255,16.81903063688849,14.19644004908282,Round,Long Straight
13.414223057207103,13.53076427494074,18.630428016070745,14.139951271468794,Diamond,Tousled Waves
13.149028375565363,13.25977497900344,18.937858200765636,13.313679016086413,Oblong,Curtain Bangs
13.18010849239924,12.709095911115728,18.450021999496247,13.67676296781547,Diamond,Tousled Waves
14.775862307572938,10.20518901066062,19.33371964865686,13.889597451640372,Oval,Side Swept Bangs
14.119837643122914,13.870090478129955,17.9544971328365,14.225506427787066,Square,Soft Curls
14.306916644168512,13.615957145707482,19.734746417651195,12.770811192984645,Oblong,Curtain Bangs
13.490417850178696,13.571760282267924,16.746964616405442,13.993537500879842,Square,Soft Curls
14.261535036633937,13.971048935521074,17.243499644192912,14.599426194780108,Square,Soft Curls
14.265859181676776,13.343477203380258,19.59341833039135,13.202361302237627,Oblong,Curtain Bangs
15.52309219244822,10.294435015692711,19.67557219015961,13.095163410687725,Oval,Side Swept Bangs
13.657076575917761,12.962284723257023,18.77272012559434,13.61716545170838,Diamond,Tousled Waves
14.633097498484638,10.21333853454126,19.052569679083362,13.22342117080307,Oval,Side Swept Bangs
15.252901328592108,10.987138935789758,17.128474278070247,13.941261101809172,Heart,Chin-Length Bob
13.959188211748055,13.207128588004972,18.82710731683554,12.74780484765408,Oblong,Curtain Bangs
13.945187825362366,14.64789385834933,18.031788845642946,14.14360333806941,Square,Soft Curls
14.672846084234957,12.797451872580854,18.82543963546931,13.40073257249384,Oblong,Curtain Bangs
14.421187006742185,10.374837320677537,17.796918903103197,12.650216741155226,Oval,Side Swept Bangs
13.769728977271019,13.29099371249299,18.66576438875026,13.63720378183565,Diamond,Tousled Waves
14.128253377614545,10.476192943827355,19.00380566709555,13.394024268906294,Oval,Side Swept Bangs
14.542804906359214,12.818167945239038,18.91056159065636,13.222665880782733,Oblong,Curtain Bangs
14.449143828009413,13.600724037718578,17.829540949473262,13.341958216521599,Round,Long Straight
14.552137113594087,10.545337819406308,18.866306147798838,13.160049526071214,Oval,Side Swept Bangs
14.76813614203035,13.98914022341609,16.959955127601397,14.017342674214072,Square,Soft Curls
14.339094285223204,12.97569318906081,18.34770347522487,13.50407314552615,Heart,Chin-Length Bob
14.431201430783284,12.011638674617544,18.321705511216166,12.06863770602093,Heart,Chin-Length Bob
14.810217876258255,10.484760975321903,17.732018046603013,13.841005533883443,Oval,Side Swept Bangs
15.030582983370625,14.275294423918448,18.081678817621547,14.944687859676812,Square,Soft Curls
13.394844854090293,12.550126394446592,17.29876632155804,13.89697523232701,Round,Long Straight
13.631437375596883,13.179512926040227,19.371961776445964,13.19252781972663,Oblong,Curtain Bangs
13.41711063738547,13.381399468885148,16.969183436321394,13.048425501700496,Round,Long Straight
13.914454674662739,13.27495210007729,17.85533251103469,13.230171684325354,Square,Soft Curls
14.996179679395434,10.309896073265438,18.183192057787828,13.60548204240291,Oval,Side Swept Bangs
14.051164009037954,10.58507969100722,18.07210709704606,13.263234043821912,Oval,Side Swept Bangs
14.376765741292415,12.766671203554166,18.338146660406714,13.344330114829578,Oblong,Curtain Bangs
13.968591755038611,14.071081798710276,17.685401074943407,14.054739516558765,Square,Soft Curls
14.461679692172547,13.247880369859189,17.952536936579996,12.581449319093542,Oblong,Curtain Bangs
15.014481749327945,13.20997421601808,19.487543121893047,13.117339958946566,Oblong,Curtain Bangs
14.455871488050011,11.272660967939705,19.068370212079344,13.602758261429384,Heart,Chin-Length Bob
13.982972062229143,12.566964760332457,20.018749219155445,13.187060023997038,Oblong,Curtain Bangs
14.328864763602397,14.432728558704882,17.28005693974519,14.368115202385809,Square,Soft Curls
13.953955017088218,12.824351025508925,19.59872778057134,13.189004959043297,Oblong,Curtain Bangs
13.657462081868609,13.353228060972837,18.535950021560225,13.090112392637305,Diamond,Tousled Waves
14.192380613396814,10.343774412581817,18.01374342027855,13.659583108770843,Oval,Side Swept Bangs
14.428896599151878,14.179416485461951,16.81337928218651,14.169206771505332,Round,Long Straight
14.189364962979466,14.309212144381581,17.06709336794922,14.95307466418156,Square,Soft Curls
14.906480483902905,12.012476605466064,18.425835873143654,13.738920282894922,Heart,Chin-Length Bob
13.077729218517467,13.149158913880681,17.410690749828053,14.053794688362935,Diamond,Tousled Waves
13.733717310558106,13.474486519947373,17.56538618692804,13.791336039610547,Round,Long Straight
13.368449646908424,13.208887034141448,17.317808898411037,13.720869287917171,Diamond,Tousled Waves
12.530753356088171,12.983441731219221,18.64275304591384,14.069530479603566,Diamond,Tousled Waves
13.239927570024461,13.215873085540277,17.693882235540407,13.84977034347518,Diamond,Tousled Waves
15.960763104357767,11.211945856340378,18.533009057250215,13.551478206882718,Oval,Side Swept Bangs
13.994057004846715,10.152835448943733,18.714826569830166,13.276037124126555,Oval,Side Swept Bangs
14.403579931689565,14.808258003145427,17.68795555759659,14.077341334090804,Square,Soft Curls
13.713153262109566,11.904589250478528,17.23126035726378,13.277371730164285,Heart,Chin-Length Bob
14.429475209509116,14.524158271353407,17.27817141287357,13.817168875672916,Square,Soft Curls
14.13502337624291,9.994398488695621,18.129262852015046,12.838476203582504,Oval,Side Swept Bangs
14.30028763385289,14.189909761493782,17.804824511388514,13.539247938745152,Square,Soft Curls
13.935455984173664,11.539370231320127,17.845958415998307,13.408611534285123,Heart,Chin-Length Bob
14.349931514066311,12.411387136875568,18.03015930960877,14.435278546597647,Heart,Chin-Length Bob
14.738476152598446,13.873067834858457,18.43669411511793,13.476162664913737,Oblong,Curtain Bangs
14.28481079205794,10.635972257242104,18.5747260656165,13.337633711153707,Heart,Chin-Length Bob
13.956061588130819,10.307736404274182,18.034449742869548,13.208163474987984,Oval,Side Swept Bangs
14.380999252092199,12.421931464929596,17.47421033119226,14.284324883954243,Heart,Chin-Length Bob
14.377737680673215,14.190829504429956,17.90101896828195,14.032464670372288,Square,Soft Curls
14.582004618532537,14.280653220200488,16.663769030467947,14.176444639400808,Square,Soft Curls
13.757017943729743,13.093482364076984,18.284411382347297,13.551363321255456,Diamond,Tousled Waves
13.114250589485275,12.706400884326001,16.229658460149743,14.359453368391836,Round,Long Straight
13.34265468389916,11.160524096214319,17.423653111594387,13.343224282250238,Heart,Chin-Length Bob
13.113830861865477,14.19483718025937,16.864528247088806,14.602456530960959,Square,Soft Curls
13.690669238999465,13.93200906108422,17.519326496177857,14.149945617303294,Square,Soft Curls
13.83943572883503,13.277823318908577,17.145842494559194,14.257085979920067,Round,Long Straight
14.101917465622263,10.644132656135273,19.20204423525674,13.770914585693909,Oval,Side Swept Bangs
14.298423441351432,13.582559580350923,16.52248661832707,13.613414267615259,Round,Long Straight
14.340969508915599,13.576985313368493,20.440280842353097,13.624698734300148,Oblong,Curtain Bangs
13.220462086331866,13.104777792792191,18.088999784759903,13.913736943932015,Round,Long Straight
14.226890037072769,12.836034374642589,19.806664697159675,13.440681574861307,Oblong,Curtain Bangs
13.17250409655347,12.831917555798977,18.373364986439654,13.872522823364013,Diamond,Tousled Waves
13.7750708418195,13.403716167618526,18.092326467936683,13.58511667414897,Diamond,Tousled Waves
13.90643412652931,13.69256090824936,17.450628477593664,14.03388373489073,Square,Soft Curls
14.071452947694258,11.84306288865033,17.624803672853222,13.071899894966922,Heart,Chin-Length Bob
13.640217021819987,13.618341224312779,17.019139010129464,14.234872138667347,Round,Long Straight
14.938662617527397,10.995586244532893,18.66977885754153,13.057099411528611,Oval,Side Swept Bangs
14.359255727166476,10.982760450817613,18.67694939094735,14.443384707920115,Heart,Chin-Length Bob
13.706890562305013,13.519312274817603,18.34570734615588,14.02983638150336,Diamond,Tousled Waves
13.234825592694675,13.943417016738925,17.065545776486747,14.168855585121394,Square,Soft Curls
14.455141591255218,12.535589782679057,18.27985217139866,13.617916056891778,Heart,Chin-Length Bob
13.683620139363724,14.347718132115174,16.964077400662973,14.189240592378763,Round,Long Straight
13.478848577038727,13.050748451038709,18.240290686712004,12.89194655716985,Diamond,Tousled Waves
13.558755711318062,13.346065253249183,19.80827171097303,13.382546804543843,Oblong,Curtain Bangs
14.124435054353235,9.896391615617949,18.96288445439452,13.259028007096166,Oval,Side Swept Bangs
14.810339737043888,10.629530568270175,18.78302590290398,13.500597735849619,Oval,Side Swept Bangs
14.679763213498209,10.425788463676476,18.12896269180877,13.099681255213964,Oval,Side Swept Bangs
13.20806420232583,13.139436219242175,19.78293268751506,13.52848709542365,Oblong,Curtain Bangs
13.548401655628659,12.928338561271673,18.71263370245708,13.79259980408588,Diamond,Tousled Waves
14.866626784745714,12.82798694624924,18.605110499364724,12.925649581627983,Oblong,Curtain Bangs
13.741268493557126,10.098729425602045,18.5627248916033,13.200723724838067,Oval,Side Swept Bangs
11.843572265309184,14.041599812209217,16.158012561371578,14.319183784928654,Round,Long Straight
13.836462590903515,14.572240190968502,17.46449345850021,13.767315212903895,Round,Long Straight
14.13364277400959,11.074706781033331,17.635267525327198,13.563836513622977,Oval,Side Swept Bangs
13.919899675822474,13.801719721155951,17.698669358905164,14.122086097304942,Square,Soft Curls
14.39856466538097,13.264052577078507,19.211137143174902,13.285145022877568,Oblong,Curtain Bangs
13.930798218776449,13.211504016970215,18.623578541677187,12.951215127338944,Oblong,Curtain Bangs
13.824109462115228,13.919480613433702,17.535454451173205,14.492393083516204,Square,Soft Curls
14.254283713026624,11.614791554769841,17.87340368975612,13.184969847750681,Heart,Chin-Length Bob
13.490658748398467,13.572849056150792,18.31403029548284,13.961665332469574,Diamond,Tousled Waves
13.9115730898049,13.976467174769201,18.657849103992046,12.61206266896292,Oblong,Curtain Bangs
14.383039173407562,13.921904267952387,17.361994816040546,13.74755305770915,Square,Soft Curls
14.990928751806017,13.347996190150225,19.279683166184235,13.31161141047062,Oblong,Curtain Bangs
14.32009546414788,13.754462187021312,18.864157873047443,12.69264454631844,Oblong,Curtain Bangs
14.923425747047734,10.67226814553946,18.565522705423266,13.67636859095395,Oval,Side Swept Bangs
14.300299253906713,10.481851186916792,18.42474959208953,13.24926018131822,Oval,Side Swept Bangs
14.705056372628045,12.660122257343426,20.219684651405906,13.584775923502521,Oblong,Curtain Bangs
12.909019735245439,13.381064088752517,16.896541634938554,14.219619528065113,Round,Long Straight
13.79260304695582,13.222414421482647,18.931492231169404,12.967556631631448,Oblong,Curtain Bangs
14.081146145878536,11.994668222251619,16.94985547312884,13.71164992192549,Heart,Chin-Length Bob
13.762094800683892,13.119624176265374,18.24809067469898,14.419608265471451,Diamond,Tousled Waves
13.911772798778188,12.97570944300422,18.737192099542042,13.69483084476704,Oblong,Curtain Bangs
14.482928011548308,12.784990554626107,17.46901720999259,14.435063630689955,Round,Long Straight
14.045649975338469,13.343648702551972,18.20058616185627,14.410674200558404,Diamond,Tousled Waves
13.72511429446066,14.033829040085324,18.693642615718694,13.925966855424294,Diamond,Tousled Waves
13.4326154894854,13.67665111826674,16.78104950091113,13.915935292349802,Square,Soft Curls
14.594858723104618,13.208516999422809,19.524644087001718,13.378477552738737,Oblong,Curtain Bangs
14.03816010755411,13.244060676053154,19.239379413392633,13.302671282722141,Oblong,Curtain Bangs
14.562582250463153,10.16593196706176,18.24779886493462,14.395173995878162,Oval,Side Swept Bangs
14.555101438377363,13.206811405672187,16.303635847166007,14.064326522215076,Square,Soft Curls
14.581206924000295,13.007521210107074,19.524609551549034,13.272261369501377,Oblong,Curtain Bangs
14.404765560021815,10.776040844836874,18.189711454475255,13.371807575509632,Oval,Side Swept Bangs
14.487678720256893,13.19772309363495,19.985035568761052,13.514631146868544,Oblong,Curtain Bangs
14.770224155623861,11.4851637949919,18.258540848218004,13.323617159625051,Heart,Chin-Length Bob
13.965216046180261,13.02896884104032,17.485195941746426,14.168520026476408,Round,Long Straight
15.03733501082621,14.141321688083643,19.390527969083955,13.275613405961657,Oblong,Curtain Bangs
14.010908196766701,10.835498863252326,18.625610131566475,13.703421324432078,Oval,Side Swept Bangs
14.789319570980384,13.548522769882208,17.04341836734233,13.905050598032734,Square,Soft Curls
13.770979602656466,13.406647451588537,17.782026169973246,14.220703306175386,Diamond,Tousled Waves
13.882566403036565,10.138453414306808,18.434289679406234,13.264562228456944,Oval,Side Swept Bangs
14.276628644420962,13.640785896441605,17.839035370400996,13.897190247283556,Round,Long Straight
14.426493906802362,12.148090546939736,17.76705907394632,14.204213127732764,Heart,Chin-Length Bob
14.09770517967908,12.298203079846896,17.55250645328921,14.482397630509434,Round,Long Straight
13.819782940989073,12.49155606391822,17.896420174635043,13.563168891484834,Diamond,Tousled Waves
13.58818582360046,14.898885803432206,17.511356887490617,14.006879812180038,Square,Soft Curls
14.764451716636282,10.701310203438878,16.54339424673279,13.227198219906773,Oval,Side Swept Bangs
13.615264011402225,13.36579438276244,18.84441576416727,13.255343242322086,Oblong,Curtain Bangs
13.010070808095255,13.819280411879395,18.089217742687154,14.743607645659532,Square,Soft Curls
14.811438682667612,10.808517760488947,18.454307496581542,13.830957226143408,Heart,Chin-Length Bob
14.428788345260301,10.445679676867158,18.298666706786065,13.192949716452905,Heart,Chin-Length Bob
13.997915644119987,13.52989384782286,17.728336891136017,13.958650947787664,Round,Long Straight
13.812713434443351,14.29816620344035,16.657921512535104,14.432750143396824,Round,Long Straight
14.391520408524695,10.983695167723747,17.813924219014286,13.815301314746685,Heart,Chin-Length Bob
13.970686902499864,13.748001154437842,18.077439066941828,13.368368556124528,Diamond,Tousled Waves
14.073490255664462,12.749949796990894,18.881528457878808,13.118883454552055,Oblong,Curtain Bangs
14.321044308618124,12.821597125874483,17.141205277416287,13.65586293464173,Square,Soft Curls
14.42901664389099,12.92847151468123,17.089124875384943,13.957257731705486,Round,Long Straight
13.854177009993434,13.421849690774675,18.281947426866285,13.579805948353398,Diamond,Tousled Waves
13.43116346426957,13.306142227703885,19.26968622679445,12.647573593956837,Oblong,Curtain Bangs
13.188034008881392,13.62346490863858,17.143938682476627,13.522093384536365,Round,Long Straight
14.219682287187831,10.544889479414,18.51429356399307,12.84989102838522,Heart,Chin-Length Bob
14.4341064333188,13.196335252917745,19.663671387945,12.946675744706257,Oblong,Curtain Bangs
14.009776809905398,13.088638458516991,16.52333621977762,14.329333236462652,Square,Soft Curls
13.147191753771908,13.862235054661335,18.03597240567896,14.405935704245197,Square,Soft Curls
13.479775473137313,12.687005480929836,17.226952079828088,14.699107235144764,Round,Long Straight
13.67176045638918,13.559630682312404,17.248227393305708,14.316736161201506,Square,Soft Curls
14.555125319871463,13.330060987870853,16.74908899235641,15.21771194278166,Square,Soft Curls
14.132720265989498,13.308403077637653,18.635233363925664,13.436717986475198,Oblong,Curtain Bangs
14.969705667614411,10.593500448219242,19.524573493660423,13.355708900160394,Oval,Side Swept Bangs
14.362106352593672,11.632973382156852,18.04997615928667,13.590496532639218,Heart,Chin-Length Bob
13.894564184940997,11.675651171783837,17.622897207341488,13.198373693031225,Heart,Chin-Length Bob
14.220593867149384,12.835603874763722,18.405071368814962,12.249872693979952,Oblong,Curtain Bangs
14.938793309614576,13.426304911459,18.933752678806023,12.994460503038203,Oblong,Curtain Bangs
12.34612428732509,13.124487292431471,17.327517257162643,14.497254693968808,Round,Long Straight
14.281239533084003,14.065661716721543,18.186003520441176,13.858120821258716,Square,Soft Curls
14.488161867151563,13.779958772348792,17.065551803535175,13.513106552727487,Square,Soft Curls
13.951335927467401,10.737219264772587,18.065859706653164,13.071724565773007,Oval,Side Swept Bangs
14.505926503650198,13.337632470265559,19.493953110968043,13.445369556606432,Oblong,Curtain Bangs
13.891559794905577,13.239574615269913,19.059300555176407,12.89817488497779,Oblong,Curtain Bangs
13.465076408011038,13.624135898231117,18.561728173055705,13.815218263042885,Square,Soft Curls
15.106929391068117,10.286096228960167,19.024150554348548,13.84996292673002,Oval,Side Swept Bangs
14.308786367865954,13.692394453427834,17.649867470248736,14.212791931585517,Round,Long Straight
15.348706984727498,9.82556023119587,18.706663708251668,13.601006463403628,Oval,Side Swept Bangs
13.340374105638746,13.78994405579013,16.25255448379203,13.691848152412112,Round,Long Straight
12.713283636659654,13.779149064203109,18.10851519087157,14.910044265289086,Diamond,Tousled Waves
13.764134827017163,13.36702476953197,17.934156306260626,13.339481294338544,Diamond,Tousled Waves
14.088551354598254,13.458720614849446,16.32604560798665,13.256605505087313,Round,Long Straight
13.329002009452996,14.421454218689327,18.057208513183536,14.125324642479942,Round,Long Straight
14.050745794619731,13.805353369320752,17.038197571126226,14.72614720700846,Square,Soft Curls
14.780910203042334,13.040605168346943,16.938307066349264,13.794932178086164,Round,Long Straight
14.275402916178662,10.947970127552257,17.731537766804838,13.67464625145616,Oval,Side Swept Bangs
14.815729355365193,11.436415098369041,18.26786134954447,13.551573645015775,Heart,Chin-Length Bob
15.09901360993408,9.864648770328031,18.29725328003477,13.458212299881039,Oval,Side Swept Bangs
13.259389667403338,10.939806135866537,17.399250949106946,13.939639101201069,Heart,Chin-Length Bob
13.650920785521999,13.551861022255707,17.936588955543606,13.20119797195822,Square,Soft Curls
13.33947983811877,13.069170238864297,18.242975424629773,12.710705880703037,Oblong,Curtain Bangs
14.744877432919594,11.972131531893998,18.214826787980574,14.017475095452527,Heart,Chin-Length Bob
14.561019873871594,12.862294598892676,17.748357567175496,13.755677171490234,Square,Soft Curls
14.110825959834697,10.697755139982076,17.485834520904323,12.782997468364671,Oval,Side Swept Bangs
14.145248693221468,13.743244931701915,17.045304411535202,13.577961665082029,Round,Long Straight
14.518531096473556,13.474803420592467,19.038629037012836,12.799509423682899,Oblong,Curtain Bangs
13.303522324111938,13.51165814155717,18.874788089833086,13.691311350280714,Diamond,Tousled Waves
14.102417481869354,13.146997037988674,19.137028032290413,13.027387899966582,Oblong,Curtain Bangs
12.377594366019506,13.643376954695189,19.10460876023388,13.55158724828934,Diamond,Tousled Waves
13.062975516823078,13.14985370290951,18.13016789876874,14.337504832158874,Diamond,Tousled Waves
14.50743200442657,11.094150295783328,17.14232715215887,13.899612743276906,Heart,Chin-Length Bob
14.788346099592475,10.897827261960657,17.933449626998634,14.226289859144334,Oval,Side Swept Bangs
13.609693446101335,10.757433878712098,17.380532357243798,13.169308898265252,Oval,Side Swept Bangs
14.048435751073159,13.50925729648001,17.95382378089032,13.597318835928016,Diamond,Tousled Waves
13.872042881093623,13.756652102094327,17.588571151797336,13.791719497501674,Round,Long Straight
13.228130192978812,14.064912787855182,17.28282583886154,13.362847396628421,Square,Soft Curls
14.636516812484082,10.388322096417415,18.68212824347272,13.127446986086872,Oval,Side Swept Bangs
14.20855156014639,13.289286474401145,17.092939818349738,13.901744877858786,Square,Soft Curls
14.794940491256872,14.39527922845526,18.069763686057385,14.747493806135138,Square,Soft Curls
15.667376396859515,13.516257847333446,17.670838180761123,14.53280416866804,Round,Long Straight
14.987799706321445,11.183319168881553,18.255823796047128,13.286574710419831,Oval,Side Swept Bangs
14.628776760256613,11.415079260204973,17.975434751053488,14.23753628524427,Heart,Chin-Length Bob
13.575349342634155,13.340106104067099,17.063616405412066,13.906709133626203,Round,Long Straight
12.74519202384371,12.985443449804208,18.56025522782006,14.55355914585247,Diamond,Tousled Waves
13.906003712389069,10.009828108639692,18.519859550997367,12.652527235715699,Oval,Side Swept Bangs
14.278767166154697,10.597742507879634,18.51011883817949,13.107069769393854,Heart,Chin-Length Bob
15.3181766043425,10.919013337099663,18.122495656585173,13.056071186952904,Oval,Side Swept Bangs
14.393840869570825,11.456149220591849,17.98950526451025,13.103573715424705,Heart,Chin-Length Bob
14.519605508201428,13.31324440317353,18.817685143541848,12.977332015047207,Oblong,Curtain Bangs
14.397804789590653,11.081375489932242,17.843075782062034,13.521416064332724,Heart,Chin-Length Bob
14.316601404777314,13.897584046724937,18.925614235930055,13.633403321288705,Oblong,Curtain Bangs
13.549106068409941,13.1123185868259,18.16376593387814,13.82216260753244,Diamond,Tousled Waves
13.567925243664074,12.844722409507929,17.501986785312116,14.170722909570413,Diamond,Tousled Waves
14.280865184645025,13.874417002206416,17.054192484551898,14.408987802672677,Round,Long Straight
14.186185318489716,13.895779739142748,16.559818621104096,13.468459866539435,Round,Long Straight
14.304581150481036,11.502064960442201,17.69020726533242,12.570281793367505,Heart,Chin-Length Bob
14.703050211221743,13.355689557491095,17.06283351280981,14.64981098462246,Round,Long Straight
12.583566221417259,13.010839668365813,18.032038473349036,13.686534292063401,Diamond,Tousled Waves
14.134326999448913,13.773348291887556,19.343889113611567,13.615607853916929,Oblong,Curtain Bangs
14.226724864085453,12.665138903326037,17.914963919092767,12.66494762379807,Oblong,Curtain Bangs
13.597926977259698,13.212522548269135,18.119028417563737,13.670762911448689,Diamond,Tousled Waves
15.498700049111562,10.144389063702347,19.047045347582994,13.487856244630569,Oval,Side Swept Bangs
14.454533020233825,12.130334590425319,18.55769004780168,13.363879349364096,Heart,Chin-Length Bob
14.230155378857225,13.680217861274404,16.982298482204026,14.124954216174352,Round,Long Straight
14.140712432941564,10.351125233487945,18.161073174864814,13.849514629540712,Oval,Side Swept Bangs
14.438899806510745,9.95445157698706,18.07720022524077,12.200719687209327,Oval,Side Swept Bangs
14.238052753173859,10.488632655146388,18.42214440039749,14.28327192548364,Oval,Side Swept Bangs
14.775969472151445,10.685769188204729,17.536948423771648,13.34047100399977,Oval,Side Swept Bangs
14.2419912072083,10.159119053036674,18.032302117860628,12.760073013274221,Oval,Side Swept Bangs
13.385078233878533,14.442250393649747,17.444106233680515,13.767500284708234,Square,Soft Curls
13.817687089430802,14.088970021448118,16.98072614569804,14.294535529546355,Round,Long Straight
14.094944213876309,11.185701769204563,17.99349032308342,14.397456390419688,Heart,Chin-Length Bob
14.553404781225037,13.791594249790586,17.052468285109374,14.728779784884715,Round,Long Straight
14.886516821095533,9.556044452393788,17.883088895430557,13.623047296498163,Oval,Side Swept Bangs
12.904410161792617,13.038483868017,16.637653317854895,13.892659319052477,Round,Long Straight
14.342206918853096,10.357917296028672,18.986836232217666,13.380445289042742,Oval,Side Swept Bangs
14.306384032052982,10.801305518713432,18.334675646909844,13.154494239168908,Heart,Chin-Length Bob
13.263218106645775,13.60350323776779,16.604942546515158,13.756544490861458,Round,Long Straight
14.315241401969878,13.082839223816384,20.19411140287944,13.220864114116264,Oblong,Curtain Bangs
14.465761487948026,12.454001166098472,18.54766628635536,12.834061640143608,Oblong,Curtain Bangs
14.006725573996327,10.639800422422041,19.11032839572131,13.625656882126925,Oval,Side Swept Bangs
14.378691945120144,11.179269179443535,18.380101355273865,14.48403287946193,Heart,Chin-Length Bob
14.263555296917783,13.575661359688144,19.172568699368902,13.538204045536116,Oblong,Curtain Bangs
13.94942632387398,11.254364853819183,18.01460801216992,14.067750183815386,Heart,Chin-Length Bob
13.401061979106538,12.460731093730873,16.73586923386666,14.531540559786087,Round,Long Straight
13.24116021064479,13.363045668954292,17.59734462781472,13.966421054277161,Square,Soft Curls
13.685947059154264,12.7447440880173,18.06258568719829,14.435097884942687,Diamond,Tousled Waves
13.208948221231827,14.246428313212755,16.458520206196035,14.450438228464632,Round,Long Straight
13.806912453292137,13.379889590578598,17.262586978233934,14.303143211555833,Square,Soft Curls
14.204118554687495,13.645391480434368,19.739523369757052,12.797327298291805,Oblong,Curtain Bangs
13.680819820531642,12.70196073677868,18.527659890057667,13.67147518514066,Oblong,Curtain Bangs
14.107718736366682,13.217837159162078,16.973264039951072,14.730412510739702,Round,Long Straight
15.006130880151742,13.31093037897539,17.614151898444707,13.363080655072075,Oblong,Curtain Bangs
14.95697313899509,10.563432798405216,18.928811625270473,13.630656722071292,Oval,Side Swept Bangs
13.404330595038198,13.515996800214388,17.352708020911034,14.568325408238675,Square,Soft Curls
14.1015405103649,10.655947409942682,18.6804721790271,14.124868789400034,Oval,Side Swept Bangs
14.189532299447169,12.526779401980832,19.330089368392713,14.066592272145988,Oblong,Curtain Bangs
14.185649272277969,13.094405592626599,16.451440251339818,13.541103205361807,Round,Long Straight
15.49446990013473,10.342633419396348,18.11290672659152,13.423382531024082,Oval,Side Swept Bangs
13.344153675876353,13.782497871115327,17.723629815422004,14.427989969868804,Diamond,Tousled Waves
14.258125684646394,13.67986874773906,19.815755550520276,13.281870641251643,Oblong,Curtain Bangs
13.344845022765481,13.225291996756875,18.17575530545802,13.041024500421683,Diamond,Tousled Waves
15.267697773132547,10.571894472118094,17.818970227102255,12.65577274065737,Oval,Side Swept Bangs
13.315984344773497,10.781787351830857,18.13855330736176,13.304179620988968,Oval,Side Swept Bangs
14.209226075678101,13.710783980410255,17.79764296982252,14.074043333328751,Square,Soft Curls
14.171752837406968,12.597639206117044,18.568903165839817,13.479741576483036,Oblong,Curtain Bangs
13.921334673343756,13.679223656941181,20.212168895321895,13.500322145367791,Oblong,Curtain Bangs
15.237694073229404,10.761884677439102,18.188309932027423,13.567564510867843,Oval,Side Swept Bangs
14.852547276896198,13.228761218883688,16.472208359311836,13.449669944261393,Round,Long Straight
13.381423387076774,12.828337565496504,19.045287936890553,13.956666391639843,Diamond,Tousled Waves
14.43515190897417,13.825166714155836,16.932710813861846,13.358384141712932,Square,Soft Curls
13.826690569724631,13.345245710957851,19.26418111933172,13.479994088126219,Oblong,Curtain Bangs
13.801078111231448,11.510996816011296,17.29111784822394,13.674609038026327,Heart,Chin-Length Bob
14.066049762895007,12.898798845124038,17.450396855254223,15.201902088710966,Round,Long Straight
14.37119635799722,13.89663862326368,17.355070174829063,13.918991241004107,Square,Soft Curls
14.104131116116466,10.574539933254348,17.833440224845017,12.727273224255029,Oval,Side Swept Bangs
13.545361115043644,13.208612329892233,17.94155862168681,13.223959925652965,Diamond,Tousled Waves
14.615036316203001,10.990202388390234,17.742617427716567,14.33556311719691,Heart,Chin-Length Bob
14.814340844051657,9.925882119365674,17.75333384979359,13.548130843463058,Oval,Side Swept Bangs
13.794988649751454,9.672827254487826,18.814784197446023,13.616129644548337,Oval,Side Swept Bangs
13.631992033908421,13.298346671826366,18.190237745651512,13.527251557785418,Diamond,Tousled Waves
14.085046712944521,14.273375553552297,16.734424588411297,13.506910694279705,Round,Long Straight
13.731561559973942,12.87250870454743,19.09950621602647,12.431731531722066,Oblong,Curtain Bangs
14.045592476855166,13.822669075877078,16.10246765352518,13.527878735654559,Round,Long Straight
13.861307855479417,13.422115659745446,17.231894589591917,13.95069463493126,Round,Long Straight
15.122976741475792,10.345096808653425,17.924729874491877,13.059496030976266,Oval,Side Swept Bangs
14.85673377530113,10.485422860906667,18.874307273461255,13.733612736761089,Oval,Side Swept Bangs
13.470784931029664,10.017508566267821,17.90265064813125,13.158962194432613,Oval,Side Swept Bangs
14.0309297443583,13.598937597828883,19.616383406632057,13.137524256878311,Oblong,Curtain Bangs
14.36741625942595,11.140027409643082,17.858725526256745,13.57817119594526,Heart,Chin-Length Bob
14.233883643496323,13.901278626362226,15.85684823932635,13.94493892362955,Round,Long Straight
15.183001011826144,10.298315318300922,19.171221648792,13.363868269988538,Oval,Side Swept Bangs
14.574774796040703,10.018785419215801,17.85647210091839,13.778794342015761,Oval,Side Swept Bangs
14.272506489857108,13.508545645747214,16.38049966276625,14.04400261285443,Round,Long Straight
14.733563191490965,13.888483268800623,18.829979133717032,12.615087886394697,Oblong,Curtain Bangs
14.558962895041772,13.102507609622227,19.483805700122875,13.356883595742051,Oblong,Curtain Bangs
14.0780833620255,11.541859105435575,18.47921382363895,13.40769819448122,Heart,Chin-Length Bob
13.07491958315797,12.611176391010652,17.84275016231348,13.650449550306654,Diamond,Tousled Waves
14.899253407843387,10.02520243883801,19.414678993759406,12.949441970646117,Oval,Side Swept Bangs
15.183497112554473,13.881729336811803,19.06762203348407,12.619740711645937,Oblong,Curtain Bangs
13.955265186924294,13.778770384505066,16.863950934506825,14.173773737674928,Square,Soft Curls
14.105453491147328,11.135043373409856,17.709670830979928,13.201315221859486,Heart,Chin-Length Bob
15.43356950525229,11.229330103452074,18.037720289663874,13.550541451846199,Heart,Chin-Length Bob
14.354733370912259,13.376999982189322,19.451793383586917,13.351293719471968,Oblong,Curtain Bangs
14.301183466727329,13.232712671724638,18.922514099215544,12.900988054084422,Oblong,Curtain Bangs
14.45456557750814,11.638162050092589,18.01801550031523,13.567392329799505,Heart,Chin-Length Bob
13.701041659850752,13.466063461218637,16.708881461059324,14.179932078137256,Round,Long Straight
13.70710441002915,13.586954923431673,17.466367407452903,13.664011067455654,Round,Long Straight
14.456906128426073,13.222875704930265,20.043381683152003,13.166795900187056,Oblong,Curtain Bangs
14.836460553661917,10.47971538477302,17.68669867475527,13.277727264682259,Oval,Side Swept Bangs
14.885404419226218,11.283537198563597,16.68333103365442,13.464777511898276,Heart,Chin-Length Bob
13.053343620662035,13.249651020816888,18.984884209836984,14.22701071740687,Diamond,Tousled Waves
15.259737890812417,10.248953020700945,18.418015132400544,13.06713787255853,Oval,Side Swept Bangs
13.661572945309583,13.494609427510174,16.847318243239002,14.721397521106358,Square,Soft Curls
13.330803157937234,13.743372062461379,19.641076291948693,13.440474992388209,Oblong,Curtain Bangs
13.92618004114728,9.840659166221357,18.18000400431868,13.738436901875247,Oval,Side Swept Bangs
13.98259075787138,13.433248979294195,18.106177996678305,14.88368368690458,Square,Soft Curls
14.372805457512824,10.517311400721493,17.615898549054627,13.3204695603555,Oval,Side Swept Bangs
14.219638005884345,14.16903769598069,17.257064855849237,13.885782924718837,Square,Soft Curls
13.59120801827135,13.353441685858408,17.18491740365656,13.029225803956246,Round,Long Straight
14.175849071859489,13.346199567139037,18.69826556269729,13.066269076993294,Oblong,Curtain Bangs
13.589575959959294,13.251400954073024,16.981541526718896,14.08698743310718,Round,Long Straight
13.327220434876985,13.464127217879165,18.84384149124935,13.988209433650951,Oblong,Curtain Bangs
13.70788518893704,12.872281233013192,18.88904233150781,13.40739040751033,Oblong,Curtain Bangs
12.731405319683285,12.893048165244679,18.51303578166727,13.387492194005373,Diamond,Tousled Waves
14.621238502153446,13.74349380440928,17.056202691075157,14.336420585543912,Square,Soft Curls
14.732241500671611,14.201418741540904,18.163725535664216,14.87973616482869,Square,Soft Curls
13.11727802286837,13.548975743583652,17.473410166006495,14.05859940173121,Diamond,Tousled Waves
13.436257238754264,13.661999525739429,18.79862012980606,14.129414177167398,Diamond,Tousled Waves
14.636898588052292,10.676935298465336,18.538382456973114,13.462481368241546,Oval,Side Swept Bangs
15.14267351502486,12.333572588464639,17.74123570293622,13.595193305345914,Heart,Chin-Length Bob
13.862319910170925,12.675205680923067,16.81472871209763,14.82899649116947,Round,Long Straight
13.436104432262875,14.570800856068981,17.549853531710962,14.22446880330434,Round,Long Straight
14.24318653286755,13.499701881113824,17.381384938741153,14.759885660826722,Square,Soft Curls
14.177673241459065,10.89805602953842,17.6933146326835,13.005328904311018,Oval,Side Swept Bangs
15.443199634058807,10.468838383174452,18.185820874999788,14.035020930871262,Oval,Side Swept Bangs
14.459105030312958,13.963502529353946,16.700962108713068,13.877144261547121,Round,Long Straight
14.337510290681978,13.480291484980285,18.730444979102923,13.314715310645267,Oblong,Curtain Bangs
14.621286911858826,10.988317555996682,18.945228245571233,12.881228951249827,Oval,Side Swept Bangs
14.117513407350279,12.84835002578054,19.289199901713662,13.60227655248849,Oblong,Curtain Bangs
14.537870321388166,10.366315243280324,18.542728121806476,13.571089810341045,Oval,Side Swept Bangs
14.164811154229755,9.986054961696649,17.297978372886565,13.996598479467819,Oval,Side Swept Bangs
14.709604618231383,11.701957956855585,18.457257930409106,12.871416853814317,Heart,Chin-Length Bob
13.688048557744946,11.713387050259284,17.962594176086533,12.640755879792207,Heart,Chin-Length Bob
13.597835228900944,13.052207253443001,17.82558192266635,13.687945074526999,Diamond,Tousled Waves
12.840472355453329,13.671148816701399,17.156236852167954,14.309345365005731,Square,Soft Curls
14.410004366299482,11.847371778058461,16.515742013169724,13.073250459343674,Heart,Chin-Length Bob
14.766458087809044,10.350019061056338,18.998672855957285,12.761488360568201,Oval,Side Swept Bangs
14.195249524370883,13.169961153118647,16.61992423768636,14.521912328200168,Round,Long Straight
14.69363405109557,13.6127780501882,20.05243760031391,13.733614088408329,Oblong,Curtain Bangs
13.412697440649291,13.567154305851698,16.803149287120267,15.045633287043698,Round,Long Straight
14.497356888000512,13.882933655486324,17.9675737220584,13.397714465391513,Square,Soft Curls
14.612670594201917,10.098378278024581,17.51032842454245,13.802535151532597,Oval,Side Swept Bangs
14.89827457291434,11.751788003411205,17.72021202331894,12.866137656701655,Heart,Chin-Length Bob
13.225121310918977,13.002013593201324,16.864804951936843,14.564863589954879,Round,Long Straight
14.65112359396759,12.568121870945197,18.634557350814777,12.974228544020784,Oblong,Curtain Bangs
12.513581352714672,13.410823775537857,18.10133279030322,13.79561399742595,Diamond,Tousled Waves
14.770687087201136,13.244326917365033,18.770799895451294,13.468101122182013,Oblong,Curtain Bangs
14.475866479259038,14.13831451296048,17.87080009486027,13.951341986354194,Square,Soft Curls
14.445611636022134,10.518785026692731,18.059765856334597,13.258679617595446,Oval,Side Swept Bangs
15.179872102599719,11.276812313211398,19.437259791461162,12.955028844283424,Oval,Side Swept Bangs
13.612303285224128,12.746376331407419,19.064103740604452,12.176013536392654,Oblong,Curtain Bangs
13.960378571525814,13.757761569599616,19.504253893738806,13.054894675296513,Oblong,Curtain Bangs
14.025484841988634,13.43078616372173,19.47977198589579,13.04570597829211,Oblong,Curtain Bangs
14.368898661257289,10.24715381175905,17.720150526642332,13.39873203518313,Oval,Side Swept Bangs
14.337932687750497,9.969280579844693,18.88156972447065,13.681421733832106,Oval,Side Swept Bangs
14.177107009423077,13.104371948554927,16.01207448920313,14.257683339838843,Round,Long Straight
14.15273237696399,10.117281346737503,17.763787575798137,13.376384796448747,Oval,Side Swept Bangs
15.204346437395891,11.245254982506033,17.258676675957865,13.796022134566048,Heart,Chin-Length Bob
14.279369070183561,12.384854650274987,19.338121546600945,14.062928107409618,Oblong,Curtain Bangs
12.766183798298659,13.33211350901135,16.056698172814926,13.98714039800795,Square,Soft Curls
14.984959585589914,10.515776831638744,19.31967350397845,13.821036583587347,Oval,Side Swept Bangs
14.69303073451765,14.085317493182417,16.782319496581007,14.055567337450471,Round,Long Straight
13.375152341595692,13.377762610070537,17.0088050324171,13.979063952871225,Round,Long Straight
15.161951859950499,10.341497090953691,17.954652712111024,13.137431960072975,Oval,Side Swept Bangs
13.70868661386257,12.68001878832552,18.123441722202955,14.499770668949528,Diamond,Tousled Waves
14.616342746586005,11.471956300435268,17.795056687334128,12.98092264087836,Heart,Chin-Length Bob
14.055640652214597,10.395495431688216,18.661430950473118,13.868321339527325,Oval,Side Swept Bangs
14.524788033402366,12.223014059681129,18.630300922391996,13.865502632081649,Heart,Chin-Length Bob
14.553473200877287,13.4610239685464,16.928094822895588,14.289409495298225,Square,Soft Curls
13.812146710965317,10.35741669420042,18.955052099010135,14.055379196621011,Oval,Side Swept Bangs
13.862389356561494,13.640330343464528,17.681720473386356,13.478547610941638,Square,Soft Curls
13.731633479786735,13.491031119941132,16.965037703504013,14.066554437776462,Round,Long Straight
14.100477643644366,11.128683366099946,17.43308755384757,12.694665684467344,Heart,Chin-Length Bob
14.658730379957573,10.831461639645088,18.969804948920917,13.381541769236527,Oval,Side Swept Bangs
13.404716500262788,13.87374489280287,17.290022646643195,14.13159667140428,Round,Long Straight
14.117174565192931,13.190925917445648,18.096057871633587,13.655493232184769,Diamond,Tousled Waves
13.553239108322632,13.467420727165683,18.939606504919524,13.444349787268735,Oblong,Curtain Bangs
14.76466069635965,13.29631957532236,15.839358655777344,14.26461516171139,Round,Long Straight
14.27687579183807,12.924785504055869,19.200541445745554,13.549895585975303,Oblong,Curtain Bangs
14.049173194629839,11.352657495529819,18.56492903858381,13.130196500344626,Heart,Chin-Length Bob
14.512938122616735,10.130300961898932,17.0591461645822,13.556355983080424,Heart,Chin-Length Bob
14.449962939872849,12.802215925797771,17.015009548130084,13.83234206743551,Round,Long Straight
14.966198279303077,9.986418105329133,18.75470287261327,13.224249690807882,Oval,Side Swept Bangs
14.08536323462021,14.018589067357192,17.388281784649376,14.268947597876934,Square,Soft Curls
14.502403531328607,11.441332177498394,17.631934681115837,13.517615512148117,Heart,Chin-Length Bob
14.08489861311255,13.461850831486696,17.33818632542103,13.487900572819829,Square,Soft Curls
13.962543558529987,13.670644744825008,17.91264036293778,14.368254905748097,Square,Soft Curls
13.116944288862634,13.19987632981018,18.53623741884128,13.765228636280494,Diamond,Tousled Waves
13.447155862197064,12.939378796504357,17.394960413452747,14.47734546302361,Round,Long Straight
14.119893524756545,13.508220792772246,17.455370425777637,13.756832148082237,Oblong,Curtain Bangs
14.407842199299324,10.530288173181322,18.313849993982018,14.048276236326963,Oval,Side Swept Bangs
13.065196355128029,13.747914442156285,18.41715008067496,14.155261260579696,Diamond,Tousled Waves
13.827354385383716,13.293958437056197,17.994546915558598,14.184166683277553,Square,Soft Curls
14.777284742868183,13.134504766144067,18.776768076813756,13.779967099483919,Oblong,Curtain Bangs
14.800552993542496,13.499855913440491,16.611854320014253,14.430836931087809,Round,Long Straight
13.862480500253978,14.297639698867716,17.384437457268273,14.822356728693634,Square,Soft Curls
13.914018594166041,13.397027218788358,18.740711899304124,13.14187513913598,Oblong,Curtain Bangs
14.27951924690549,10.76903750992046,19.04149128292071,13.711343948193687,Oval,Side Swept Bangs
13.422506508746277,13.25275432428131,18.663661920154464,14.305144212122975,Diamond,Tousled Waves
12.724257227916382,13.839080639893753,17.402393880715604,14.366484726791512,Square,Soft Curls
13.78623245488331,13.86096024298548,16.453041090228496,14.153106625116692,Round,Long Straight
14.401737314325066,13.206526229904087,18.806359825575164,14.632251705219991,Square,Soft Curls
14.20755605768482,12.887428368306225,18.90348327512545,13.281490263610896,Oblong,Curtain Bangs
13.628265809854055,13.757637627027638,17.9882955479385,14.125956788975735,Diamond,Tousled Waves
13.37733391295989,13.764689902655265,17.710567530197224,14.377698564160003,Square,Soft Curls
13.629247690408729,13.750382518115948,18.266348565211217,14.61748805426537,Square,Soft Curls
14.591642560636197,9.578852798755777,19.97698464670755,13.479072960721235,Oval,Side Swept Bangs
13.835127461366348,13.707462845557128,17.71038815116116,14.222467204834059,Square,Soft Curls
14.96496078665583,10.103122741879204,18.318562112756208,14.303533399593874,Oval,Side Swept Bangs
14.301055654368081,13.142778626029015,18.505642469193962,13.44282222355415,Oblong,Curtain Bangs
14.95430787475272,11.971402146129893,17.681616301798577,13.655115613841888,Heart,Chin-Length Bob
14.089927877536141,13.598144002046384,17.836851949390816,12.606480645781886,Diamond,Tousled Waves
14.636065911431965,10.793023215408935,17.862359611528117,13.48355297660449,Oval,Side Swept Bangs
13.364108322169848,13.239433934912029,17.954573038448032,14.481691082561984,Diamond,Tousled Waves
14.268963786302358,12.867725234848857,19.470530118543984,12.766310440159735,Oblong,Curtain Bangs
14.581277780059192,14.503795720196377,18.23005267812824,13.944882304087105,Square,Soft Curls
14.23723718613838,10.507184633841835,18.452509203299165,13.224633438645473,Oval,Side Swept Bangs
14.208309496124615,10.327014161900056,17.81491495388025,13.75968406507064,Oval,Side Swept Bangs
13.956726092305992,13.820055874357399,16.948013992501995,13.434308832691283,Square,Soft Curls
14.812866277576589,13.17600558015372,17.276185895174766,14.103955550583395,Round,Long Straight
13.04464332191505,13.907787570287446,19.34940368595415,12.95607132590331,Oblong,Curtain Bangs
13.967906532298748,13.377640108009116,18.45385693255978,13.563064732108286,Square,Soft Curls
13.987903386758946,12.925911735172203,19.03607283572742,13.773175031015647,Oblong,Curtain Bangs
15.3013976617853,11.301268559315886,18.0058487276311,13.519703324423562,Heart,Chin-Length Bob
13.31725997373034,14.727491239827504,17.642749445824517,14.117316130178056,Round,Long Straight
14.869534244716059,13.681846583338485,19.036841983105255,13.374040350721305,Oblong,Curtain Bangs
15.24739924750575,10.095085611821583,19.48512356658773,13.39657333112079,Oval,Side Swept Bangs
15.253712307534379,10.471482788039328,18.70039092796819,13.473292307244712,Oval,Side Swept Bangs
13.263545784098916,13.100513467138041,18.900311916019703,12.719799815958968,Diamond,Tousled Waves
13.863576255855918,10.183364548252507,17.868749668000962,14.094223026349086,Oval,Side Swept Bangs
14.465182460822742,13.796276330414722,16.66787132518556,14.695472158148746,Round,Long Straight
13.7555578246435,12.638279315981842,17.46489011978696,13.352979463842495,Heart,Chin-Length Bob
14.270823135694776,10.044300518962062,19.632793409296266,13.80428758392578,Oval,Side Swept Bangs
14.716070793241196,12.733544325927081,19.088264020760136,13.448591051281538,Oblong,Curtain Bangs
14.622979647859392,10.009391657312712,19.133783695073983,13.535960213035345,Oval,Side Swept Bangs
13.104862486142588,12.512237028341795,18.52058000901125,15.04864830121733,Diamond,Tousled Waves
13.506830579366051,14.072004881413177,18.086842005595283,13.378632129412104,Square,Soft Curls
13.574421460837895,13.057525185429354,17.458509009878828,14.690664367246658,Round,Long Straight
14.273599193588213,12.882240272318034,18.764540346689486,13.00849609436236,Oblong,Curtain Bangs
13.797674890739774,13.170220474919716,19.292697567096496,13.436830782259838,Oblong,Curtain Bangs
13.977313242985476,14.012339499352201,17.475572960146973,13.364590955727511,Square,Soft Curls
14.567336017851387,10.240106975052328,17.710756779706134,13.636141200882996,Oval,Side Swept Bangs
13.95077532698225,13.298615949625422,19.434290341452567,12.88629659083082,Oblong,Curtain Bangs
13.497552005291077,12.528872864458435,18.97573362017849,13.186631896008668,Diamond,Tousled Waves
14.246797976786503,12.215440089916495,17.69397258924821,12.899566213126668,Heart,Chin-Length Bob
14.845468758272197,10.749805920346635,18.130207962037105,13.276023471367239,Oval,Side Swept Bangs
14.283143217891961,11.402280372538188,16.849903275348414,13.392055501741172,Heart,Chin-Length Bob
14.954154864557045,12.861125019906646,18.691513763398106,12.797102957255598,Oblong,Curtain Bangs
14.267162705011566,14.61541872193072,18.122645215248365,13.389658347258344,Square,Soft Curls
14.738186327689368,11.047113788327799,18.801446404688804,13.679447109994307,Oval,Side Swept Bangs
14.266559566622918,11.627029381816646,18.4425590568976,13.639097997775083,Heart,Chin-Length Bob
13.911105117036762,11.271252375086412,18.428797705967234,13.637418038593012,Heart,Chin-Length Bob
13.88149573836959,13.213264848865824,17.557880790244226,14.86063459055624,Round,Long Straight
13.936738821847813,13.736087757870946,18.046005263491036,13.606443345136093,Diamond,Tousled Waves
14.141506424102168,13.224963665366365,19.73707348010589,13.69504530343657,Oblong,Curtain Bangs
13.66494640938692,12.669609859872228,17.39251715579095,13.968449013227847,Diamond,Tousled Waves
13.793129708210246,13.171204750036832,19.163706417078355,13.321840749127256,Diamond,Tousled Waves
13.700889216764478,12.951326744624742,18.629853076202878,13.450600259672463,Oblong,Curtain Bangs
14.289412211060991,10.696770316714618,18.267103332623904,12.626870273049063,Heart,Chin-Length Bob
13.758325614489534,12.578190149887396,19.101853585859672,13.320566773381051,Oblong,Curtain Bangs
14.876530738230667,14.46315728629767,18.25665149481538,14.172550973959115,Square,Soft Curls
13.524734906229803,14.049726657820484,17.82117823335894,14.384090060640291,Square,Soft Curls
14.249159413425588,10.669101868222059,17.954099700122846,13.067603726091821,Oval,Side Swept Bangs
13.044549737259617,13.209871465659809,17.64332302097607,13.643309396628025,Diamond,Tousled Waves
14.940961581301902,10.061892846466593,18.20590068655587,13.515888749179775,Oval,Side Swept Bangs
14.096505477841614,13.719601496945653,17.920884429780244,14.326336781620379,Square,Soft Curls
15.004121789478992,11.468274867549178,17.55233354239427,13.149096830475981,Heart,Chin-Length Bob
13.578148519245206,13.060767630486717,17.942541933878516,13.631802122053333,Diamond,Tousled Waves
13.920635775915724,13.287429622422552,18.26120504108323,13.365270261200116,Oblong,Curtain Bangs
13.716730463397216,12.985164564932063,19.16721270346739,13.859528686641129,Diamond,Tousled Waves
13.553044234212297,13.100452061139617,19.02687422627381,13.421050458701846,Oblong,Curtain Bangs
14.364601638728534,10.978944654809201,17.256041543056362,13.163170334688155,Heart,Chin-Length Bob
13.534529413260787,12.917722474693255,16.621573229359253,14.354616859496451,Round,Long Straight
14.897402062433333,13.504064436725585,19.67211442334656,13.621754591063244,Oblong,Curtain Bangs
14.370399587391192,13.804576783040131,17.5896488415986,13.811205902919713,Square,Soft Curls
14.37657399882335,10.500842325072732,18.921206327545445,13.657297887997855,Oval,Side Swept Bangs
13.905552462734137,14.011542284290709,17.739666674024303,14.36553803016451,Square,Soft Curls
13.570780981295746,12.790494532888463,19.56906399842455,13.22619900657282,Oblong,Curtain Bangs
14.27347261135219,10.368166396113628,18.347218062837634,13.711423943491623,Oval,Side Swept Bangs
13.047463097589132,13.209927784020868,18.34333516065729,14.044603388566104,Diamond,Tousled Waves
14.085281928100288,14.253779022061764,17.223719063125717,13.545668184220734,Square,Soft Curls
15.079992189437306,13.341842998532538,16.888789368663723,14.36389086540615,Round,Long Straight
14.726855551646267,13.695798359221694,17.00520990093865,13.392642551424725,Square,Soft Curls
14.87423781483751,12.805787888317179,18.98005293456028,12.875960007401973,Oblong,Curtain Bangs
13.81953057073806,11.357370225925637,17.336045606465508,13.144735859547156,Heart,Chin-Length Bob
15.400592461524708,11.734783709152302,18.287405940239918,13.879750457531658,Heart,Chin-Length Bob
14.436052874619284,10.297673900513038,18.648310757682562,13.554818144988081,Oval,Side Swept Bangs
13.52887509023434,13.56115640449455,16.63447866254642,13.9353968069952,Round,Long Straight
14.328969355595179,10.843557469552756,16.616708344601957,13.024792808177033,Heart,Chin-Length Bob
15.394266956509123,10.349692177558712,18.95785737345506,12.632885488293532,Oval,Side Swept Bangs
14.020944819158519,10.798507552663489,17.71037248368025,14.654033328516991,Heart,Chin-Length Bob
14.718290935360713,11.151866130343588,18.35266184706048,14.03587678169589,Oval,Side Swept Bangs
15.431326879959911,11.45366436869378,17.538873866761957,12.84119636667775,Heart,Chin-Length Bob
14.331326817410693,10.50633453996341,19.69495750986902,12.966401089303096,Oval,Side Swept Bangs
14.009033577166173,13.027663938278948,17.298552053929065,14.184160063078114,Square,Soft Curls
13.655238267335577,13.41932290631324,18.417707115570575,14.134614101748785,Diamond,Tousled Waves
14.50979396223789,10.054397669944038,17.414554359215707,13.267273639379543,Oval,Side Swept Bangs
14.419074065656233,10.97518145156977,18.443014956430556,13.408050175332937,Oval,Side Swept Bangs
14.018093380749075,13.357741714557745,17.373652871074388,15.020529903817028,Round,Long Straight
15.588770751069175,10.51239254540376,18.69997165245987,14.121917045710665,Oval,Side Swept Bangs
14.411354598920337,10.745269474283397,17.83537988461271,13.362104195301276,Oval,Side Swept Bangs
14.691210457071675,12.930336557738151,18.92789454318045,12.647825058187575,Oblong,Curtain Bangs
15.047075114302793,13.701671410493892,19.091981060345802,13.443425525889278,Oblong,Curtain Bangs
14.685926941088258,11.027337089649235,18.197391334310105,13.78151887023808,Oval,Side Swept Bangs
14.975543765052489,12.150691642008372,16.663423623588027,13.18950406972079,Heart,Chin-Length Bob
13.505000853714838,14.061029390603286,16.483593343872318,12.983282865594633,Square,Soft Curls
14.932914158602815,13.809328725819904,17.037642365315698,14.205384803783257,Round,Long Straight
14.560397530624469,10.872541801014506,18.130643853046188,13.562121588829276,Oval,Side Swept Bangs
14.30224122311113,12.802380938519066,19.657126336270863,13.079131968673877,Oblong,Curtain Bangs
14.456500873205478,14.042783761765893,18.35507550752167,13.49493502776415,Square,Soft Curls
13.752654346945993,12.857338616300082,19.06353703420213,13.838586500153138,Oblong,Curtain Bangs
14.874232536119182,12.310623617388,19.12395623633248,12.02152378419344,Oblong,Curtain Bangs
14.228017242591408,14.063930425903072,16.959063246847084,14.064273017541737,Round,Long Straight
14.015563659358092,13.569560216800319,17.7387652480868,13.907607186547297,Square,Soft Curls
14.596627930549735,13.165708720802076,18.54747218848821,12.662479883494644,Oblong,Curtain Bangs
13.110264580358525,14.672936638488236,17.28264199616182,14.198007406190507,Square,Soft Curls
14.814288016600978,13.686181758032717,17.19562780233354,13.95817215684428,Square,Soft Curls
13.994910437194672,14.975512956078681,18.32032675689032,14.341837054158322,Square,Soft Curls
14.658328451848114,13.888543339039876,17.670799579884736,13.871889063442097,Square,Soft Curls
13.891839411478978,12.144666241080113,18.083942086083717,13.48876104467319,Heart,Chin-Length Bob
14.205955625764066,12.623542983077227,18.487031906126624,13.377934636554587,Oblong,Curtain Bangs
13.733956916665605,13.867762321958221,17.463724833839215,13.677796241899715,Square,Soft Curls
13.801591224379855,12.582219224421763,18.918309868096035,13.48588448507275,Oblong,Curtain Bangs
13.518577820547119,13.200583878538326,19.14027199343867,12.871260840005226,Oblong,Curtain Bangs
15.202136354827967,10.31927661084427,18.442628480483016,13.422243489832866,Oval,Side Swept Bangs
13.59607201557844,10.877102686752995,17.940890009223605,13.391986395471735,Oval,Side Swept Bangs
13.687145103280569,13.742883387996944,17.69145240976366,13.632683723218525,Diamond,Tousled Waves
15.18215525271439,10.659072127406155,18.896306272174662,13.064445715450978,Oval,Side Swept Bangs
13.320788310115125,13.138447777405137,17.800605481721128,13.032420431665743,Diamond,Tousled Waves
13.993174608048422,13.737201027179095,19.02506666852376,13.774693987149385,Oblong,Curtain Bangs
14.281969463297736,12.912228354964157,19.657456405095,13.330609961097345,Oblong,Curtain Bangs
14.609840968349173,12.794022102870004,19.53348341741928,13.657974451289654,Oblong,Curtain Bangs
14.328353855257118,12.895793358662983,18.970475633664257,13.483087893736057,Oblong,Curtain Bangs
14.60477752517479,10.714023522639014,19.09663217635841,13.226358223438437,Oval,Side Swept Bangs
13.905773810584876,10.458557000470265,18.308431549081075,13.803061949844306,Oval,Side Swept Bangs
13.756951766049518,13.607203800781466,19.69689785100266,13.249578917969368,Oblong,Curtain Bangs
13.485781596707756,12.91589108933844,17.955573629988443,13.651329148685296,Diamond,Tousled Waves
15.14283914992886,11.473395192432507,17.14041171091047,13.603782006164195,Heart,Chin-Length Bob
14.244041161373776,13.482173719639539,17.69462460461471,14.414176381721518,Round,Long Straight
13.76757746627735,12.995261066792281,19.11176934179439,12.612671954865556,Oblong,Curtain Bangs
14.34786720524432,12.524122662133145,19.52553065908148,13.59620760268315,Oblong,Curtain Bangs
14.418409324289806,12.946811620463034,19.08269240917128,13.053257844717741,Oblong,Curtain Bangs
13.77524778024677,13.07806597960917,19.356764106422116,13.26620743704679,Oblong,Curtain Bangs
14.658934018138446,14.385258196625491,17.85516065592215,13.20577527909089,Square,Soft Curls
13.674280636806419,12.953638646686429,16.889496731486304,13.672125272238066,Round,Long Straight
13.626889943425322,14.034930271024335,17.210264464854944,14.530018761412713,Round,Long Straight
12.862697776029991,13.222247388670736,18.697573987276147,14.587162328447205,Diamond,Tousled Waves
13.708085006230466,10.332970263822336,19.109542306745283,13.409775398079335,Oval,Side Swept Bangs
13.121568755412904,12.625517798821695,17.755965105194807,13.025415222780572,Diamond,Tousled Waves
14.231474529933223,13.5588999079256,18.339891865675476,13.347962478313546,Oblong,Curtain Bangs
14.376071747368313,13.980893769792488,16.691445115189925,14.222278166467062,Square,Soft Curls
14.459298903360112,10.410967325882872,18.180924030775625,13.521982767269499,Oval,Side Swept Bangs
14.420518806432659,14.140679208981124,19.052656703139856,13.8269959241978,Oblong,Curtain Bangs
14.356829580441916,13.171197624874587,19.07145301687381,12.782534607987692,Oblong,Curtain Bangs
14.640637134752616,9.676691691922427,17.995425720467622,13.531253040760388,Oval,Side Swept Bangs
15.08737014382736,11.04586344580139,18.36316940353967,13.549698251105692,Oval,Side Swept Bangs
14.441055548288208,13.282764260347102,17.724941340777104,13.603704119875106,Square,Soft Curls
13.900882413412987,13.740789416118556,17.740638128459047,14.305881458273294,Square,Soft Curls
14.397473172734077,14.165534532914464,17.605413455793816,14.970113808964852,Square,Soft Curls
13.568534389590981,13.870085209969606,18.84393334391891,13.467647839045762,Oblong,Curtain Bangs
13.653518583048804,13.137707394794303,17.214809656648598,14.547684220278274,Round,Long Straight
14.405101511340591,12.998888394006157,20.868694417737597,13.707537716660202,Oblong,Curtain Bangs
14.59790562632508,13.07252933989459,18.669885330059845,13.14251242498668,Oblong,Curtain Bangs
13.868564708256237,12.833112872007291,17.697218085622616,14.114635529298305,Diamond,Tousled Waves
14.64734534497056,10.165426559514627,17.86119721960353,14.065239888362683,Oval,Side Swept Bangs
14.645820526003938,10.793747603948937,17.15494095722519,13.304758502901558,Heart,Chin-Length Bob
14.19613686796275,13.797790771282893,17.530143262095972,13.269979822575783,Round,Long Straight
14.085741044514744,14.73260611149226,18.20083726529993,14.208368288258026,Square,Soft Curls
15.02412286700003,13.805053346611007,17.486806591218862,14.044327206645201,Round,Long Straight
13.879889498161583,12.869207652226164,19.088615594194962,13.16862974061838,Oblong,Curtain Bangs
13.466243753465891,12.810581771886644,18.829099072701705,13.527416707118638,Oblong,Curtain Bangs
14.47506743372541,11.473293416340406,17.311042885765584,13.491229665575018,Heart,Chin-Length Bob
15.150305953809221,10.535807980864003,17.616800172254013,12.983872035713775,Oval,Side Swept Bangs
14.782952658269423,10.383841093879242,18.458298329316985,13.240717575671534,Oval,Side Swept Bangs
14.216354619550275,13.82398158421623,17.421698111778877,13.59181745134655,Square,Soft Curls
13.80866652977037,13.118668779867182,18.52117671959731,13.267512652424113,Diamond,Tousled Waves
14.93320010803436,13.7072566180764,18.00314399015901,12.942974913585594,Oblong,Curtain Bangs
14.065310211615083,12.823735092445958,16.914548327499947,14.23714940903833,Round,Long Straight
13.725765283415637,13.769216199213941,16.640813488615365,12.889651117482787,Round,Long Straight
14.931925651040757,12.024665714923335,19.087562414199873,12.410075075642768,Heart,Chin-Length Bob
13.744589026671827,12.470141822496204,19.08583187001333,14.089375062296611,Diamond,Tousled Waves
13.332475008409912,13.89201174591949,16.70917456176188,14.173470146982215,Round,Long Straight
13.540245329220554,13.848004768906764,19.114557198790283,13.558984675086199,Diamond,Tousled Waves
14.96670542597057,11.697921710372306,17.094346983080214,13.142506049601,Heart,Chin-Length Bob
15.018036728894097,13.677146768595964,17.46586867173941,13.91491986858094,Round,Long Straight
13.728897470452534,13.996664913093639,17.380936093049414,13.264709829470625,Square,Soft Curls
13.512403746171954,14.354794394196716,17.322177336741273,14.038603626395432,Square,Soft Curls
13.551107104218822,13.316907515092353,18.785999619061165,13.313895749999835,Diamond,Tousled Waves
14.44583101930186,13.503895501794268,19.50602526010242,12.709468253326703,Oblong,Curtain Bangs
14.599051685424831,12.414175976598731,17.76288581795246,13.714372142192316,Heart,Chin-Length Bob
14.220514306222793,12.973428965826644,17.87230031717897,14.273913815889411,Round,Long Straight
14.720193925747276,10.63668751048258,18.217717927660598,13.725480407655297,Heart,Chin-Length Bob
14.739984879233905,13.818536923248184,17.01093105543771,13.677913309575757,Square,Soft Curls
14.23277838948818,10.026003594865418,19.259861584193413,14.020930778423661,Oval,Side Swept Bangs
14.392812926555576,11.304549931097064,16.88934148457037,13.817364462579791,Heart,Chin-Length Bob
15.239182281703593,11.175933371028501,17.75389569912317,13.690521066127248,Heart,Chin-Length Bob
14.109714112841537,13.27487085929664,18.31841716286777,13.938562959848708,Diamond,Tousled Waves
13.61013582594236,12.646678164453034,18.57499440596487,13.63657265891289,Oblong,Curtain Bangs
14.31809929471911,10.261717104428838,18.18072588751502,13.431737705127958,Oval,Side Swept Bangs
14.919891541881977,13.151081700958459,18.586255839126128,13.259110834171693,Oblong,Curtain Bangs
14.801138015111583,13.717741905013645,16.9117850206675,13.770257210711295,Square,Soft Curls
14.55155605411882,10.74888925156437,19.093482678971448,13.066622774224665,Oval,Side Swept Bangs
13.536922565314367,13.812224303155315,17.86839174374692,13.383545838570978,Square,Soft Curls
13.69741506476917,13.670428208321642,18.00030968351299,14.294650814632693,Square,Soft Curls
13.801926120077612,13.697524725821424,18.07208752728187,13.270535953685602,Diamond,Tousled Waves
13.712360407330912,12.494329708519214,18.756248642569254,13.102618735153214,Oblong,Curtain Bangs
14.882932926920367,10.480339734703737,18.214113774146377,13.440446062880591,Oval,Side Swept Bangs
13.495748916518547,14.521868544446635,17.114382511089666,13.444723677085387,Square,Soft Curls
14.549546801431356,13.433481248940737,18.0997387891357,13.576230075832541,Oblong,Curtain Bangs
13.896384330047566,13.064298947886599,19.091420806790186,13.473660848823709,Oblong,Curtain Bangs
13.630072191173172,13.182244693292914,18.01359076174438,14.052400779073674,Diamond,Tousled Waves
13.418604546586728,13.870711412329607,18.510621472751048,13.399569115225544,Diamond,Tousled Waves
13.283888845827768,13.21861703195086,18.861141341935287,14.54063496427107,Diamond,Tousled Waves
13.314440837963106,12.85425485519351,17.700514831378474,13.97429775489905,Diamond,Tousled Waves
15.001447145034506,13.769346125391904,16.201958017572537,13.655613112530435,Round,Long Straight
13.500624743326856,13.076935847055331,16.78965301908079,14.208271816665814,Round,Long Straight
14.829829183069416,10.91030958201198,18.80998597925377,12.701358039199711,Oval,Side Swept Bangs
13.487184587902131,13.89913272377142,17.59291478263588,14.464391275632769,Square,Soft Curls
14.001335154378259,14.009000046441306,17.639331157550444,13.895576223917255,Square,Soft Curls
13.865000914966675,14.067828589001683,16.937784425321126,14.006658871206675,Round,Long Straight
14.469893039202962,10.992719487506976,17.851300728938398,14.201123531697013,Oval,Side Swept Bangs
13.895056591776838,10.211867125291516,18.93951488435974,13.90135910131091,Oval,Side Swept Bangs
13.619154804149293,12.78453287750221,19.138559018720784,14.145461301832214,Oblong,Curtain Bangs
14.563415901170439,13.851774826646752,16.276888684465405,14.067103402102328,Square,Soft Curls
14.669025196407233,10.320484786711003,18.00243992174907,13.551084606759897,Oval,Side Swept Bangs
14.012821298562887,11.222605539682686,19.392943339678983,13.751622052181412,Oval,Side Swept Bangs
13.866449311201487,13.15926548683244,16.96854472088328,14.848972208144872,Round,Long Straight
14.879995910466919,11.61839080725547,18.283591256022362,13.744482608516732,Heart,Chin-Length Bob
14.372964131637287,13.591701520233508,19.26269918674861,13.577586765148752,Oblong,Curtain Bangs
13.90319273516618,13.365823244715694,16.71155363156791,13.685226090211101,Round,Long Straight
13.747758601832139,11.031368084016524,17.334484722484685,13.234066425276895,Heart,Chin-Length Bob
15.27260906708274,10.410544373455762,18.64410088511415,13.596984053870528,Oval,Side Swept Bangs
14.634300699662017,13.202291906564772,16.870238956592267,13.968321532828913,Round,Long Straight
15.05847359856627,11.011253538596764,18.780843020124397,13.982818013308012,Oval,Side Swept Bangs
14.576151796696392,10.404527434886168,19.194411069149805,13.683149479725861,Oval,Side Swept Bangs
14.145781420231351,12.036034497297651,17.707220741312153,13.319634607383541,Heart,Chin-Length Bob
14.891140730635362,11.464470476386957,18.011294279223954,13.800872592171697,Heart,Chin-Length Bob
14.092959681071745,10.627524590312056,19.29469838667329,13.102508663854072,Oval,Side Swept Bangs
14.191357759132842,13.545868477059933,18.041152720306666,14.541063009416849,Square,Soft Curls
14.058586667005212,14.070204261930877,19.568708357474573,13.519639118942674,Oblong,Curtain Bangs
14.153982939642447,13.995639248726926,16.493496082642686,14.120086867458824,Round,Long Straight
14.160186739968202,13.771774749465493,17.755733168938328,14.653043159894754,Square,Soft Curls
14.274633306524484,10.45180232741635,18.020141510126102,12.768570596242677,Oval,Side Swept Bangs
14.345078103563917,13.96877820042688,17.541789502319787,13.522755968159695,Square,Soft Curls
13.725366654562889,14.052954581324665,16.979074590419742,14.036626020539977,Round,Long Straight
14.293909343571828,12.728594925634896,19.318697020785013,12.769746073529506,Oblong,Curtain Bangs
13.542169128613423,13.430241709363498,17.4275378828199,13.845936122918202,Square,Soft Curls
13.819833105255245,13.03458347120012,17.468653962122268,14.44269171162345,Round,Long Straight
14.402872057549764,11.259505397156351,17.51846859387032,13.329658441808018,Heart,Chin-Length Bob
13.620517604393084,12.836349573284007,19.44076896788149,13.364810185985476,Oblong,Curtain Bangs
15.308840915363051,10.353887124341453,18.289771793694296,13.323078185928068,Oval,Side Swept Bangs
13.343307067775292,12.955819363223164,18.355561426781108,13.865141222563443,Diamond,Tousled Waves
13.9934192315026,13.697046588146483,19.97870705455466,13.69530918834505,Oblong,Curtain Bangs
14.241916083096132,14.383147781942228,18.469340614208036,14.412882324926986,Square,Soft Curls
13.961892958933262,13.36266673502362,19.319384091926572,12.869297611772897,Oblong,Curtain Bangs
14.34346413331938,10.913761157198254,17.431096269449625,12.984312013876437,Oval,Side Swept Bangs
14.398052520915599,10.615055328635362,17.70471353060391,13.436107384535113,Oval,Side Swept Bangs
14.52020240509448,14.018441949589361,17.998945710245998,13.723831030202142,Square,Soft Curls
13.60276463386926,14.428980327657083,17.706746579336432,13.42145795140174,Square,Soft Curls
13.162663443384897,13.781358901142399,17.76783537120123,14.307596496888431,Diamond,Tousled Waves
13.575328850542492,13.493485258556857,17.122229845839332,12.96189959709014,Round,Long Straight
13.594352102603361,13.243557618359691,18.61842940623279,13.63033951799171,Oblong,Curtain Bangs
13.747323598522176,11.808637701907813,17.112903777732157,13.309318498384831,Heart,Chin-Length Bob
13.951395612926685,11.234598868194258,17.715368000145737,13.43800905498471,Oval,Side Swept Bangs
12.815386467784617,13.794343503031419,18.419613718750472,13.917865390381833,Diamond,Tousled Waves
15.228378880989972,10.532546683736014,18.631064613764707,13.540051482064571,Oval,Side Swept Bangs
14.740392344634955,11.252099596786469,17.704271533353694,13.872806502310366,Heart,Chin-Length Bob
14.110748621803307,13.922205835864673,16.79921893895706,14.788748866859455,Square,Soft Curls
14.179685296726916,12.030676044038568,17.902783379824406,12.85300498102591,Heart,Chin-Length Bob
13.93264586578578,13.295194294343984,18.878796640955127,13.761758115751586,Diamond,Tousled Waves
14.840930613475596,9.768513309351874,18.208306521128954,12.975239114367886,Oval,Side Swept Bangs
14.050016671538469,13.393633135700464,18.6805695874126,13.579608755362838,Oblong,Curtain Bangs
13.381336834126554,13.94543401436537,17.61692128627765,14.533253642314818,Round,Long Straight
13.644019894800774,12.413850723311391,17.26236533708069,13.95871768226323,Round,Long Straight
13.31890875401541,13.212113356360785,17.67767229190585,13.448082813571538,Round,Long Straight
14.06052983819098,13.605979459325141,16.804518723800346,14.347086366887405,Round,Long Straight
15.307820196682481,10.35517667324286,18.35927278955568,13.737208319034867,Oval,Side Swept Bangs
14.948670826997521,10.422487109918261,18.322744627181162,12.595410872374615,Oval,Side Swept Bangs
13.617672089756503,13.382834408930519,17.868459417328943,13.90124113618533,Square,Soft Curls
14.34442448393866,10.469950814194851,17.99101474922822,14.111620149051314,Oval,Side Swept Bangs
14.75071823176896,13.83991152264694,19.349057634954804,13.238196309765426,Oblong,Curtain Bangs
14.883294317137398,12.944830564283029,18.542185582724304,13.019574453819574,Oblong,Curtain Bangs
14.425986009197402,12.913241580716095,18.913714154128193,12.637259341327258,Oblong,Curtain Bangs
14.205929218363773,13.184047505240564,17.039389443052965,14.645641714509237,Square,Soft Curls
14.42552618789821,13.685519550396336,17.11300569225876,13.754018369307984,Round,Long Straight
13.424248463054514,13.31082307686473,16.24106805157246,14.149269210243487,Round,Long Straight
14.003973420131526,13.49117007832083,18.32179401251939,14.334723704939089,Square,Soft Curls
14.799071240581936,11.254783878963478,17.812656388415554,13.784116417547837,Heart,Chin-Length Bob
14.270979842675043,13.833602163803395,18.888586330969414,13.056627541535505,Oblong,Curtain Bangs
14.80582144108671,9.967679205080628,19.04497643693068,12.964094011343313,Oval,Side Swept Bangs
14.808000368521958,10.214245974893904,18.782017887538473,13.851913544338338,Oval,Side Swept Bangs
14.55264312877743,10.879996258202484,17.35691842221916,13.126785366792468,Heart,Chin-Length Bob
12.752317214402504,13.619146985828413,18.276472926305622,13.295897798445079,Diamond,Tousled Waves
14.816676756099486,12.936903467148829,19.12440535320408,12.934057393910122,Oblong,Curtain Bangs
13.361671353234115,12.678738904625474,18.761582232685207,13.592776810621983,Oblong,Curtain Bangs
13.592964357219389,13.252763637262403,17.2342199493006,14.471707834435165,Diamond,Tousled Waves
14.085663024916139,13.919483502612655,18.09808532875779,14.661094336257158,Square,Soft Curls
15.067555616016772,10.3747320468079,17.912722594922055,13.884715399426721,Oval,Side Swept Bangs
13.800152656298671,11.2525308683765,18.518547287563276,13.060524400684187,Oval,Side Swept Bangs
13.86714630442154,9.962495821054649,18.584542513789287,13.48451684890851,Oval,Side Swept Bangs
12.999494457202795,13.06844953407143,17.54987082971641,14.138954398217004,Diamond,Tousled Waves
13.442529492412378,13.060304963412756,17.589112423858907,13.70420584404631,Diamond,Tousled Waves
14.292608683549846,11.678393374282876,17.89833734755388,13.863947998013659,Heart,Chin-Length Bob
13.572053231693321,12.548681614815864,17.461635626366267,13.549648041739381,Round,Long Straight
13.04787538459939,13.184731769699416,18.370939723583092,13.591453793226107,Diamond,Tousled Waves
13.981365924023892,13.057710915182469,19.72955846033988,13.248438844110655,Oblong,Curtain Bangs
13.324255523387937,13.007862097763866,16.85641805648434,14.141907843365887,Round,Long Straight
13.644511257336548,13.246808668196591,17.808481563622053,13.643701930715457,Diamond,Tousled Waves
14.19668336857961,12.912066685253997,16.751711916715642,14.323338351975755,Round,Long Straight
14.269155510843833,13.396961920262994,16.77829256081511,13.354857395131797,Round,Long Straight
14.427145619021358,13.723376765584858,20.325704526418672,13.397155807794487,Oblong,Curtain Bangs
14.459137287419471,11.027226701324773,16.85708669680445,13.565780295572571,Heart,Chin-Length Bob
15.079242590101263,14.650996399062182,18.089953090861012,14.15063942252694,Square,Soft Curls
14.667630029928178,9.50400668655552,18.949953230741375,13.25414455035627,Oval,Side Swept Bangs
13.460735488901133,13.330655201529044,16.804705445744702,13.659835255098844,Round,Long Straight
14.488773309490295,11.217457936436125,17.86439283036407,12.759096443454466,Heart,Chin-Length Bob
14.384452784050087,10.934363937782978,17.48686687980478,13.549512021317144,Heart,Chin-Length Bob
12.998205817307145,13.076729890143893,17.255931681441837,13.30891518758217,Round,Long Straight
14.81178252831723,14.61605571588483,17.263803294427102,13.62443179252409,Square,Soft Curls
13.923981293502232,12.758755092824027,16.003026735189877,13.790154898018528,Round,Long Straight
13.412731211686117,13.235775159402998,17.920139427738704,14.473594807708906,Diamond,Tousled Waves
13.734718673626247,10.0182368037382,18.787921692929995,13.020009338682268,Oval,Side Swept Bangs
13.012846208570405,13.246510368455715,17.704435330991476,13.785866809594895,Diamond,Tousled Waves
13.461694508053876,13.056759607950026,15.954217294372972,14.09231544080108,Round,Long Straight
13.91160159937705,11.422686535233552,17.55269688836841,13.379896036294015,Heart,Chin-Length Bob
14.413919769863025,11.613095323017875,17.442939303238003,14.082392197388875,Heart,Chin-Length Bob
13.557528660205366,10.382930772750395,18.99325199042692,13.678788849008182,Oval,Side Swept Bangs
13.09741004105232,12.900787428119282,17.72740770793544,14.143805937949146,Diamond,Tousled Waves
13.635465564343805,14.116559824178799,17.65292214122603,15.232180004491639,Square,Soft Curls
14.338189823618107,12.894149666972902,18.23651708276939,13.144035947364104,Oblong,Curtain Bangs
14.426885583370604,9.589231776579982,18.082828718314115,13.60664725474516,Oval,Side Swept Bangs
14.238771973993451,12.02088202818546,17.02020582166545,13.808116266689106,Heart,Chin-Length Bob
14.946481190347152,10.856198983215826,17.582415783189866,13.613563170501095,Oval,Side Swept Bangs
13.477638513295087,12.779775102809616,16.776995892619375,13.565315896078054,Round,Long Straight
14.411335893130227,14.252283148088608,16.926430549315455,13.656523738371684,Square,Soft Curls
13.625304653111035,13.458267279552988,17.469084227377632,14.370420573402942,Round,Long Straight
14.005169851682851,13.845170304783784,16.608035002823776,14.68376710053733,Square,Soft Curls
14.261893351013512,11.09555326607368,18.61728446157821,14.301417838172878,Oval,Side Swept Bangs
14.759929724669366,10.757712854521605,17.500625786455508,13.398012497569766,Heart,Chin-Length Bob
13.372534873788862,13.30328436842786,16.312562532838715,14.024788559912873,Round,Long Straight
14.092078760943949,13.453975304697039,18.512332209493938,14.05786661706164,Square,Soft Curls
13.401776253189816,12.666129768712453,17.007884625375603,13.890478435853572,Round,Long Straight
14.22187036954235,13.422166259252695,16.39697312213642,14.864825042290935,Round,Long Straight
14.681804085647755,11.37750534535892,17.89712632512014,13.709789961290202,Heart,Chin-Length Bob
12.927138049047885,13.259253954006104,18.001064788765873,14.098873588755097,Diamond,Tousled Waves
13.635344934610268,13.664136066885986,18.370093180336255,14.652644631960086,Square,Soft Curls
12.974088740240122,12.119876476448104,17.775848040085428,13.136711549331363,Heart,Chin-Length Bob
13.085281851827597,12.84850886015555,17.888089573045498,13.299996440202415,Diamond,Tousled Waves
13.862441590467313,10.963785491262982,17.977925050732708,13.504281001168314,Heart,Chin-Length Bob
14.439801357415813,13.184106968605011,18.316170574120353,13.438429639875359,Oblong,Curtain Bangs
13.08621397534418,13.440695384449834,17.649181068812652,13.514891263084364,Diamond,Tousled Waves
13.812316518082573,14.337177997011786,17.607640745322193,14.035697719745993,Square,Soft Curls
14.787109110297237,12.560599963449228,16.472671128411413,13.476412891692384,Round,Long Straight
13.465378172397381,12.929821141893097,19.351316346875965,13.0233443585204,Oblong,Curtain Bangs
13.825579761210129,13.075942800297069,17.108941814307077,13.790276373623543,Square,Soft Curls
14.476048997337836,12.557863692414337,18.75819913901989,13.66482652949123,Oblong,Curtain Bangs
13.592298610758636,12.418883025672082,17.602018922699255,14.392677602430002,Round,Long Straight
14.266139074376847,12.608011955078865,17.715696645512395,13.631763106193212,Round,Long Straight
14.24926066153445,11.141425235839364,18.295278226861605,13.392843460604396,Heart,Chin-Length Bob
13.643671514266806,13.228899965237678,18.175621919503094,13.388147101206783,Diamond,Tousled Waves
14.749416442859067,12.750650565076395,17.179566426923966,14.211935558392279,Round,Long Straight
15.010758105305342,12.241596536826934,17.743409229412098,13.73710653949497,Heart,Chin-Length Bob
15.290183992274601,11.47691744744476,17.270570648131702,13.293630604819624,Heart,Chin-Length Bob
13.885304732261735,11.706854477168426,18.355089685997193,13.421325616031012,Heart,Chin-Length Bob
13.528074523098434,13.607697835731555,18.072431627185534,12.65862360878659,Oblong,Curtain Bangs
14.397081043362624,10.57429473167685,18.750103931394186,13.460493549812067,Oval,Side Swept Bangs
14.123074746149708,13.224916997038804,18.730984481207813,14.23556301627787,Diamond,Tousled Waves
13.836460174943813,10.40567661956832,19.749208060137512,13.284296580968695,Oval,Side Swept Bangs
13.474631225057697,13.58187522262109,16.75036377884378,13.621456372659685,Round,Long Straight
13.755368445286779,14.735815469292966,17.447334752989992,13.348866314770293,Square,Soft Curls
13.726365270291243,11.356357423231762,18.37092943127203,13.661823371303607,Oval,Side Swept Bangs
13.620770426822512,14.151215636841645,18.2657193814193,13.69318568515782,Square,Soft Curls
14.39906141919641,12.662657661950867,20.044249743047278,13.352092427899098,Oblong,Curtain Bangs
13.608851106384463,13.343567827940793,16.730131866045138,13.790371824549393,Round,Long Straight
13.362237538845646,11.459664568590394,17.742141899396604,13.716876745142052,Heart,Chin-Length Bob
14.242988151751762,11.105508676489297,17.809376265379953,12.698410939552815,Heart,Chin-Length Bob
14.267059891152599,12.4850982136992,19.5760748929484,13.51097920663681,Oblong,Curtain Bangs
13.115655189769008,13.446085228433358,18.277164426147596,13.357732225694477,Diamond,Tousled Waves
12.783476637453274,13.656076445356288,16.591619432227017,14.574344080134749,Round,Long Straight
14.493845875682753,10.193720879301585,19.558040375010044,13.7188659669519,Oval,Side Swept Bangs
12.80953866900556,11.25528277979956,17.108899465279098,13.092301116800343,Heart,Chin-Length Bob
14.416182105293819,11.697505162017816,17.94635576307337,14.002494705608115,Heart,Chin-Length Bob
13.701747828856245,13.414024933768946,18.321397426498834,14.479876662199787,Diamond,Tousled Waves
13.658328648962025,13.347419235264143,16.050085157301005,14.554765632145395,Round,Long Straight
14.447216324216155,13.054815085980568,17.60693694962587,13.522937897475288,Heart,Chin-Length Bob
14.435884623225236,12.780951846945044,19.180445956824613,13.262709400833435,Oblong,Curtain Bangs
14.343430106655191,12.128212198423332,17.353369263984572,13.613257710735024,Heart,Chin-Length Bob
15.148205174604461,11.139402291701124,17.662232831583847,14.616877099999547,Heart,Chin-Length Bob
14.725409574462631,10.271080389592054,18.973513796238613,13.258666776206864,Oval,Side Swept Bangs
13.01824021515234,14.193242998114151,16.441151662296186,15.258858018204716,Round,Long Straight
13.279488822357063,13.992401034014483,17.54950917013999,14.352156002387552,Diamond,Tousled Waves
14.416292076780028,13.536099643849612,19.496771730166166,13.059232272660646,Oblong,Curtain Bangs
13.658799699807945,13.19012282138275,19.11011056214865,13.069131030322268,Oblong,Curtain Bangs
14.609457085725435,11.684654293796646,17.350174205943357,13.67146076475741,Heart,Chin-Length Bob
13.856317424735156,13.614002020510453,17.92114855170754,13.629638003778453,Square,Soft Curls
14.273413424255487,11.549123796161568,18.512790995691983,13.573451318273495,Heart,Chin-Length Bob
14.227976793035657,13.825704921051722,17.477142694573363,14.000604785290369,Square,Soft Curls
14.329836150542222,13.094719417920581,19.68983292240525,13.106844302251703,Oblong,Curtain Bangs
13.701042172908265,12.954415262437267,17.646718618114726,14.116553854287234,Heart,Chin-Length Bob
15.193408667828457,10.851685801437588,18.385793271726094,13.60235795312128,Oval,Side Swept Bangs
13.16711053113319,14.50751890257338,16.563587813822053,13.893802044929737,Round,Long Straight
14.527729070490212,11.454679532748905,17.479016833644515,14.155900334057016,Heart,Chin-Length Bob
14.425131815111934,14.151774038821504,17.31250492397863,14.56774514683449,Square,Soft Curls
14.253155067974985,11.101774342091254,18.567426326819927,13.981560361636925,Oval,Side Swept Bangs
13.927982334697019,14.01995825921399,18.14577364792446,15.143290144164412,Square,Soft Curls
15.196583846433178,11.972742311218388,18.1132498924955,13.234258629856685,Heart,Chin-Length Bob
14.617547056261483,11.030784426231873,18.00458813234185,13.693312815219873,Heart,Chin-Length Bob
13.584970916678047,11.531595580336685,18.024484445444283,13.439421978233517,Heart,Chin-Length Bob
14.35695261548316,12.687583654718697,18.591670759190457,13.644998888668187,Oblong,Curtain Bangs
14.482685886357347,11.690049448299575,17.535180687489603,13.489449650589306,Heart,Chin-Length Bob
13.328854852493492,10.812002070359911,19.56396902284385,13.05886247689184,Oval,Side Swept Bangs
14.01379160537239,10.649937894746564,19.36776681598729,13.486243793078055,Oval,Side Swept Bangs
13.406819565489897,13.872548363717021,16.989253544433115,13.684736757099882,Square,Soft Curls
13.348978806568535,12.85585418637432,17.839927883242144,13.887346442940474,Diamond,Tousled Waves
14.580843337678544,10.761942967407961,18.01507231950016,13.294859072262378,Heart,Chin-Length Bob
14.508659947826043,13.513811438202298,18.71173059289539,13.48417961943455,Oblong,Curtain Bangs
13.590131873165099,14.678857608094873,17.107603114373866,14.205229640004765,Square,Soft Curls
13.392644406167816,12.823356415837432,18.66523217731999,13.550740706980077,Diamond,Tousled Waves
13.494939604004365,12.087913752758903,18.540194794500067,13.775312171513951,Oblong,Curtain Bangs
13.934694656719365,12.934056047999903,18.03826325617611,13.623675766165883,Diamond,Tousled Waves
13.816058944096312,10.094014220527248,19.078368098551955,13.68969143615408,Oval,Side Swept Bangs
14.624152832422954,9.939477492592474,18.56124888537366,12.560752009569542,Oval,Side Swept Bangs
14.252505977619965,13.626641796904918,16.323140248491327,14.837432872327433,Round,Long Straight
12.899695467270707,13.764875577590315,17.249210515853346,13.396454412429954,Round,Long Straight
13.448808478215774,12.593295115572257,16.823074081009352,13.32895973315377,Diamond,Tousled Waves
13.504361427289554,13.82284365186772,17.011522428148016,14.069098257244372,Round,Long Straight
14.018136655265247,11.232331077806041,17.340045992290154,12.886198700852182,Heart,Chin-Length Bob
13.70378185246952,14.0215258599805,17.223748615989173,13.86068587543147,Square,Soft Curls
14.498043858658189,13.014991302845768,18.30200809578171,13.464805131741016,Oblong,Curtain Bangs
14.318336372035885,13.337900755358962,19.319173575608943,13.423983325811559,Oblong,Curtain Bangs
14.501237566296156,11.430221692908024,17.74739165241769,13.251299131594992,Oval,Side Swept Bangs
13.825784097505293,13.253647303463316,18.59493732272062,13.933889215176817,Diamond,Tousled Waves
14.623121407927973,13.452185526336024,18.205789862194443,14.622118234858544,Square,Soft Curls
13.20003211024589,13.815929822746996,16.95770091808519,13.715864816623442,Round,Long Straight
12.852300617677004,12.980884781114925,17.323738623548632,14.432507172046567,Round,Long Straight
13.882715059457203,14.412201098622655,18.002110199524566,14.104294756937481,Square,Soft Curls
13.64368369666461,14.21439324184341,17.76711166701272,14.368875165274991,Square,Soft Curls
13.787556770775241,12.695224446097319,17.971664426122004,12.92290854198991,Diamond,Tousled Waves
14.330157473634578,13.870604539001299,17.738307986707103,13.273663699663778,Square,Soft Curls
14.635700494420053,13.353879974506455,17.91457878525904,14.085601677449981,Square,Soft Curls
14.1276439907142,13.104766843805534,18.663191497722888,13.744465266003848,Oblong,Curtain Bangs
13.467733867670924,12.72971621485839,18.033590481543214,13.913645237604266,Diamond,Tousled Waves
14.280701886177273,13.187521739401287,16.716614904815152,14.033724165610423,Round,Long Straight
14.57281008969196,12.677059376659416,19.25664073452072,13.072105218864719,Oblong,Curtain Bangs
14.323594406584121,11.274259994019042,18.386708340785216,13.790536018309862,Oval,Side Swept Bangs
14.848406632800893,10.001530921119102,17.418232642208825,13.817189381421823,Oval,Side Swept Bangs
13.474924457242123,13.106656985144832,18.04359591901801,13.506119532705435,Square,Soft Curls
13.620237700032508,15.02119696125602,16.666297399644975,13.385442087062241,Square,Soft Curls
14.272026379748732,11.384793915284122,17.358460525464263,12.918346529717143,Heart,Chin-Length Bob
14.594527584527905,13.62888585242975,17.263828093821058,13.952668166679924,Round,Long Straight
14.614904008935955,12.002085781192008,17.30626567178481,13.608378200591202,Heart,Chin-Length Bob
14.83690205953354,11.091535826863115,19.646171700318575,13.515176468668539,Oval,Side Swept Bangs
14.513133830459692,12.57732655866949,18.313384782154554,13.65567678876634,Square,Soft Curls
13.868518206625042,14.21441974640892,17.438707758413912,14.12559827624318,Square,Soft Curls
14.634358142472323,13.29964236162474,16.44901449386402,14.936844077732564,Round,Long Straight
14.723517375399023,12.522654720688063,18.252878884224447,12.838392859757048,Heart,Chin-Length Bob
14.282684438545077,13.464583824333031,17.52120225030013,13.986931515842278,Square,Soft Curls
12.991200135595882,13.081611970939417,18.053265941095763,14.14216993058324,Round,Long Straight
14.398460420132743,11.198780493370156,18.26937820908621,13.450328585880225,Oval,Side Swept Bangs
13.834585510785212,13.05201693286794,17.855356660488468,12.749325797043243,Diamond,Tousled Waves
13.543625522451798,13.484536785385139,17.598702548984964,13.714484872307956,Square,Soft Curls
14.27232782537023,12.808239608452073,18.910898605701256,13.958326492401563,Diamond,Tousled Waves
14.234036653286962,13.874612227660753,15.89772433692837,14.016073375124371,Round,Long Straight
14.097158938087917,12.768852436674637,19.23290697520175,13.905496138843766,Oblong,Curtain Bangs
12.45020260249002,13.223208119845848,16.37161034284663,14.058115891622016,Round,Long Straight
13.829028501098954,13.663622851980135,17.870962766700337,14.85912523671585,Square,Soft Curls
15.184729524909626,13.118840468232815,16.091358542452497,14.304031895715738,Round,Long Straight
14.881516543836112,13.52673400251122,19.828070701607366,13.163285029722882,Oblong,Curtain Bangs
13.234394313230839,13.243571618669167,18.059845231621146,14.175022521018736,Diamond,Tousled Waves
14.926274345201394,12.062692181588064,18.073200128149697,13.599161399426967,Heart,Chin-Length Bob
14.846023008717376,10.478326167215307,17.920503587863006,13.505438530406146,Heart,Chin-Length Bob
14.29623476469214,13.17583242345213,19.218493686989767,13.029858480236047,Oblong,Curtain Bangs
14.680073138465438,13.394348725109186,19.072562839185622,12.982882883881672,Oblong,Curtain Bangs
14.548472455645076,13.290403495282012,18.602248728481047,13.227807246207469,Oblong,Curtain Bangs
14.77034717772777,11.801438768923857,18.06119717225556,13.524854225732538,Heart,Chin-Length Bob
13.847717852430124,13.660086954350307,18.584810210425218,13.563781605291112,Diamond,Tousled Waves
13.486830855354,13.696107937936533,18.519204839669808,14.169028493942566,Square,Soft Curls
15.097617407689688,13.163150323768564,18.860027039476567,13.221159162503636,Oblong,Curtain Bangs
13.938095504478106,13.57523824220908,16.928274640802634,14.280933238205376,Square,Soft Curls
14.361233521826279,14.73889954321488,16.767325301207844,13.84397768950321,Round,Long Straight
13.620839540898752,14.57465549852444,17.9353078417222,13.5787178573716,Square,Soft Curls
14.032973386067537,10.85460618467378,18.727167606946587,13.79202169708028,Oval,Side Swept Bangs
14.078392587912266,10.523191931295706,17.36801876565081,13.813392198893713,Heart,Chin-Length Bob
15.091174114080427,13.04274626690226,20.17555485570261,13.566605975998643,Oblong,Curtain Bangs
13.62353863034334,13.293274413217011,19.44276918711733,12.322482274778205,Oblong,Curtain Bangs
13.704692865434385,13.635937077294468,18.41842685903404,13.820747687870382,Diamond,Tousled Waves
13.73181395857413,13.377423725080062,16.405617357074185,13.67502746071577,Round,Long Straight
14.032505100273035,13.25413213271785,18.705360440407073,12.91729531357059,Oblong,Curtain Bangs
14.209941474051137,13.683637753762492,16.71590686466541,14.277333337852404,Round,Long Straight
14.017190882743492,13.234498867918111,19.50041590486897,13.018722345241276,Oblong,Curtain Bangs
13.433406356225955,13.905951745299014,16.818221550209994,13.884150008863893,Square,Soft Curls
14.353980117076176,10.214872224574508,18.08340078064295,13.391441859032245,Heart,Chin-Length Bob
14.4263351856592,13.604745217090537,17.337137681559792,14.622309080537672,Round,Long Straight
13.919620933980816,13.981885694040166,16.710495773063176,14.657039316486621,Square,Soft Curls
14.41349974107221,10.071253153649334,18.93656892631497,12.61063584745432,Oval,Side Swept Bangs
13.780601638934472,14.460255073176542,17.292932388287063,13.659733200686775,Square,Soft Curls
14.291955602756653,10.453628695777027,18.177476999036134,13.420431477766654,Heart,Chin-Length Bob
13.360873475193934,13.101027925329252,18.22926591480055,14.170302548047509,Diamond,Tousled Waves
14.185183216542116,12.67983056891076,19.293055498079607,13.440007587625155,Oblong,Curtain Bangs
14.576491277183495,12.076981974255245,17.828794599664793,14.018735158212692,Heart,Chin-Length Bob
14.638611243223858,14.288720958436661,17.13385922958817,13.958873232314545,Square,Soft Curls
13.927613157643286,12.64495313435036,18.029660914291313,13.683281566588517,Diamond,Tousled Waves
13.57693128553095,14.44161137134172,17.71061789795129,13.663230133284197,Square,Soft Curls
13.690089816789374,13.141943303094026,17.784726975896593,13.502455840473917,Diamond,Tousled Waves
14.681999149680744,12.005299799520088,17.56559201672355,13.743915780569344,Heart,Chin-Length Bob
14.631313737446556,12.854694521080457,17.15199289643931,14.44099050733874,Round,Long Straight
14.43892561032009,10.968921578269473,19.793561754101262,13.62514416448417,Oval,Side Swept Bangs
13.3754002575368,13.56329729107323,18.63630319301113,12.619762793777358,Diamond,Tousled Waves
14.481172213969872,11.303582000547575,18.015237203940643,13.386124915492687,Heart,Chin-Length Bob
14.171314522809375,12.873878136069315,19.375585448342694,13.881992567998608,Oblong,Curtain Bangs
14.09445581295654,10.776110511906616,17.82351399772552,13.466109281786363,Heart,Chin-Length Bob
14.42071489502703,12.86979094616286,16.7165278633602,12.938327057115728,Round,Long Straight
14.782880452336482,13.30748888338138,18.753826881632815,12.744111725504203,Oblong,Curtain Bangs
13.406278528101149,14.200298312800712,16.949516010396458,14.078496968098637,Square,Soft Curls
14.867733347164943,13.318277824630655,16.510160809355675,14.214635089005608,Round,Long Straight
13.921395300784782,12.416232593045539,18.527707364255143,13.400418457813446,Heart,Chin-Length Bob
13.360482821213532,13.278505340887115,16.83459598688936,14.215422114418606,Round,Long Straight
14.958250441930213,10.965820500759127,18.327837053453248,13.779420654844424,Heart,Chin-Length Bob
13.994309260395664,12.786864906311106,19.054681192735174,12.84450489117141,Oblong,Curtain Bangs
14.345229319976871,12.923364832638658,17.245572527832266,13.981228858776019,Round,Long Straight
13.533068666459114,13.442788934130837,17.504952020070746,13.420375581585636,Round,Long Straight
13.60917779912444,13.11267763203394,16.959856155543587,13.67646180130924,Round,Long Straight
13.466455025344803,12.799157508905909,19.84437186796555,13.343757872618392,Oblong,Curtain Bangs
13.929323987377348,13.351331700686773,16.953517193030443,13.805050159618272,Round,Long Straight
14.751836371861906,10.513899941867427,17.81417225156382,13.589105196102189,Oval,Side Swept Bangs
12.560039318568752,13.705637250075304,16.29189231503576,13.973439602061434,Round,Long Straight
13.423026998456296,13.983804355218965,17.813926122143656,14.791182598994174,Square,Soft Curls
13.261034020038267,14.4955944128017,17.584644958592524,13.795896844395832,Square,Soft Curls
13.747973455383647,13.113179350146678,18.575080465686444,13.365914647840107,Diamond,Tousled Waves
13.225610113472221,13.55090873306967,18.95256337230319,13.833792876452106,Diamond,Tousled Waves
12.67893242160297,13.877582841660148,17.534019058310285,13.906911541635516,Square,Soft Curls
13.99287790851195,13.25248962755757,17.38745757444559,13.433263296204473,Round,Long Straight
14.725024716063857,13.813426711411406,18.520464472144386,12.900299380435001,Oblong,Curtain Bangs
13.61702716286099,12.760147365405265,17.98018202683178,14.389808335237552,Diamond,Tousled Waves
14.515924740972885,13.980881114264138,19.082994123672275,13.01601002207586,Oblong,Curtain Bangs
13.846729991963167,13.418494316467546,16.912129835830278,14.009892396231566,Round,Long Straight
13.342810700253896,13.638669271653868,16.29223030219434,13.660243409660616,Round,Long Straight
13.759520424422723,12.345632186048332,17.35340525870641,12.986029474210453,Round,Long Straight
14.487435975567744,12.706626565250058,18.784196555776006,13.447865650372439,Oblong,Curtain Bangs
15.48848411961267,11.572486755926688,16.804273120196974,13.94229993901927,Heart,Chin-Length Bob
14.109853713386768,13.237162466066966,19.283893304493173,12.398959126909698,Oblong,Curtain Bangs
14.490074877443957,10.309684530142276,19.219731674031667,13.779446596189016,Oval,Side Swept Bangs
13.525543975374244,13.701514818206622,19.227664445878517,12.658131807304231,Oblong,Curtain Bangs
14.230340595726982,13.612827267462722,18.364249631111363,13.775950004257568,Oblong,Curtain Bangs
12.895720886793988,12.907103036281388,17.75883146185519,14.523932744024778,Diamond,Tousled Waves
13.568752111218654,12.90355840529575,17.195626383734496,14.355485890729168,Round,Long Straight
14.787946833504567,11.368439035170063,17.942878892373752,13.164802086300554,Heart,Chin-Length Bob
15.329226441635129,10.931287719525953,19.138163358678405,13.806386977293926,Oval,Side Swept Bangs
14.424671721486959,12.72548799403953,19.32304675500532,13.293132676936034,Oblong,Curtain Bangs
13.936804438007385,13.500371124092226,18.492909935896833,13.027701181507533,Diamond,Tousled Waves
13.774836862072332,13.211292699838696,17.101652703395164,13.812246561431579,Round,Long Straight
14.35612744863709,11.752746317526457,17.59339608606695,13.53894101731962,Heart,Chin-Length Bob
13.570606441204315,12.88587365992771,19.33485033269024,12.77930295909406,Oblong,Curtain Bangs
15.052576413147506,12.02392101407646,17.67681736364513,14.93362448299109,Heart,Chin-Length Bob
14.72764447444591,12.84037041975624,19.38162927551774,13.274634157664126,Oblong,Curtain Bangs
13.618277967376049,13.419352717847634,18.02756158381223,13.720860019183668,Square,Soft Curls
14.435796759351081,11.026587227536625,17.4325573913757,13.41847157289077,Heart,Chin-Length Bob
13.608584080657035,12.240175637740403,18.230662051789672,13.486227088807023,Diamond,Tousled Waves
13.988933218826684,14.292807295886496,18.04572367935207,13.009125720802706,Diamond,Tousled Waves
14.535917311886129,11.403119434662925,18.816654775076827,14.287872584694135,Heart,Chin-Length Bob
13.787546157619065,12.9830066016553,18.555532610753435,13.980445428955624,Diamond,Tousled Waves
13.944170304978538,12.702405956755252,17.496089058445374,14.07629426428339,Round,Long Straight
13.768766922069924,13.189792249195525,16.591943657206837,14.181967639156037,Round,Long Straight
12.923789970207714,13.896730731329807,16.465006947019706,12.983241367260979,Round,Long Straight
14.832352580639098,13.530809530446033,17.147076087297307,14.603543166263266,Square,Soft Curls
14.847553271276707,13.175682164595669,17.02707891667086,13.575791224461051,Square,Soft Curls
14.957000066632332,11.12927238454412,17.867629163466326,14.05593101958729,Oval,Side Swept Bangs
13.910020979371696,13.340806426339661,18.334453153664786,13.202862545851348,Oblong,Curtain Bangs
14.430896135537825,10.347501414290452,18.728210031390965,13.082177891108058,Oval,Side Swept Bangs
13.83685504229444,13.380419689827379,19.69088934617873,13.24074334300297,Oblong,Curtain Bangs
14.078657209571386,13.880747542043476,17.383380967973654,13.540822742494546,Round,Long Straight
13.618138676073471,13.619214533050716,18.506373349641112,14.284426460514796,Square,Soft Curls
14.694477823472818,11.703917839376421,17.14111383619001,14.419530155691962,Heart,Chin-Length Bob
14.70174214472369,11.891724093747566,16.914769008452197,13.857929270129901,Heart,Chin-Length Bob
14.30760885933924,9.944423294031642,17.941920846928127,12.97849562795799,Oval,Side Swept Bangs
13.670133225708682,13.233518861912017,18.79361971472401,13.377138239067586,Oblong,Curtain Bangs
15.329817070884019,10.421768456954345,17.183594229119983,13.389799994587992,Oval,Side Swept Bangs
14.70682454858156,13.176488071161842,19.788098154581988,13.42256927118554,Oblong,Curtain Bangs
13.122316098657638,14.039978965314202,17.66969027749687,14.575937709875566,Square,Soft Curls
14.831297290746955,14.45994698274428,17.743264464264684,14.370018400293425,Square,Soft Curls
14.136622124627264,12.640415063072469,19.015891869301946,13.389070383905233,Oblong,Curtain Bangs
13.203431601753435,14.16997320073197,17.46861288023559,13.329810906301253,Round,Long Straight
13.975233197357484,13.086315127954705,17.839639885351602,14.37844457153942,Diamond,Tousled Waves
13.443856672344976,13.905532656934758,17.80306676908801,13.004517036771343,Diamond,Tousled Waves
13.676700372102852,13.896590193422144,16.526875969443736,13.350830035384677,Round,Long Straight
14.302872044992878,12.640099955858481,19.153532502321756,13.119281778810524,Oblong,Curtain Bangs
14.41408909513699,12.671190625684721,19.668119090987624,13.179509564183217,Oblong,Curtain Bangs
14.33787874823975,14.487387303819553,16.923866356390008,14.475008613765525,Square,Soft Curls
12.928559356300367,12.69226555041002,19.18784125967957,14.394366894481163,Diamond,Tousled Waves
15.075512282318352,13.065813605666662,19.04751670221473,13.45100876747573,Oblong,Curtain Bangs
14.476842490164678,11.118610698586075,17.357269876810886,13.58366887049334,Heart,Chin-Length Bob
13.760151056931601,12.783691306772072,19.198624041327356,13.21309401010454,Oblong,Curtain Bangs
13.814485126367568,13.043045205815627,17.936600402883567,14.057939971821442,Diamond,Tousled Waves
13.601779763724704,13.636024375964997,17.200254744968568,13.918666122898,Square,Soft Curls
15.293645402532775,10.786774168424795,18.472683579185443,13.837639208558606,Heart,Chin-Length Bob
14.623739488777236,15.090780128528074,17.67622388708588,14.488926282038783,Round,Long Straight
13.826589828532295,9.999051408357971,18.71365533777147,12.804320876275895,Oval,Side Swept Bangs
14.135952943642627,12.409034060667961,17.540159675390345,13.859595420961288,Round,Long Straight
14.260012472868263,12.918588105715177,18.00899392641542,13.721342807509615,Oblong,Curtain Bangs
13.963933176230789,13.070293199189221,18.547747181862594,13.659856034513425,Diamond,Tousled Waves
13.571196315796513,13.482454107419684,18.495222633504824,14.506354220003194,Diamond,Tousled Waves
13.65760003408318,13.211154985241395,17.848032729934445,13.617032126116657,Diamond,Tousled Waves
14.894249609434274,9.872800856135658,19.15158430127994,13.37404419631952,Oval,Side Swept Bangs
14.107758963739231,10.933086065220728,18.156553682947383,13.472902661721962,Heart,Chin-Length Bob
14.872419653034948,12.718202538386505,18.694280090205755,13.214216939789031,Oblong,Curtain Bangs
13.43503771903897,13.498213520822983,17.134367628254797,14.26633755220221,Round,Long Straight
14.592565655118163,12.832004879259507,17.14326554030026,13.695501690116318,Round,Long Straight
14.703087216992792,10.64611854228349,17.922447247721305,13.12474976134482,Oval,Side Swept Bangs
14.082744034560644,13.507007090392477,16.871652248335092,14.353874349331083,Round,Long Straight
14.513458519894595,13.003749347105147,18.552127723769427,12.76717746948025,Oblong,Curtain Bangs
14.503614497104424,9.904269558572935,18.560500173368368,13.97635551375594,Oval,Side Swept Bangs
14.320650301355448,11.229072460990515,18.83013899379297,14.211821978601078,Heart,Chin-Length Bob
13.623937755496469,14.055464968967607,17.685933865517363,14.12927019257043,Square,Soft Curls
14.967037913351781,13.24390679139342,19.11748295124006,13.512657887306013,Oblong,Curtain Bangs
14.430448141010825,13.971715544427108,17.240883999614667,13.235495381273903,Round,Long Straight
13.570227668189832,13.911952729437266,17.10069407031883,14.438706483163173,Round,Long Straight
14.787876657323773,12.896362019848416,17.53317994998724,13.855224624823604,Round,Long Straight
14.957275794108227,10.457084120433553,19.751371826870567,13.539392729950206,Oval,Side Swept Bangs
14.164602620625107,10.641535195599145,18.692365874984915,13.94469568222167,Oval,Side Swept Bangs
14.712161199759553,11.463668827839935,18.436670265438277,13.447031677489496,Oval,Side Swept Bangs
13.699022641660388,14.02739591333135,17.635875861678702,14.16878119572004,Square,Soft Curls
14.513175167903293,11.190336743809238,17.364608735357475,13.298136022531898,Heart,Chin-Length Bob
14.4056461086534,14.185325225599659,16.941169399718337,13.546847686349144,Round,Long Straight
13.943234946090639,15.082913959023113,18.029650942489447,14.306105133305756,Square,Soft Curls
14.923032611837666,12.32182657552928,17.22658060110906,13.289960226083045,Heart,Chin-Length Bob
13.985542147696972,13.438523048047724,19.077454558797523,13.538512232463129,Oblong,Curtain Bangs
13.994687108552544,13.744077960843104,18.95836970542584,13.514906372313638,Oblong,Curtain Bangs
13.911318232319744,13.614562505381887,18.399726633310525,14.251395729433336,Diamond,Tousled Waves
14.713286408494929,13.756377519717326,16.62311639652352,14.316067040201801,Round,Long Straight
14.468034013336345,9.534307283960217,18.773450909009455,13.533990238278156,Oval,Side Swept Bangs
14.69133742891956,12.917917941218672,18.212871137148518,13.313929444896763,Oblong,Curtain Bangs
14.678019283992207,10.511109382719662,18.514265090518407,13.057370991133888,Oval,Side Swept Bangs
13.74924817807226,13.31786159067524,17.501407178288755,14.213282026739336,Round,Long Straight
14.090554336219867,13.881093308393703,18.85478811383747,13.462639373877428,Oblong,Curtain Bangs
14.402823919715205,11.1260803156423,18.553118113699615,13.533895177147599,Oval,Side Swept Bangs
13.74875952918218,13.595069430298551,17.56321121728252,14.448653345669022,Round,Long Straight
13.994276668644305,14.877524199657424,17.965048669207064,13.802258353510346,Square,Soft Curls
13.628851111082277,13.048372049293988,19.20888845137627,13.477702628234326,Oblong,Curtain Bangs
14.776243613412978,12.783814923362755,18.76642727438046,12.799386502464444,Oblong,Curtain Bangs
13.134154140838065,13.175720047021962,17.157325132995553,14.41109158444518,Round,Long Straight
13.809785400757615,12.89487695842379,18.07060251252868,13.331384291164728,Oblong,Curtain Bangs
13.188428832757808,13.817894388984616,18.423805266780782,13.767116584626539,Diamond,Tousled Waves
13.938468954610704,12.628037574698089,18.284410865965835,13.011690217656644,Oblong,Curtain Bangs
13.65463058642813,13.456573358448907,17.710761302655634,14.287520416538586,Square,Soft Curls
14.01489796928534,13.963344445548223,18.087778647378375,13.2716916612024,Oblong,Curtain Bangs
13.70841060027517,13.214951061713535,16.638702038763483,14.018390566215471,Round,Long Straight
13.378423722317688,13.055304666289883,17.583897113678113,13.060015851266597,Diamond,Tousled Waves
14.086148463324314,13.053401198766982,18.892090040415294,13.207948882180737,Oblong,Curtain Bangs
13.26704905460987,13.121906820750867,17.802752016857443,14.595789235103567,Diamond,Tousled Waves
13.410491309840115,13.30637741046548,16.625970821455024,13.648258397324254,Round,Long Straight
14.493702367077303,11.45741858340157,17.579490378236112,13.342586135627226,Heart,Chin-Length Bob
14.124714376994755,10.634275092691594,19.709194059328816,13.135328972676518,Oval,Side Swept Bangs
13.610752109355667,13.217413451772702,18.551040979582748,14.191493871949607,Diamond,Tousled Waves
14.590111140963243,10.457644226594198,18.246933167849196,13.179510137518207,Oval,Side Swept Bangs
14.438072586018645,9.95970202228468,18.153308154670157,13.932133238892268,Oval,Side Swept Bangs
13.870961290964518,13.949212650380717,17.69483436214969,13.93258582027856,Round,Long Straight
14.29382455308715,13.092430855586436,18.57260144662284,12.88525340575698,Oblong,Curtain Bangs
13.779211243019217,13.278155544875196,19.13012960957781,14.326034856414612,Diamond,Tousled Waves
13.445620300883439,13.922595542367311,16.830010513161366,14.635840985557715,Round,Long Straight
13.753943253511919,13.428552040768038,17.109336917195673,13.646107934683126,Square,Soft Curls
14.097851934966805,11.20991742778566,18.249347759736924,14.350625317823106,Heart,Chin-Length Bob
13.138567718472101,14.137868910558076,16.745888503676717,14.197418258548792,Round,Long Straight
12.84264751975822,13.39520541264008,17.236537942154005,14.004360781384921,Diamond,Tousled Waves
14.60016699022835,11.611716408469148,17.439299869394024,13.74638087936568,Heart,Chin-Length Bob
14.683504151087893,10.389586573228867,18.896705043930893,13.448646360522297,Oval,Side Swept Bangs
13.661311522693193,13.154017961540386,18.328874459880456,14.131828547806109,Diamond,Tousled Waves
14.040329553712356,12.72958596232481,19.137643580603093,13.704028393996275,Oblong,Curtain Bangs
13.97381448173228,13.656944634294138,16.958121861863926,14.394807570582017,Round,Long Straight
13.894290019452265,13.743485815779483,18.084176002552635,13.755203285313778,Square,Soft Curls
14.276429466522574,14.057706830452947,17.254885223986754,13.39162856813772,Round,Long Straight
14.494852691299007,11.404923878832799,17.560893876041025,13.549198266685881,Heart,Chin-Length Bob
13.751479936726673,13.030560718564882,18.138093043580316,13.73309108362222,Diamond,Tousled Waves
14.52492231645401,13.847037317951985,16.884401759329506,13.223857950200841,Square,Soft Curls
14.006406696127373,13.108130648178163,17.30454496085875,13.350265163717369,Round,Long Straight
13.260894860608065,12.706949824700294,18.43599782439591,14.168059133171013,Diamond,Tousled Waves
14.139365775826784,13.410919517808694,17.134971918866622,14.144887877464875,Square,Soft Curls
13.192643235811122,13.855438155837131,18.295243563373404,13.93382169590561,Square,Soft Curls
13.057390330894926,13.186102665074044,16.671336889278212,15.101746270664737,Round,Long Straight
14.087685058221282,13.471987506392853,18.053689083414174,14.437758926976075,Diamond,Tousled Waves
13.916646835480362,10.904233885880165,19.0471358453251,13.426233659580006,Oval,Side Swept Bangs
15.003815005998616,11.275893564292465,17.16946639527445,13.954064667419782,Heart,Chin-Length Bob
14.443409662111556,11.827856693261415,18.74007590001995,13.129890198451134,Heart,Chin-Length Bob
13.746960640051789,14.293597492009418,17.304548481897758,13.668842504543054,Round,Long Straight
13.534973226078105,13.70445271302324,17.138740424801853,14.146433736767442,Square,Soft Curls
14.518322696539313,11.658141282301486,17.38540057934828,13.445663543821473,Heart,Chin-Length Bob
13.020732346337121,14.058618444876018,18.120144244087072,13.299613471080889,Square,Soft Curls
14.703683057910975,11.189708940703033,18.22176732498893,13.556903723749011,Heart,Chin-Length Bob
13.61478027634087,13.224789172245035,18.875348797767977,14.020722873589085,Diamond,Tousled Waves
14.131952588818622,10.513062362383746,18.285444398466765,13.552385200452804,Oval,Side Swept Bangs
14.290301103047186,11.15508823729048,17.91475318164671,13.507043801551191,Heart,Chin-Length Bob
14.96938299882484,11.292870875171435,16.805175226525193,13.30361507133252,Heart,Chin-Length Bob
13.738028031414599,11.72993016168936,16.961400835351206,13.000891041333482,Heart,Chin-Length Bob
13.811876031751336,14.794716688755866,16.967225139820965,14.031827461082946,Square,Soft Curls
14.449903708977853,13.787724316952826,19.398040845924104,13.667535799945659,Oblong,Curtain Bangs
14.384965418639474,13.346101012681938,17.701837430324893,14.457891504143324,Square,Soft Curls
14.005658910865085,10.241653366935592,18.030357073296592,13.797745045012782,Oval,Side Swept Bangs
13.948791141360768,13.813495749121863,16.860165171022352,13.991170549171242,Square,Soft Curls
14.222646432303822,11.63925239383535,17.231618711334733,13.566239354806765,Heart,Chin-Length Bob
13.595442314265947,12.859564770652792,16.331886541818104,13.428063074946024,Round,Long Straight
14.382966284931578,10.521975139922729,18.660579664698798,13.61074864403119,Oval,Side Swept Bangs
13.43162027081776,14.033526306998018,16.76317708707554,14.249014869482028,Round,Long Straight
14.407292434912904,11.708856285070636,17.70425078911952,13.670812947669491,Heart,Chin-Length Bob
14.483070121659384,10.799132621195504,18.02125759993813,12.775445266763485,Oval,Side Swept Bangs
13.321490106648596,14.03887570328427,16.90335757104484,14.068349960566772,Round,Long Straight
13.280336684187262,13.528449028279978,16.48025597919258,13.58004643739189,Round,Long Straight
14.298212694010783,11.745413140582286,18.094196867435397,13.760689721322416,Heart,Chin-Length Bob
13.239203323817875,13.97881210548111,17.416483760383173,13.244875646625955,Square,Soft Curls
13.828654833311852,13.367704780966152,17.227941697282617,14.062893386951131,Round,Long Straight
13.256991400921848,13.544289082532078,17.130391686718422,13.81950427300275,Diamond,Tousled Waves
13.675407217175433,11.031234789932215,18.080437940733766,12.862337817035645,Heart,Chin-Length Bob
12.929065256867368,14.084687915552548,17.554121345445353,14.657656547350614,Diamond,Tousled Waves
13.900706222235113,13.706163601155344,17.80803308587654,14.706488544986327,Square,Soft Curls
13.44571416990108,13.713834972035272,17.95165672161719,14.172237464965276,Square,Soft Curls
13.876257077729784,13.391894005810197,19.111262561648484,13.938206198548189,Diamond,Tousled Waves
14.084790035450947,14.15160259197171,17.44432459985125,14.457599162165854,Square,Soft Curls
14.590914928504398,11.925936225521125,18.29403774548081,13.68769171025381,Heart,Chin-Length Bob
14.077655302724331,12.981130939923425,16.71048609533777,14.447412010840702,Round,Long Straight
14.646282775200019,12.961300852777669,17.226197373931864,14.037541706801688,Square,Soft Curls
13.838718370350616,12.889720879130133,19.24084468345894,13.853838525236581,Oblong,Curtain Bangs
12.778889943521119,13.408377089288056,17.204431664280268,14.415541281970723,Round,Long Straight
14.340650932670265,13.895699780708014,19.009357752031004,13.750884658327264,Oblong,Curtain Bangs
13.936267875245132,13.23252029898737,18.3649392946288,13.593758093839488,Oblong,Curtain Bangs
13.417833848266312,13.333522330206296,18.068293114880177,14.137549985959595,Diamond,Tousled Waves
14.02419717274294,12.989106755727272,16.52218595973338,14.007891934182927,Round,Long Straight
14.818558162672609,11.21878402874414,18.680060022357015,13.892197540345142,Oval,Side Swept Bangs
13.74424334036016,12.570388073385184,18.12159810748813,13.45595440964409,Heart,Chin-Length Bob
14.403943257786773,10.030662609537988,18.01972949288365,14.255239268688898,Oval,Side Swept Bangs
13.792759621053557,12.817404969696003,18.629892898614763,12.791537181351417,Oblong,Curtain Bangs
14.4894298627103,12.084174429057953,17.502622480711093,12.814286493596288,Heart,Chin-Length Bob
14.63359553855655,10.451262274639108,19.09103992512669,13.304337385504475,Oval,Side Swept Bangs
14.363353867026541,11.43253231991969,17.858632089577867,13.289707281401187,Heart,Chin-Length Bob
14.228570845822656,10.53758145424265,17.525578787948366,13.826701646998584,Heart,Chin-Length Bob
13.781872143451302,13.025899485784976,18.861168273170907,13.836885788846718,Diamond,Tousled Waves
13.813838550251772,9.812573619620917,19.217630777222016,13.337108924784424,Oval,Side Swept Bangs
13.198096727164414,12.34577317194594,16.785841205597983,14.226109883582515,Round,Long Straight
14.135842138041586,10.05224597746782,18.179433060879,13.986952481970693,Oval,Side Swept Bangs
13.623559858588127,12.960117623609657,19.622754498810824,13.438328501040594,Oblong,Curtain Bangs
13.530182157314343,12.960090011686022,18.237340410140316,13.588035922966846,Diamond,Tousled Waves
13.847048298510918,12.789455621509495,19.401311069609267,13.226376124925343,Oblong,Curtain Bangs
13.981689879608712,13.572259290279005,17.193534859799268,13.893389428741314,Round,Long Straight
14.261975889732964,11.08222838596844,17.093691928984725,12.936098863666238,Heart,Chin-Length Bob
14.302978528833183,9.83231283200609,17.690233627242108,13.906112998558406,Oval,Side Swept Bangs
